Test_ID,Time_s,Phase,World_X,World_Y,World_Z,Force_Mag_N,Force_X_N,Force_Y_N,Force_Z_N,Torque_X_Nm,Torque_Y_Nm,Torque_Z_Nm,TCP_X,TCP_Y,TCP_Z,TCP_Rx,TCP_Ry,TCP_Rz,Rod_Length_m
Run_0615_214945,6.498612642288208,Phase_0_Cal_Plunge,0.15069572022588731,-0.6003660654794212,0.3009633557335413,0.34756436323845596,-0.30683997971283067,0.005620513082741391,-0.16315214762873867,0.0010449630843802954,-0.016487405803684334,-0.015251164011483508,-0.10625526406033053,-0.6003660654794212,0.31937119539536196,-1.75617022032933,-1.7587988847658955,0.7333911976019406,0.16334566119801341
Run_0615_214945,6.600565671920776,Phase_0_Cal_Plunge,0.15072602687072878,-0.6004491702192485,0.29842529040716653,1.9230707067465724,-0.8077883861039113,0.5144246162877113,1.66764689925045,0.018060734399761434,0.0895710895629794,0.0071802313126320605,-0.10443915082287408,-0.6004491702192485,0.3175979422260703,-1.7557639353425547,-1.7589849811929643,0.7333803004688376,0.16334566119801341
Run_0615_214945,6.7023398876190186,Phase_0_Cal_Plunge,0.1507291750736376,-0.6003672428416256,0.2934966575742942,0.3727921957322495,0.07523691530474161,0.2934940790463155,-0.21719726825872843,0.024528185378537813,-0.017096516554305764,-0.0072415947107229975,-0.10095185500914601,-0.6003672428416256,0.314115098643593,-1.7561395242314617,-1.7588255102742159,0.7334029552778507,0.16334566119801341
Run_0615_214945,6.803293466567993,Phase_0_Cal_Plunge,0.15076245619054018,-0.6003843443198916,0.28835870042104617,0.5251857947359058,-0.43697520195844486,0.23200545667936837,0.17619948903660013,0.03061074522549663,0.0212246453823228,-0.013690705714841336,-0.09729523736119114,-0.6003843443198916,0.3105055476025327,-1.7561072921390584,-1.7588630085467778,0.7335077542962533,0.16334566119801341
Run_0615_214945,6.90491509437561,Phase_0_Cal_Plunge,0.15071961055401184,-0.6003658028870064,0.2833433867051708,0.6380145330864739,-0.364337226857628,0.29644440740647265,-0.4317888869258564,0.02171589714412252,-0.009612653553084514,-0.028166792619425146,-0.09377917146305119,-0.6003658028870064,0.30692888882412583,-1.7560589471838273,-1.758863299666298,0.7334024063145441,0.16334566119801341
Run_0615_214945,7.0069732666015625,Phase_0_Cal_Plunge,0.15071105900978776,-0.6003388130832267,0.27830479810818337,0.5970382671145305,-0.14937231583949373,0.554986327760321,-0.16165636287811705,0.01811354345374482,0.0032871346507305516,-0.017513235372583848,-0.09022239815342263,-0.6003388130832267,0.30336002180467636,-1.7561019647981126,-1.7588079026426453,0.7333987903064285,0.16334566119801341
Run_0615_214945,7.108456611633301,Phase_0_Cal_Plunge,0.1507092016365999,-0.6003656566823334,0.27317947953858446,0.38510186351187214,-0.11057903301765039,0.07899380886412949,-0.3603272136521683,0.0229729521377526,-0.030014346414637752,-0.01657557508986117,-0.08659956399829424,-0.6003656566823334,0.2997345609271953,-1.7561750186987701,-1.7587922428657938,0.7334061448860892,0.16334566119801341
Run_0615_214945,7.208651304244995,Phase_0_Cal_Plunge,0.1507389261806642,-0.6003548081065674,0.2682393795398639,0.29229962947253324,-0.2903863612297743,-0.025130421847392417,-0.021984005533190992,0.019912797554826247,0.010405990385697525,-0.011166859258110569,-0.08308536736278373,-0.6003548081065674,0.2962624011450359,-1.7562103516271155,-1.7587541699780793,0.7335382136851526,0.16334566119801341
Run_0615_214945,7.310218811035156,Phase_0_Cal_Plunge,0.15068845217712462,-0.600358202812232,0.26305694973264027,0.43670015148988367,-0.4019205233782759,0.10006815518445822,0.1383953738988384,0.019578694981170857,-0.001101027190360206,-0.025199367578421047,-0.07945652661324908,-0.600358202812232,0.2925621793751483,-1.7559801719652814,-1.7588524232006524,0.7333394563296255,0.16334566119801341
Run_0615_214945,7.411640167236328,Phase_0_Cal_Plunge,0.15076212648061618,-0.6003680696118584,0.25794405840196005,0.43590250573116796,-0.41621874227582434,0.05676266086240614,-0.11640856245509297,0.01204582260407058,-0.010660064233621461,-0.011980262791756352,-0.07578907088225711,-0.6003680696118584,0.2889989148433525,-1.7560643134657719,-1.758921340800528,0.7334504218369791,0.16334566119801341
Run_0615_214945,7.513190984725952,Phase_0_Cal_Plunge,0.15069347190990165,-0.6003731479697975,0.2529156687670583,0.42604745870198135,-0.31943021795005894,-0.04725516076773537,0.27793474541267743,0.0195866124624703,0.004470238822062098,-0.01668544326451798,-0.07228200858548162,-0.6003731479697975,0.2853947603215536,-1.7561887508452065,-1.758745994663569,0.7334283509233793,0.16334566119801341
Run_0615_214945,7.6145124435424805,Phase_0_Cal_Plunge,0.15069926843497303,-0.6003664845936809,0.2478690972534325,0.4344376455052678,-0.4320043934292463,-0.02838111283297791,-0.03609410373387191,0.027888724175552347,0.004574353588533266,-0.016756251556984854,-0.0687094448842687,-0.6003664845936809,0.2818303941447112,-1.7560948287784264,-1.7587864177732957,0.7334024806138838,0.16334566119801341
Run_0615_214945,7.716145038604736,Phase_0_Cal_Plunge,0.15066969936134472,-0.600352964200066,0.24278581197673071,0.42801980777362836,-0.31108134706249546,0.06277129630179631,-0.2872091845971314,0.020624023933765966,0.008955323977216914,-0.02099909703860284,-0.06513592788688308,-0.600352964200066,0.2782150601623737,-1.7561025501439567,-1.758777851114147,0.7333243068803341,0.16334566119801341
Run_0615_214945,7.8176751136779785,Phase_0_Cal_Plunge,0.15069233966063053,-0.6003398592839193,0.23770986546923967,0.5216032916220822,-0.2359232797298355,0.4157082561268738,-0.20879857686407294,0.019813802610298973,0.0015573234003489022,-0.028708797083147913,-0.06153068258134292,-0.6003398592839193,0.2746418330751397,-1.7561988704773461,-1.7587395622977924,0.7334023537961368,0.16334566119801341
Run_0615_214945,7.918796062469482,Phase_0_Cal_Plunge,0.15074346204052327,-0.6003465218303908,0.23266774950447497,0.10871107059059658,-0.058104925097654025,0.06502992559628018,0.06490780635094635,0.029711900849514417,-0.0035994093802657265,-0.011800470185584427,-0.057929219209636285,-0.6003465218303908,0.2711126676664182,-1.7560741503547943,-1.7588667962318543,0.7334570998306309,0.16334566119801341
Run_0615_214945,8.020251989364624,Phase_0_Cal_Plunge,0.15070151946102922,-0.6003570592396529,0.22758815759641318,0.5498309275625358,-0.47433410663575276,-0.27494598930472774,-0.041544038700941914,0.02793316792660618,-0.009960774701400062,-0.01908712459519879,-0.0543670632081662,-0.6003570592396529,0.26749119590018666,-1.7561627222414091,-1.7587917278824765,0.7333986616370868,0.16334566119801341
Run_0615_214945,8.121994733810425,Phase_0_Cal_Plunge,0.15076263721224312,-0.6003622567257269,0.22250329931423832,0.32442828663847456,-0.095857806421287,0.2530625650356966,-0.17895343611350173,0.026749904126882978,-0.011100668689720865,-0.027595924048143792,-0.05072830865913355,-0.6003622567257269,0.26393887490382245,-1.756140261636319,-1.7588862251790636,0.7334630000826311,0.16334566119801341
Run_0615_214945,8.223510026931763,Phase_0_Cal_Plunge,0.150707229405117,-0.6003406227969621,0.2174183916673811,0.19463244587504325,-0.07493303971841066,0.054827120044029835,0.1710579301100603,0.02707512070923797,-0.0006111869184950897,-0.01377253745170511,-0.047171915216483035,-0.6003406227969621,0.26030412298887284,-1.7562495878079494,-1.758773653470213,0.7334067173339283,0.16334566119801341
Run_0615_214945,8.324962854385376,Phase_0_Cal_Plunge,0.15068485984000732,-0.6003604723690289,0.21241242589919745,0.4368485182841202,-0.3112277842565213,-0.25742304246622244,-0.16645501326556952,0.03441541554793798,-0.007441231774390593,-0.007043758539594973,-0.04364798054659391,-0.6003604723690289,0.2567485529766212,-1.7562132723892327,-1.7587566722020573,0.7333643675372631,0.16334566119801341
Run_0615_214945,8.426360130310059,Phase_0_Cal_Plunge,0.15073079588643287,-0.600362995481022,0.20727459144412333,0.24092499849727178,-0.08052907008971308,0.1763489995603553,0.14304179153470603,0.03617125693778333,-0.0019730960188795187,-0.02777133340765325,-0.039982501272868676,-0.600362995481022,0.2531480370827528,-1.7561578740433332,-1.758840228077158,0.7334175261257164,0.16334566119801341
Run_0615_214945,8.528115510940552,Phase_0_Cal_Plunge,0.15068907948703653,-0.6003648908296298,0.20210050225672072,0.20916650333567863,-0.14858354248475808,-0.14708098405263262,0.006382879480593517,0.03454005472484156,-0.01322389646568444,-0.020424147401144416,-0.036353365670892146,-0.6003648908296298,0.2494599055829766,-1.755964335627511,-1.7588900861538181,0.7333024915996715,0.16334566119801341
Run_0615_214945,8.629574537277222,Phase_0_Cal_Plunge,0.15068160457865745,-0.6003582761355603,0.1971125236273727,0.0635463674874359,0.046956598817784585,-0.03871331583865146,-0.018289281699692333,0.03620112663658147,0.005142945501740677,-0.0204336917743543,-0.03283161771607018,-0.6003582761355603,0.2459275865113474,-1.7561453012738184,-1.7587604978062825,0.7333729656366687,0.16334566119801341
Run_0615_214945,8.731067895889282,Phase_0_Cal_Plunge,0.15074096327436737,-0.6003500660758474,0.19211647440204224,0.1611580131972052,-0.11113693926193241,0.11052821975132619,0.03746996914547256,0.04165393455479245,0.001649129331285629,-0.020617630624057446,-0.029256904493438346,-0.6003500660758474,0.24243681916123333,-1.7562550435685085,-1.7587951054267796,0.7334579144157806,0.16334566119801341
Run_0615_214945,8.832377910614014,Phase_0_Cal_Plunge,0.15071446605816183,-0.6003508861477127,0.18703011580383466,0.4822061697636246,-0.1389537603001289,-0.2595132858058467,0.38192603622535715,0.03940722525581095,0.01014007245792824,-0.026210968771240434,-0.025679042198360758,-0.6003508861477127,0.23882148414363275,-1.7561891819881352,-1.758763417862934,0.7334239819676626,0.16334566119801341
Run_0615_214945,8.933963060379028,Phase_0_Cal_Plunge,0.15068036596480464,-0.6003438434063162,0.1819169711744986,0.5160761202590763,-0.12713433548828873,-0.4897832711407546,0.10140892442124609,0.03696227888545118,-0.005435085946101009,-0.021823319742841185,-0.0220876153650216,-0.6003438434063162,0.23518183249578967,-1.756141114282787,-1.7587870784367203,0.7333421487754795,0.16334566119801341
Run_0615_214945,9.03529691696167,Phase_0_Cal_Plunge,0.15076188889019881,-0.6003662639740165,0.17678124725828995,0.09725230831078059,-0.0548528583072412,-0.04497434380512385,0.06653182551681085,0.035366652640384175,-0.0031801585291690985,-0.013824682236321315,-0.018398464744200177,-0.6003662639740165,0.231607972701705,-1.756183369204343,-1.7588661076107066,0.7334870284387693,0.16334566119801341
Run_0615_214945,9.136577367782593,Phase_0_Cal_Plunge,0.15072242936405095,-0.6003444328046845,0.17177795455956968,0.2571649504243582,-0.00831673731170068,-0.15637333685971183,0.20399025252842318,0.036888996233522424,-0.003982880956660802,-0.020526718488273674,-0.014888504647195488,-0.6003444328046845,0.22804220840765718,-1.7561755358551343,-1.7588271383023635,0.7333895394290567,0.16334566119801341
Run_0615_214945,9.238297462463379,Phase_0_Cal_Plunge,0.15064699605101514,-0.6003303353065381,0.16663534539435568,0.20547000361961595,-0.03139182301224175,-0.1768141797153938,0.09984598983927949,0.036902685786299294,-0.00022033828498483772,-0.041931809857216985,-0.011305470240655563,-0.6003303353065381,0.22435249518676728,-1.7560371383762081,-1.75880583745367,0.7332229673116665,0.16334566119801341
Run_0615_214945,9.33949327468872,Phase_0_Cal_Plunge,0.1506928396287669,-0.6003550820234185,0.1616056138687441,0.2528265721670678,-0.22144353433716807,0.05251242678034386,0.11012030570086526,0.041017668773850144,-0.004666236075217774,-0.024616400497251584,-0.007716496666645756,-0.6003550820234185,0.2208283542221617,-1.75611111262342,-1.758773885705138,0.7334006643229477,0.16334566119801341
Run_0615_214945,9.440742015838623,Phase_0_Cal_Plunge,0.15069366593185785,-0.6003712245036165,0.1566156726497248,1.926348387593387,-1.720738673057102,0.7752589009682108,0.38581104947744527,0.02880333865464171,-0.014459752387667292,0.027267771330599135,-0.004187491108435998,-0.6003712245036165,0.21730051723298982,-1.7562326922675429,-1.7587512479305911,0.733405991891383,0.16334566119801341
Run_0615_214945,9.542238473892212,Phase_0_Cal_Plunge,0.1507563320214093,-0.6003700180912923,0.15150557886709765,2.380455962705003,-2.0348968816165116,1.160994711800046,0.42173042424933943,0.03349542907774655,-0.018295202655633454,0.032656061387474504,-0.0005297975253688303,-0.6003700180912923,0.21373144688366721,-1.7561491009074572,-1.7588522458520424,0.7334910345827026,0.16334566119801341
Run_0615_214945,9.643273115158081,Phase_0_Cal_Plunge,0.15079090267377018,-0.6003654769086144,0.14646113969679583,2.528380635851256,-2.3217217688491965,0.9723157730864647,0.23857641376848152,0.03778318740784725,-0.028323096635765026,0.014466954577517508,0.003061604761949027,-0.6003654769086144,0.21018893488177817,-1.756112745984155,-1.758929043609088,0.7335160820256464,0.16334566119801341
Run_0615_214945,21.617330312728882,Phase_1_Yield_to_45,-0.15918037005584496,-0.601552974243791,0.2357725219049693,0.4004039662733925,0.37666220928083194,0.04463302298384873,0.12828409709106595,-0.008164889039262754,-0.002760100581577479,0.004950131821364445,-0.27927386815472965,-0.601552974243791,0.054158829958185606,-1.7551522067787098,-1.7618046369965137,0.7321021810289137,0.16334566119801341
Run_0615_214945,21.718719005584717,Phase_1_Yield_to_45,-0.15758054196675825,-0.6015717837329477,0.23496867645800176,0.6423464074203459,-0.07571391331346583,0.35760195987124166,0.5282018068435897,0.036220381236510946,0.0028362927134779757,0.0020966301345393084,-0.277574214297627,-0.6015717837329477,0.054721674682134874,-1.7550147088679404,-1.7620032148018032,0.732133115622878,0.16334566119801341
Run_0615_214945,21.820040464401245,Phase_1_Yield_to_45,-0.1557328318048546,-0.6015078276562138,0.23425956923038074,0.9145316089990218,0.6176383815978856,0.36914228327611004,0.5644686600097336,0.039972978639681786,0.003945652136479569,0.017768062090031945,-0.27576627138323845,-0.6015078276562138,0.05552678853804502,-1.755048707594468,-1.761899642760401,0.7320212018687725,0.16334566119801341
Run_0615_214945,21.921276807785034,Phase_1_Yield_to_45,-0.15388701204715485,-0.6015413485339617,0.23351608640670268,0.7219314629939612,0.47965592389808487,-0.07942864508668951,0.5336724859591025,0.042023973829122964,-0.0016957707886562238,0.007405184384178676,-0.2739353579694024,-0.6015413485339617,0.05630625845924414,-1.7551176614915325,-1.7618775908540951,0.7320758944980182,0.16334566119801341
Run_0615_214945,22.023486852645874,Phase_1_Yield_to_45,-0.15200077334077727,-0.6014997368821484,0.23269752845659505,0.1527389190998155,0.14980075371973167,-0.027945310488315372,-0.010390919809715168,0.039399888358884826,-0.01134463328155608,0.0034103698328832766,-0.27202277791187096,-0.6014997368821484,0.05706122276214501,-1.755120301267826,-1.7618659110003223,0.7320621624646688,0.16334566119801341
Run_0615_214945,22.124565601348877,Phase_1_Yield_to_45,-0.15013377011627588,-0.6014960842167847,0.23197641714695222,0.5421768631090617,0.3919424587965111,0.23551501248452905,0.2913237696751496,0.03330220829028903,-0.00013757478182929115,0.010395672449048477,-0.2701927045742901,-0.6014960842167847,0.057871490705648315,-1.7551864398205845,-1.7618117475033164,0.7321199169138544,0.16334566119801341
Run_0615_214945,22.225811004638672,Phase_1_Yield_to_45,-0.14823297932039695,-0.6014999259707812,0.2311941536698351,0.6098591971517058,0.48604664574567746,0.09469606821890617,0.35597689977550406,0.029509564575737217,-0.007737136186518129,0.001423849352068936,-0.26829549870356306,-0.6014999259707812,0.05866240895768721,-1.7551757989619494,-1.761812544824861,0.7321675472236767,0.16334566119801341
Run_0615_214945,22.327431440353394,Phase_1_Yield_to_45,-0.14638447823496353,-0.6014886030827782,0.23035532401361614,0.2795421716260127,0.06268795901661817,0.2235772416066546,0.15565109234206337,0.026498683249382444,0.004019992435317985,0.002889911192614349,-0.2663952689128496,-0.6014886030827782,0.059376354472055054,-1.7551024365558918,-1.7619013805741846,0.732104214179228,0.16334566119801341
Run_0615_214945,22.4291775226593,Phase_1_Yield_to_45,-0.1444825636116937,-0.6014833205079921,0.2295742625993481,0.47465703810423526,0.2625909129048975,0.390155430292508,0.06421881729622464,0.023461809892781373,-0.003268981235416513,0.00786596108459421,-0.26449811836294557,-0.6014833205079921,0.060168917376854925,-1.755069408349984,-1.761913484634964,0.7321510975914112,0.16334566119801341
Run_0615_214945,22.52973771095276,Phase_1_Yield_to_45,-0.1426786168888821,-0.6014430117446303,0.2288483121959107,0.5577514568760107,0.5068525385742018,0.21232347573736662,0.09542501474458157,0.02695286524876528,0.00786023367442104,0.02076977853789531,-0.2627092109492705,-0.6014430117446303,0.060931175884378574,-1.7551842006855205,-1.76178931082076,0.7321358629758569,0.16334566119801341
Run_0615_214945,22.630946159362793,Phase_1_Yield_to_45,-0.14077988387025223,-0.6014641571388253,0.2280653059956317,0.5604962580833004,0.5289963585847907,0.02058238486145648,0.18410669016314457,0.030438811266606018,-0.004144925277976577,0.020787731991184024,-0.26081293496220614,-0.6014641571388253,0.06172011388358617,-1.7552039392323977,-1.7617936306155872,0.73219744648848,0.16334566119801341
Run_0615_214945,22.732458114624023,Phase_1_Yield_to_45,-0.13892005729445842,-0.6014242035155339,0.22730816801500373,1.6617946473895628,-0.9194362341267001,0.3832373437545045,1.330160742098302,0.026600492701385394,0.26458955983670684,0.01662500247414293,-0.25896246157823544,-0.6014242035155339,0.06249983246676499,-1.755203282220617,-1.7616872566382884,0.7321963268362802,0.16334566119801341
Run_0615_214945,22.83374261856079,Phase_1_Yield_to_45,-0.13709315651135157,-0.601418925947077,0.226490146265195,2.119096236628038,-1.5106348779095635,0.41307182938024894,1.4275583313850002,0.02660501598543725,0.31751093407765874,0.022641298977591387,-0.2570922189194978,-0.601418925947077,0.06321321767260701,-1.7552694416567423,-1.761729514602668,0.7321553941764274,0.16334566119801341
Run_0615_214945,22.934146881103516,Phase_1_Yield_to_45,-0.13524499430945292,-0.6013950420045373,0.22567826232327334,3.1937224424750834,-2.4709560824595656,0.53472626312387,1.9514883811211055,0.01475843021928096,0.4579905780886624,0.012653703198464721,-0.2552112822529333,-0.6013950420045373,0.06394597705743293,-1.7551542385291086,-1.7617764300490766,0.7320666038421433,0.16334566119801341
Run_0615_214945,23.034459829330444,Phase_1_Yield_to_45,-0.1333370310076973,-0.6014102667013449,0.224936308701825,4.220576352605606,-2.6650509979242245,0.6162089201806078,3.21419577706875,0.015669668722546985,0.732485745030452,0.015998624595642705,-0.25333750802695476,-0.6014102667013449,0.06477047040930736,-1.7551398664558224,-1.761767007549652,0.732222202574812,0.16334566119801341
Run_0615_214945,23.13498020172119,Phase_1_Yield_to_45,-0.1315390906975383,-0.6013557093011668,0.22416145666581824,4.740094410402761,-3.17688529319714,0.8836080723067591,3.405162496556303,0.035938948996096225,0.7844734362306861,-0.012184040198886944,-0.2515182691123961,-0.6013557093011668,0.06549390306571287,-1.7551708347524606,-1.7617662785525454,0.7320663456403393,0.16334566119801341
Run_0615_214945,23.23672318458557,Phase_1_Yield_to_45,-0.12963125024802197,-0.6013564449566406,0.2232815491480685,3.374107944016642,-3.1268840903124695,0.12872286575279282,1.2612020962000339,0.016077398540426502,0.6320047027203523,0.021381921670457472,-0.2495470336205033,-0.6013564449566406,0.06622076141236999,-1.7550705193347789,-1.761903069770012,0.7320388801493115,0.16334566119801341
Run_0615_214945,23.338069677352905,Phase_1_Yield_to_45,-0.1277307376166826,-0.6013531375678449,0.22253008552658743,3.3586315566542204,-3.18963339122677,0.07406781431671268,1.0493611017219533,0.019020738295184882,0.6221117979717231,0.01963404841109056,-0.24767180322858828,-0.6013531375678449,0.06703326175915647,-1.7551325191429406,-1.761833626812348,0.7321305181880373,0.16334566119801341
Run_0615_214945,23.43834114074707,Phase_1_Yield_to_45,-0.1258472352785269,-0.6013810231372572,0.2218945629433659,3.112947501312866,-3.0433161217286564,-0.44851513454392117,-0.4769730634338951,0.02964611764639328,0.6066972432475294,0.04473727827501345,-0.24589058362470453,-0.6013810231372572,0.06791571670665397,-1.7552628100222596,-1.7619946957425927,0.7321085206845797,0.16334566119801341
Run_0615_214945,23.53902530670166,Phase_1_Yield_to_45,-0.12407160808157218,-0.6013252158800141,0.22115905862648155,4.152084469521805,-3.552387346963689,0.35885706838102716,2.119332721318063,0.02252806594292822,0.7714795126285136,-0.002206580043750164,-0.24411494550281768,-0.6013252158800141,0.06865119464841901,-1.7552075311248672,-1.7617758392070748,0.7321114595816572,0.16334566119801341
Run_0615_214945,23.639440298080444,Phase_1_Yield_to_45,-0.12224296305118978,-0.6013088615431362,0.220392413688896,3.942640662544812,-3.4233747290098724,0.32195233193361944,1.9290587224578937,0.0358614754061852,0.7759855276847429,-0.0016209879312421018,-0.2422797983673221,-0.6013088615431362,0.0694021421156564,-1.7551810254189957,-1.7617933480068602,0.7320795484545357,0.16334566119801341
Run_0615_214945,23.739996194839478,Phase_1_Yield_to_45,-0.12033095652119805,-0.6012918759891972,0.2196014134651154,3.9911240433226363,-3.639599600124395,0.07589260578856162,1.6360397893538514,0.019898811001587205,0.7524866942994991,0.014496314005346497,-0.24036848396213667,-0.6012918759891972,0.07019481327653118,-1.7551937850560406,-1.7618237470742166,0.7321078149419383,0.16334566119801341
Run_0615_214945,23.84008002281189,Phase_1_Yield_to_45,-0.11843758603433992,-0.6013213685589509,0.2191190559766255,8.518685036375992,-2.881603940130461,1.2235558526773964,7.922579413081304,0.0499562328092844,1.6620030042190195,-0.04849572711428578,-0.23868859060051348,-0.6013213685589509,0.07119255013601969,-1.755281686591362,-1.7616185361635874,0.7324595602876999,0.16334566119801341
Run_0615_214945,23.941101551055908,Phase_1_Yield_to_45,-0.11671293223804821,-0.6012717546075771,0.21829777266751565,4.342246165840195,-3.177011262104793,0.24945295387174546,2.949487146779563,0.034120427325547584,0.9592164440421184,0.04951989371825821,-0.23688834120880958,-0.6012717546075771,0.0718313295334298,-1.7551050007120215,-1.7619431877863145,0.7319238351201334,0.16334566119801341
Run_0615_214945,24.041332244873047,Phase_1_Yield_to_45,-0.1148613866986301,-0.6012460668305614,0.2175754437800867,4.4215302887233126,-3.6582670108385673,0.4480067865259138,2.4426015824801715,0.03146366121467246,0.9255475460866387,-0.015076746633650705,-0.2350683371476634,-0.6012460668305614,0.0726298062854801,-1.7551167824485938,-1.761838534139063,0.731992968691753,0.16334566119801341
Run_0615_214945,24.141433477401733,Phase_1_Yield_to_45,-0.11296693507950803,-0.6012486998450985,0.21685039061507774,4.687040037776457,-3.332915483169873,0.7137013628162785,3.217242462494901,0.03493911608628132,0.9950681417204476,-0.010799888284443091,-0.23321606755145374,-0.6012486998450985,0.07345669586229253,-1.7551515987249926,-1.761825218796463,0.7321228471655107,0.16334566119801341
Run_0615_214945,24.243460416793823,Phase_1_Yield_to_45,-0.11107452221011901,-0.6012669171067727,0.2160515709096369,4.579434831512038,-3.244030010705389,0.6249988799349663,3.1712567013391584,0.04674151026966436,1.006596604893982,-0.030144355250294706,-0.2313130787480414,-0.6012669171067727,0.07422998300437955,-1.7552256686076688,-1.7618110937916185,0.7322006576888249,0.16334566119801341
Run_0615_214945,24.345016956329346,Phase_1_Yield_to_45,-0.10920977599833095,-0.6012576287310089,0.2153142260983345,6.862815394968623,-3.2065932060120605,0.6091905743850129,6.036959665316316,0.05025260204794036,1.3361761575014905,-0.01695499662162413,-0.22947312254034952,-0.6012576287310089,0.07502717617978219,-1.7551798636288853,-1.7617826358453235,0.7322457105707666,0.16334566119801341
Run_0615_214945,24.445260524749756,Phase_1_Yield_to_45,-0.10741087769281595,-0.6012138260624501,0.21444723298155108,4.260340938488291,-3.5272096995115887,0.32126803189427133,2.3677169382156817,0.04099314247403094,0.9685330119711982,-0.009211596901749624,-0.22758805263773524,-0.6012138260624501,0.07568613265815721,-1.7550475142680462,-1.7619543865326635,0.7320081036440127,0.16334566119801341
Run_0615_214945,24.547058820724487,Phase_1_Yield_to_45,-0.1055044049236901,-0.6012054022580476,0.21373120767820297,5.307949146402113,-3.8833584345610306,0.501913340650203,3.5835644835822302,0.030287424686147858,1.0919161834597344,-0.025396343892597414,-0.22573366646704024,-0.6012054022580476,0.07652790613385499,-1.7551546488150227,-1.7618311970734641,0.7321222790849924,0.16334566119801341
Run_0615_214945,24.648435354232788,Phase_1_Yield_to_45,-0.10363904209153058,-0.6012059532529856,0.21296854758891964,5.385140410341525,-3.5375096131693033,0.7838035268584801,3.9838944523057167,0.052192401328997336,1.1546824858901727,-0.04737147326046526,-0.22387537363817434,-0.6012059532529856,0.07730763472097574,-1.7552366532105863,-1.7618024405820225,0.7321603744793536,0.16334566119801341
Run_0615_214945,24.750504970550537,Phase_1_Yield_to_45,-0.10179705134294384,-0.6011626509593551,0.21212165244039916,5.2884525964097335,-3.4842019266969477,0.7972260034369713,3.897755571853889,0.028115738212280972,1.1377341519001785,-0.017097738346433227,-0.22197404418649294,-0.6011626509593551,0.07801127356771151,-1.7552147015996478,-1.7617795086089723,0.732083477656753,0.16334566119801341
Run_0615_214945,24.851924180984497,Phase_1_Yield_to_45,-0.09989028196163896,-0.6011780078999727,0.2113043469910198,5.238105926746278,-3.3709573702748754,0.5686497076529486,3.968757691972413,0.04273864553674612,1.1548508978788945,-0.035256586792971834,-0.22004783240125653,-0.6011780078999727,0.07878164090183418,-1.7551376041328006,-1.7618476750787464,0.732115602967877,0.16334566119801341
Run_0615_214945,24.953199863433838,Phase_1_Yield_to_45,-0.09806761817635157,-0.6011692678232253,0.21056151592613728,5.735403203921811,-3.5577788882776225,0.9061368177568899,4.406356245378718,0.03232602810293209,1.175367042857862,-0.02826439984005336,-0.2182337535956022,-0.6011692678232253,0.07954519794097961,-1.755221323978943,-1.7617465878009513,0.7321699925530244,0.16334566119801341
Run_0615_214945,25.055087089538574,Phase_1_Yield_to_45,-0.09613988784614987,-0.6011695961600824,0.2098047539096709,5.868285960645032,-3.2761651444574893,1.1535644174218744,4.729990612781759,0.0453951989372148,1.3133732612956759,-0.064272223322618,-0.21633553085322982,-0.6011695961600824,0.08037319757617639,-1.7552190239546301,-1.7617854115695606,0.7322824646994534,0.16334566119801341
Run_0615_214945,25.155649185180664,Phase_1_Yield_to_45,-0.09437256117834943,-0.6011174262669606,0.20916562485680104,6.214968243678465,-2.7041464815455645,0.7913634524300005,5.539599801649447,0.03426918049690179,1.4813969285615936,-0.032218501096652155,-0.21463390969451868,-0.6011174262669606,0.08117095376021233,-1.7551874991820324,-1.7617360517169631,0.7321389672162951,0.16334566119801341
Run_0615_214945,25.256131410598755,Phase_1_Yield_to_45,-0.09249222314863668,-0.6011203363753298,0.20853977747807745,6.627402465346959,-3.1502263639931467,0.6050310038359764,5.799351237654666,0.007770945455491483,1.452405211845283,0.034902353047335924,-0.21286176899730258,-0.6011203363753298,0.08205801260646187,-1.7551586041057394,-1.7618250995249902,0.7321058768997039,0.16334566119801341
Run_0615_214945,25.356706619262695,Phase_1_Yield_to_45,-0.09065816337084795,-0.6010910371700166,0.2079168171453349,5.805852139062995,-3.8507278102724203,0.9941263913024542,4.229837716741965,-0.005082549986077853,1.2973055409467487,-0.02497282297238375,-0.2111243934156342,-0.6010910371700166,0.0829143892367453,-1.7551236729940225,-1.761876863399659,0.7320136973477632,0.16334566119801341
Run_0615_214945,25.457955598831177,Phase_1_Yield_to_45,-0.0887648252678964,-0.6011106670771652,0.20722248458141057,6.034442251727226,-3.3310921201117125,1.0047781887844487,4.930389372869394,0.03772385394679254,1.2874874595746562,-0.058220020118596644,-0.20929463393960873,-0.6011106670771652,0.08376221418407168,-1.7551067962481206,-1.7618682040313507,0.7321296120123478,0.16334566119801341
Run_0615_214945,25.558445930480957,Phase_1_Yield_to_45,-0.08692995781480681,-0.6011127540637502,0.20649669420662212,6.101227857818277,-3.0867884580563056,0.38219928961398136,5.248870553866492,0.032840173277556825,1.4024569545978587,0.0019457172102941601,-0.20748397542521776,-0.6011127540637502,0.08454645010699696,-1.7552297909347854,-1.761813623233428,0.7322371348854352,0.16334566119801341
Run_0615_214945,25.660272359848022,Phase_1_Yield_to_45,-0.0851292275428081,-0.6010465797881135,0.2058109670291943,6.4040388568115,-3.723986224686665,0.6151321108657054,5.173514546618904,-0.007599552937022443,1.3843826801953643,0.024316508475784714,-0.20572578450159645,-0.6010465797881135,0.08533487635621204,-1.755174855257406,-1.7617137238181793,0.7321167738054662,0.16334566119801341
Run_0615_214945,25.761943817138672,Phase_1_Yield_to_45,-0.08328012900994092,-0.6010552747065464,0.20506985628472824,5.2411485510288855,-3.326208520039681,0.4492033991233085,4.025442996911481,0.03699010545176019,1.2624274888845406,-0.01363010369090014,-0.2038942299569018,-0.6010552747065464,0.08611834203486235,-1.7552346902562,-1.7618052118435863,0.7321027742188164,0.16334566119801341
Run_0615_214945,25.863754272460938,Phase_1_Yield_to_45,-0.08141752136281181,-0.6010568298843413,0.20425389905286462,5.599056629433849,-3.1756343676638914,0.6562609899127091,4.564438959569717,0.03730209422561631,1.3653528672867057,-0.02899302329951486,-0.20200019856711793,-0.6010568298843413,0.0868584356410283,-1.7551269584995695,-1.7618507310306926,0.7321194070775658,0.16334566119801341
Run_0615_214945,25.964884281158447,Phase_1_Yield_to_45,-0.0795966563729231,-0.6010260988258688,0.2034853137046571,5.7246469673279545,-3.9438104347869536,1.0747477824052574,4.007849717643823,0.03752327598318218,1.24285352685659,-0.0590521132000491,-0.2001691806735043,-0.6010260988258688,0.08760250971136563,-1.7551918109030902,-1.761793407640017,0.7320493676538068,0.16334566119801341
Run_0615_214945,26.065954446792603,Phase_1_Yield_to_45,-0.07775334779857901,-0.6010040692210988,0.20262809211532853,5.597318476121491,-3.936785688677195,0.8340449228348132,3.8905091737780166,0.04491363364807632,1.2544746665757691,-0.07434969760314827,-0.19825961748197254,-0.6010040692210988,0.0882997785053099,-1.7551139652774683,-1.7618324860303407,0.73205812413862,0.16334566119801341
Run_0615_214945,26.166585445404053,Phase_1_Yield_to_45,-0.07588481047581919,-0.6010046827444397,0.20184861180026717,6.2536185632056345,-3.9290353581504505,1.3948336072368261,4.660994045973066,0.05648030850187508,1.3125428125250214,-0.11280115646588541,-0.1963871862535676,-0.6010046827444397,0.08906985810055221,-1.7551855145634687,-1.7617485307047482,0.7321551574093543,0.16334566119801341
Run_0615_214945,26.268245220184326,Phase_1_Yield_to_45,-0.07403261006094032,-0.6009921606257358,0.20097945265493175,6.144050749606236,-3.6403208771033295,1.2837357716676552,4.780109412346484,0.06416432478230998,1.3483915585021111,-0.10795143120793718,-0.19446289445449322,-0.6009921606257358,0.0897649732484326,-1.7551905516870436,-1.76177850584342,0.7321308537911217,0.16334566119801341
Run_0615_214945,26.369213342666626,Phase_1_Yield_to_45,-0.07238055591766719,-0.601008782313177,0.2002307410131163,8.214252603077615,-2.935237423961902,1.8075377774014643,7.455946236086165,0.04254962170293089,1.5926646055966351,-0.08763981729233332,-0.19276529668781645,-0.601008782313177,0.09040373285694736,-1.755138968655442,-1.7617970671307053,0.7322849177930884,0.16334566119801341
Run_0615_214945,26.470117807388306,Phase_1_Yield_to_45,-0.07096850509521647,-0.6009976840062313,0.19944463314154545,7.678530313735446,-3.8379298775752155,-0.19262575633089932,6.647782889939141,0.03547941270898336,1.579688663960376,0.03004957424513709,-0.19121096376914964,-0.6009976840062313,0.09084634136215042,-1.7551061499923564,-1.7619083079103588,0.7321787809409162,0.16334566119801341
Run_0615_214945,26.57111167907715,Phase_1_Yield_to_45,-0.06942566539679616,-0.600957151884114,0.19881486251550934,6.830228381774747,-3.3318507854758606,0.9984539047275116,5.878254833763126,0.07213508936861522,1.479584300681285,-0.11795289846036781,-0.1896746962758506,-0.600957151884114,0.09149197869492501,-1.755209478618299,-1.7618153384303372,0.7320965253228815,0.16334566119801341
Run_0615_214945,26.67242932319641,Phase_1_Yield_to_45,-0.06755214090209678,-0.6009568208426704,0.19819881704964362,6.390414522759529,-3.8047423971824035,1.4365857361259788,4.929254962622442,0.07743946049569025,1.5088248517991796,-0.1465460977085293,-0.1879143044744967,-0.6009568208426704,0.09238115064341315,-1.7551689928925371,-1.7618071137959699,0.7321592896447394,0.16334566119801341
Run_0615_214945,26.77300786972046,Phase_1_Yield_to_45,-0.06576521279488157,-0.6009238816062001,0.19761013721338008,6.6693404507901315,-4.057531411007649,1.2187625685710248,5.150840581757694,0.058890908396163094,1.4848622065400199,-0.13407966564456283,-0.18623449598822223,-0.6009238816062001,0.09322844012134815,-1.7551701402183402,-1.7618307585414865,0.7320450466586307,0.16334566119801341
Run_0615_214945,26.873162269592285,Phase_1_Yield_to_45,-0.06396049404266414,-0.6009420197564115,0.19694365834635488,7.44441287477044,-3.9319384663147425,1.67438849061479,6.095536574384496,0.05224644577222663,1.5345925944226875,-0.16480061193842938,-0.1844870953940037,-0.6009420197564115,0.09403329726278456,-1.7551516928952695,-1.761802713652433,0.7321183087185392,0.16334566119801341
Run_0615_214945,26.975238800048828,Phase_1_Yield_to_45,-0.062130583637403765,-0.6009153811859148,0.1962223740838641,7.882148525674844,-3.2326342767494376,1.5035467588984712,7.0297715579802915,0.07252352888353586,1.7782944761019697,-0.13523534881177512,-0.18268312834430991,-0.6009153811859148,0.09481721432613763,-1.7551095297008064,-1.761755854182091,0.732164258240824,0.16334566119801341
Run_0615_214945,27.077096700668335,Phase_1_Yield_to_45,-0.06030666996526982,-0.6008747872776857,0.1956284996348096,7.508541553572275,-3.7096085759917155,1.7974022627524333,6.275854171385973,0.06081469581091122,1.6739826342151827,-0.14166580914082566,-0.18097349396834528,-0.6008747872776857,0.09568698340190254,-1.7551717506120066,-1.7617853991355918,0.7320668369471595,0.16334566119801341
Run_0615_214945,27.178655862808228,Phase_1_Yield_to_45,-0.05862987025306799,-0.6008830462851105,0.19496248207587055,7.3714340341360565,-1.5120963327049073,1.114010166127378,7.128154442070163,0.09406366556252624,1.745581213729282,-0.14753992514224884,-0.1793168719888406,-0.6008830462851105,0.09640171431677699,-1.7550923054712901,-1.7618652123225782,0.7320372190636654,0.16334566119801341
Run_0615_214945,27.280436277389526,Phase_1_Yield_to_45,-0.0570994240322815,-0.6008886241508826,0.19439518533458777,7.447485812844128,-1.296372710159477,1.2493167910344314,7.2265946533971155,0.09892574748199567,1.7984921607485382,-0.17017592721752547,-0.17783354371517507,-0.6008886241508826,0.09708276384503037,-1.7552040490374636,-1.761780497580396,0.7321630667859098,0.16334566119801341
Run_0615_214945,27.381764888763428,Phase_1_Yield_to_45,-0.055649595768726814,-0.6008932364602685,0.19381542502620058,8.024867549453726,-3.6470369598345624,1.541422872852583,6.980088547212206,0.0816641573630068,1.8096676828561682,-0.1596035419324783,-0.17639840787293626,-0.6008932364602685,0.0976979947962224,-1.7552375219122551,-1.7617651020964336,0.7322018408528909,0.16334566119801341
Run_0615_214945,27.483635425567627,Phase_1_Yield_to_45,-0.05390503131913184,-0.6008454704539717,0.19306923348142757,7.283664706948281,-4.177634876275889,1.3756962909722843,5.805738378429778,0.06317053127316044,1.7474463214748444,-0.1510651868215192,-0.17463717741903761,-0.6008454704539717,0.09840395104737493,-1.7551677267542456,-1.7618444482018845,0.7320483140989004,0.16334566119801341
Run_0615_214945,27.584651708602905,Phase_1_Yield_to_45,-0.052166206902370234,-0.6008445957916716,0.1923114612319105,7.739918897488426,-4.326922320118713,1.364682146120155,6.270704140319318,0.07225933876219476,1.8208040493874125,-0.19383795346459554,-0.17287181698642423,-0.6008445957916716,0.09909765968753131,-1.7550262914199017,-1.7619010875932768,0.7320432949071046,0.16334566119801341
Run_0615_214945,27.686136960983276,Phase_1_Yield_to_45,-0.050411274745573255,-0.6008549611345498,0.1916084168220829,8.352318513697284,-3.7794633266058946,1.6116978159783384,7.271816256415048,0.06079009733831011,1.9199706412606825,-0.1941926837468108,-0.17113376508816636,-0.6008549611345498,0.09984145664646038,-1.7551203153376986,-1.7618497795185217,0.7321582672142746,0.16334566119801341
Run_0615_214945,27.787598848342896,Phase_1_Yield_to_45,-0.04883640010440246,-0.6008235178896386,0.1908111989308086,8.876489854120324,-4.059288899027149,1.668006372855069,7.715698316072945,0.074459254585338,1.9959142770498013,-0.198546111971517,-0.16945644237287247,-0.6008235178896386,0.10039134300774769,-1.7550779166675992,-1.7618087607882784,0.7320982455585112,0.16334566119801341
Run_0615_214945,27.889251232147217,Phase_1_Yield_to_45,-0.04726191821204787,-0.6008161352390589,0.1899484078962045,9.182597228066376,-3.458385018130059,1.7656788394763734,8.321180394336563,0.07570089354354384,2.0650885588035206,-0.21764321885870655,-0.1677330301586176,-0.6008161352390589,0.10089458443937155,-1.755231712384662,-1.7617653399338382,0.7320833894260209,0.16334566119801341
Run_0615_214945,33.815953731536865,Phase_2_Seat_Peg_for_Search,0.04621041051223052,-0.6012514128906802,0.24835243384208922,1.4753387416646835,-0.31527749218158835,0.10533332054340859,1.4374037001356714,0.002450561247813028,0.08674719989877949,-0.0231614113100489,-0.14293599545931235,-0.6012514128906802,0.20828738472853703,-1.7556639234416433,-1.7599446494724134,0.7331111024382317,0.16334566119801341
Run_0615_214945,33.91811752319336,Phase_2_Seat_Peg_for_Search,0.046214570495118706,-0.6013395275778779,0.24577023046606056,2.8607829209269195,-0.5017646532153174,0.47869867036975666,2.7754564915410036,0.018914640008632255,0.17082799692121228,-0.004063645681031419,-0.14110716038960985,-0.6013395275778779,0.20646443276305423,-1.7554057482282963,-1.760189257776381,0.7329803000449142,0.16334566119801341
Run_0615_214945,34.019014835357666,Phase_2_Seat_Peg_for_Search,0.046198586998115805,-0.6012763597745154,0.24086424820945773,1.2192259393336096,-0.29356698194005637,-0.059799151516733116,1.1818436359080704,0.033934478431771546,0.09539714808885735,-0.02222243730176424,-0.13764940910670292,-0.6012763597745154,0.20298407740191166,-1.755739687946061,-1.7598973833198919,0.7330768825668867,0.16334566119801341
Run_0615_214945,34.12085509300232,Phase_2_Seat_Peg_for_Search,0.04626011386993026,-0.6012845023333211,0.2357065326346792,1.3531708803795623,-0.2669792866432428,-0.2704991735206504,1.298700769667636,0.0195466211116577,0.08308534483444634,-0.015262757019003573,-0.13395884738006036,-0.6012845023333211,0.1993805278118395,-1.755550742217998,-1.7600911018095928,0.7331314292158497,0.16334566119801341
Run_0615_214945,34.22127103805542,Phase_2_Seat_Peg_for_Search,0.04625156833588185,-0.6013051884886492,0.23108357106423874,10.407210665730576,-0.6051388873318253,0.841123204807917,10.355498661207422,0.030671787513277655,1.8470376645005286,-0.005345695415308437,-0.1306959625095116,-0.6013051884886492,0.19610555773114174,-1.7557230849181873,-1.759531390526556,0.7336764403304099,0.16334566119801341
Run_0615_214945,34.771719455718994,Phase_2_Lateral_Search,0.04623206684010208,-0.6012698920128053,0.22892833874820437,9.519431083877405,0.3600020852061827,-1.9437364473449472,9.311920064229579,0.07312390902526507,-0.08230076826268994,0.23205718771302583,-0.12918577276372045,-0.6012698920128053,0.1945677887055323,-1.7556927393622237,-1.7599655340348626,0.7331454715023636,0.16334566119801341
Run_0615_214945,34.872833490371704,Phase_2_Lateral_Search,0.04375315033915795,-0.6011523175977403,0.22897712727750022,9.401613683910893,0.8032018159033516,-1.2665666814084593,9.281218430032562,-0.22700960326507252,-0.0974819543198743,0.1944022528167569,-0.1309731301314425,-0.6011523175977403,0.19284942873762867,-1.7554850884945095,-1.7599765614287597,0.7328071083267638,0.16334566119801341
Run_0615_214945,34.97341871261597,Phase_2_Lateral_Search,0.04081773118070026,-0.6012793568340357,0.22918812591806034,8.932396314086557,0.29726689999759764,-2.3302178560845435,8.617970819471234,-0.2102944224045907,-0.32700388117514534,0.1741457026892016,-0.13319798349357403,-0.6012793568340357,0.19092297251461954,-1.7555830597923625,-1.7600161262355491,0.7330168919478879,0.16334566119801341
Run_0615_214945,35.07455492019653,Phase_2_Lateral_Search,0.03777166533254848,-0.6012656087078644,0.22926238318617245,8.460284378274988,0.5796288341231189,-1.9924572110598877,8.201862985811962,-0.21862354251744168,-0.38938718931494004,0.13594622252712318,-0.1354043851285774,-0.6012656087078644,0.18882158651528513,-1.755643748596568,-1.7599747708371494,0.7330706596337602,0.16334566119801341
Run_0615_214945,35.175702810287476,Phase_2_Lateral_Search,0.034786337792400916,-0.6012353469302406,0.22931108348950158,7.8407037926075525,0.30067073896941376,-1.7509603348724696,7.636777525621742,-0.22665533266301296,-0.4322603554414489,0.16881502482706198,-0.13754976679100855,-0.6012353469302406,0.1867450774823137,-1.7556408928362546,-1.7599815193342003,0.7330324617587802,0.16334566119801341
Run_0615_214945,35.27672839164734,Phase_2_Lateral_Search,0.031689914566754955,-0.6012483609798802,0.22925151613605277,7.855200050232739,-0.3726465521386844,-1.5178861978082738,7.698137688224257,-0.24160816547851605,-0.4584865012351709,0.19075687353237908,-0.13969714817172535,-0.6012483609798802,0.18451345514247494,-1.7556209790059916,-1.759928308511428,0.7330216391030154,0.16334566119801341
Run_0615_214945,35.37826585769653,Phase_2_Lateral_Search,0.02870776118016216,-0.6012539071214105,0.22917905102650948,9.284075291215586,0.2010732413495337,-2.070446489677005,9.048031548240598,-0.23724627858089348,-0.33031188737355965,0.20546686863759175,-0.14175460848356605,-0.6012539071214105,0.18235351368991926,-1.7556476321639296,-1.759930458064238,0.733101042664758,0.16334566119801341
Run_0615_214945,35.47985005378723,Phase_2_Lateral_Search,0.025674435264298048,-0.6012572743893414,0.22920466944749615,6.513196770790316,-2.675309599623241,-3.114384376305416,5.056190332436256,-0.24607164897700953,-1.1669151440548444,0.15685381689824388,-0.14391760876742543,-0.6012572743893414,0.1802267433244658,-1.7556684025886695,-1.7601126848138788,0.7329446905763904,0.16334566119801341
Run_0615_214945,35.58195376396179,Phase_2_Lateral_Search,0.022535845300573544,-0.6012560137192045,0.22863957606880103,3.8414776286331414,-1.1115357484305828,-1.961202318381282,3.1104861545465283,-0.2275589004250064,-1.4445904042580762,0.11257217823882554,-0.14573734565406013,-0.6012560137192045,0.17760784371767324,-1.755608208487907,-1.760012154414525,0.7328616981781766,0.16334566119801341
Run_0615_214945,35.68389296531677,Phase_2_Lateral_Search,0.019570506285703188,-0.6012348461651538,0.22775322919538213,2.734446432160907,-0.8183635187282776,-1.7199104536484213,1.9619853396503937,-0.23791661764576913,-1.6105619833640958,0.08993058069694186,-0.147207415095314,-0.6012348461651538,0.17488429050706336,-1.7556153946753739,-1.7600117647149718,0.7330698045686074,0.16334566119801341
Run_0615_214945,35.78471755981445,Phase_2_Lateral_Search,0.016489454653176312,-0.6012931786972633,0.22681583209834713,6.388741584367021,-0.40172971586475376,-4.428419481677603,4.587344892365293,-0.24788140887359447,-1.4843087087297362,0.327626491047132,-0.1487232077538816,-0.6012931786972633,0.1720428181605397,-1.755697688365064,-1.7599044375653,0.7332126239028813,0.16334566119801341
Run_0615_214945,35.886183738708496,Phase_2_Lateral_Search,0.013461309938367503,-0.6012307213534209,0.22585494122425412,2.8710470747014054,-1.293030573369311,-1.5097182865677443,2.0716500516947067,-0.23564565204483062,-1.640986897669453,0.09200218729870503,-0.15018497696308566,-0.6012307213534209,0.16922214404523275,-1.7556658887931416,-1.7598531922651257,0.7330788916581144,0.16334566119801341
Run_0615_214945,35.986605644226074,Phase_2_Lateral_Search,0.010410218758824656,-0.6012472125851807,0.22483215903532983,3.825684113511645,-0.833561007661403,-2.7481389624104646,2.5276010812949545,-0.22978575433580886,-1.6113658177496555,0.23803307219441883,-0.1516192080046937,-0.6012472125851807,0.16634148056069437,-1.7556586120364475,-1.759942657892576,0.7330508118579667,0.16334566119801341
Run_0615_214945,36.0876247882843,Phase_2_Lateral_Search,0.007449833319628122,-0.6012960780780197,0.2239078741801018,6.294328187284917,-0.38931675757214085,-3.865859654007871,4.951982322973001,-0.251496662288847,-1.4856907713546303,0.31441438329529975,-0.1530589485347957,-0.6012960780780197,0.1635946038528328,-1.7557412644147652,-1.7599131961584678,0.7332498995674097,0.16334566119801341
Run_0615_214945,36.188026428222656,Phase_2_Lateral_Search,0.00440561614980828,-0.6012318694601786,0.22291912252198381,2.0946275256657025,-1.337907622107794,-0.8819818218364742,1.3489165029505372,-0.23171235271243487,-1.6883381261642572,0.05298188291942272,-0.15451238213661517,-0.6012318694601786,0.160742864246284,-1.755647574755082,-1.7599147309251142,0.733013170331679,0.16334566119801341
Run_0615_214945,36.28931736946106,Phase_2_Lateral_Search,0.001506118172085117,-0.6012951148426313,0.22256297441559048,14.452114405332246,7.11110338099026,2.7333283140442974,12.28107225845221,0.1901143423191254,0.07022568290305145,-0.8845831592614087,-0.15631080207756243,-0.6012951148426313,0.1584407748230618,-1.7555846429362938,-1.7596949839724338,0.7337111668307102,0.16334566119801341
Run_0615_214945,37.287911891937256,Phase_2_Seat_in_Hole,0.011246524784221328,-0.6018708680787769,0.2238428225232469,0.6863226147477377,-0.23734042597995267,-0.47709691508449675,-0.4325353018271256,-0.016765557348933455,-0.03394089137904083,-0.02658218900741052,-0.15032828378641924,-0.6018708680787769,0.1662332716658302,-1.7555291168950706,-1.7603794508800326,0.7329395640259265,0.16334566119801341
Run_0615_214945,37.38932800292969,Phase_2_Seat_in_Hole,0.011388132254883937,-0.6019181467192001,0.22140256576262377,3.437343344416064,-0.8812041820745627,0.816562247295089,3.2205643221628266,0.08689206683610819,0.4132201846208127,-0.12997004095191186,-0.14850263008037412,-0.6019181467192001,0.1646078811653295,-1.7553521813207003,-1.7605838609899571,0.7331452858266275,0.16334566119801341
Run_0615_214945,37.48952531814575,Phase_2_Seat_in_Hole,0.011340758019882978,-0.6018594153745646,0.21662431629959436,8.380552501629353,0.8040517853536404,4.94709650965556,6.716650734048138,0.4446988391372383,1.3444426535418463,-1.0493527554808826,-0.14515739612568773,-0.6018594153745646,0.1611956499249977,-1.7553722452586,-1.7603039613929619,0.7331409859619186,0.16334566119801341
Run_0615_214945,39.0437068939209,Phase_3_Arc_Pivot,0.011282004818884148,-0.6018822575231775,0.21473133724605792,0.8862311379035035,-0.03914709027406799,-0.4023278404323914,-0.7886732174518296,-0.01688823509252316,-0.09269897584978015,0.02047299796896255,-0.14386040258713073,-0.6018822575231775,0.15981556681275533,-1.7555754890366304,-1.760391281262814,0.7330255870767083,0.16334566119801341
Run_0615_214945,39.14468240737915,Phase_3_Arc_Pivot,0.010198366851782482,-0.6018193158397941,0.2152913888967742,8.236184276135962,5.688897116114483,0.18187350169811434,5.952991102136273,-0.3650698051891702,0.9891898086143739,0.07771437444630802,-0.1450226666620557,-0.6018193158397941,0.15944533537790273,-1.7556316178840856,-1.7601192847424647,0.7334448232054259,0.16334566119801341
Run_0615_214945,39.24599647521973,Phase_3_Arc_Pivot,0.009451838241337438,-0.6017805642352099,0.2159385844785375,5.904298598115248,4.174812020450235,0.7873140780984905,4.100222319830698,-0.4124374547819264,0.6645687202947546,0.08768966748181074,-0.14600817848946998,-0.6017805642352099,0.15937509631972607,-1.7555386162302398,-1.7604872989495053,0.733131852699321,0.16334566119801341
Run_0615_214945,39.348228931427,Phase_3_Arc_Pivot,0.00862884753820401,-0.6017203646076963,0.21658682903465723,6.950748924880744,6.571490829771032,0.35579250777864163,2.236477270703781,-0.41475804727317717,0.48318308609541,0.1230249034100571,-0.14704849891800864,-0.6017203646076963,0.15925153213418647,-1.7555446318323082,-1.7604119546561126,0.7330800576941247,0.16334566119801341
Run_0615_214945,39.45038104057312,Phase_3_Arc_Pivot,0.008116173069422871,-0.6016746135089458,0.21717429014004994,3.3161155094518104,2.7695449157786154,-0.29750526752491296,-1.7993703474567415,-0.440553678625298,-0.07250703307396894,0.25933896579827276,-0.14782641224273152,-0.6016746135089458,0.15930441427207664,-1.7557212350236648,-1.76051235061875,0.7330042886941106,0.16334566119801341
Run_0615_214945,39.55253887176514,Phase_3_Arc_Pivot,0.007256119073247954,-0.6015963529529941,0.21775013520097983,6.496494737784374,5.551380828979809,0.19097576677624595,3.3689973324714493,-0.4864944731643669,0.4219041561198893,0.3930110269787238,-0.1488417462031097,-0.6015963529529941,0.15910344820669106,-1.7556065946881703,-1.7603533587693272,0.7330791848131427,0.16334566119801341
Run_0615_214945,39.65355944633484,Phase_3_Arc_Pivot,0.006454156903973271,-0.6016271635951629,0.21831167918643574,11.026547914816442,7.9469187712659926,-1.0701437392496806,7.568753750650614,-0.45964076202458953,1.0533114412337365,0.3770290155657079,-0.14980589065130928,-0.6016271635951629,0.15893344687859226,-1.7556748606196435,-1.760226681109356,0.7334501049187642,0.16334566119801341
Run_0615_214945,39.7543044090271,Phase_3_Arc_Pivot,0.005831697877300912,-0.6015755630458418,0.21893749545275423,3.465253212429637,3.452482659812836,-0.049400794165016096,0.2930919164382892,-0.47922779092530815,0.29953174962651,0.41588268492344826,-0.15068855457577074,-0.6015755630458418,0.1589358208055121,-1.7557683959124557,-1.7603326526111918,0.7332675265429281,0.16334566119801341
Run_0615_214945,39.85649371147156,Phase_3_Arc_Pivot,0.0051422321650574625,-0.6015026949030803,0.21949815822932547,3.174181723716581,2.7377070547289946,-0.5783404709174434,-1.4986367129369436,-0.5329201985545993,-0.23984823154117443,0.4169041565379278,-0.15157252890756612,-0.6015026949030803,0.15884474337626156,-1.755657999165864,-1.760449834117833,0.7330232396466934,0.16334566119801341
Run_0615_214945,39.95690703392029,Phase_3_Arc_Pivot,0.004312806016217404,-0.6014772812109261,0.22003616325382366,6.923626457654039,5.503592925829264,-0.45311840797837744,4.176332355098219,-0.5590343841353099,0.3781528728402004,0.5049524620652432,-0.15253944876303946,-0.6014772812109261,0.1586386775230584,-1.7555690463515579,-1.7604060590600465,0.7330763328868456,0.16334566119801341
Run_0615_214945,40.05881071090698,Phase_3_Arc_Pivot,0.0034365330454615554,-0.6014885741999819,0.22061880430481223,9.960391731970644,6.431773463295727,-2.5058541244974797,7.180695556691776,-0.5411511298253542,0.894433471464371,0.5696615312567704,-0.15357105676098307,-0.6014885741999819,0.15843104840141814,-1.7555984307236512,-1.7602017919031918,0.7333089049136763,0.16334566119801341
Run_0615_214945,40.15928244590759,Phase_3_Arc_Pivot,0.0028422826543066915,-0.601493758395768,0.22123150089393978,4.15510161161088,3.8326338198043897,-1.5787461173952797,-0.2887007151225546,-0.5139689495763521,-0.04164196086666448,0.4020468544193889,-0.1544244971552734,-0.601493758395768,0.15844409183309174,-1.755732598156759,-1.7603636424873754,0.7332383950876509,0.16334566119801341
Run_0615_214945,40.259592056274414,Phase_3_Arc_Pivot,0.002139567329055663,-0.6014474960064319,0.22174829519817435,4.098822395373012,3.8278782908325124,-0.6086225668881307,-1.3331434245642966,-0.5630647724088931,-0.3084781416044756,0.483640786938056,-0.15528682068400496,-0.6014474960064319,0.1583126258183659,-1.75573443921509,-1.7604945347241274,0.7329995550597259,0.16334566119801341
Run_0615_214945,40.36029624938965,Phase_3_Arc_Pivot,0.0012582981444250235,-0.6014366209382082,0.2223002765025834,7.8968334844220145,6.051899283691809,-0.8572109435467046,4.999968353800159,-0.5838337897802269,0.511137990609258,0.6094930877432503,-0.15630028182394387,-0.6014366209382082,0.15807978412529866,-1.755627329775136,-1.7602989690041895,0.7331347741203733,0.16334566119801341
Run_0615_214945,40.4608690738678,Phase_3_Arc_Pivot,0.0004462047823939038,-0.6014548016043048,0.22292161169969535,8.27678411260435,6.1773481694648495,-0.24417709442692379,5.503262885454979,-0.5515601329733093,0.8628557712747513,0.6197598042547493,-0.15731386887846038,-0.6014548016043048,0.1579448977333176,-1.7556050621628747,-1.760230702996224,0.7333699718355027,0.16334566119801341
Run_0615_214945,40.56324100494385,Phase_3_Arc_Pivot,-0.00023931658698308044,-0.6014212436402241,0.22349144058771225,5.012872072343759,4.1614156135384315,-2.781218208939967,-0.27628206482386436,-0.53434792983673,-0.13324544946319716,0.6255273940683052,-0.15820153555822788,-0.6014212436402241,0.1578630907952156,-1.755794371131375,-1.7603784141494798,0.7331400898757349,0.16334566119801341
Run_0615_214945,40.66381788253784,Phase_3_Arc_Pivot,-0.0009742356412315685,-0.6013978931964122,0.2240411497110988,4.708537327629492,3.6124909818873503,-2.588517811193874,-1.555573274582371,-0.5688946506313087,-0.40504614830676383,0.6750065373185161,-0.15910990485393695,-0.6013978931964122,0.15773212759716004,-1.7557062710394116,-1.7605167798098227,0.7329644814617087,0.16334566119801341
Run_0615_214945,40.765092849731445,Phase_3_Arc_Pivot,-0.001960165827346987,-0.6013896065373567,0.2246001229853724,8.19110198123806,5.558377600083311,-0.39836046873311565,6.003324000825283,-0.5977110479787434,0.7161035952469339,0.6351342363926744,-0.16020231656705658,-0.6013896065373567,0.1574302234695222,-1.7555159985338784,-1.7603116542923578,0.733079865765632,0.16334566119801341
Run_0615_214945,40.86561179161072,Phase_3_Arc_Pivot,-0.0027974814794114525,-0.6014062266346596,0.22516229412717492,8.868125368763225,5.957835687822788,1.068732466456891,6.481176774949748,-0.5817769512260025,0.9115682732424828,0.44797109776682353,-0.16119190316918094,-0.6014062266346596,0.15723566692050975,-1.7556584672100188,-1.7601494448921051,0.7333761247407568,0.16334566119801341
Run_0615_214945,40.967963218688965,Phase_3_Arc_Pivot,-0.0034598075640214403,-0.6013962853947068,0.22579378144512355,4.069360170768761,2.995847481884828,-1.4378305769286974,-2.348879157549913,-0.5662882187086234,-0.3709144665958292,0.5584318322548106,-0.1621067673997202,-0.6013962853947068,0.15721386061948006,-1.75586662747547,-1.760419895390065,0.7330825104053891,0.16334566119801341
Run_0615_214945,41.06876802444458,Phase_3_Arc_Pivot,-0.004367443904074329,-0.6013699757300454,0.22632536353998886,6.143998858924811,5.045930247222012,-2.0048117791546316,2.875419908257266,-0.6056195446792315,0.13886049217670826,0.7403720077039451,-0.16312444851465951,-0.6013699757300454,0.15694795011261392,-1.7555559213304117,-1.76040895312094,0.7330266072238657,0.16334566119801341
Run_0615_214945,41.16995429992676,Phase_3_Arc_Pivot,-0.005314701625689417,-0.6013690891114798,0.2268529008167702,10.922709235146037,7.120255241926003,-0.4566018407338591,8.2703722458187,-0.6166715799570537,1.021362383528775,0.6209103343798058,-0.16416728605888564,-0.6013690891114798,0.15665116293986936,-1.755466551569436,-1.7602513792373111,0.7331660143517114,0.16334566119801341
Run_0615_214945,41.270357847213745,Phase_3_Arc_Pivot,-0.0061229406080995875,-0.6013544275765386,0.22746358166598976,6.34812141285017,4.783540028866575,-0.11634074836456532,4.171672937178557,-0.5990278600561583,0.6809613859559718,0.6609560572368282,-0.1651706138937911,-0.6013544275765386,0.15651146824421172,-1.7555738697472043,-1.7602229459854555,0.7331657562604847,0.16334566119801341
Run_0615_214945,41.37083029747009,Phase_3_Arc_Pivot,-0.006791874244210635,-0.6013812562185255,0.22805822306979093,3.9931083252065687,2.7977839366422717,-2.0563842808408244,-1.9719540639201636,-0.5869582528319783,-0.4277038276484771,0.6814266235373846,-0.16606409637305108,-0.6013812562185255,0.1564589357029559,-1.7558082849124386,-1.7604552809759317,0.7330334059497848,0.16334566119801341
Run_0615_214945,41.47106647491455,Phase_3_Arc_Pivot,-0.007715772961027859,-0.6013673803393476,0.22858682650012996,4.3080450297491675,3.761857148818089,-1.2808748810878545,1.6634429083172406,-0.6291358761763761,-0.08531914292115159,0.6971160595710181,-0.16709117049099328,-0.6013673803393476,0.1561794197253161,-1.7556689175436853,-1.7604400169534427,0.7330012395636932,0.16334566119801341
Run_0615_214945,41.57255482673645,Phase_3_Arc_Pivot,-0.008789720843753348,-0.6014011598476466,0.22907294069989836,12.487549595675976,6.991426253173268,-1.3998542635264215,10.251793106173853,-0.6151943305888596,1.1241908846327113,0.6468324266513169,-0.16819430096859672,-0.6014011598476466,0.1557637585418873,-1.7555513040256798,-1.760148887897531,0.7332805738983285,0.16334566119801341
Run_0615_214945,41.673348903656006,Phase_3_Arc_Pivot,-0.009570512224372656,-0.6013918007452328,0.22967706535086413,4.687317979100107,3.7297500118386875,-1.205688264033099,2.570258838396878,-0.5999010324635032,0.4954542731092066,0.6865003587427726,-0.1691735844859045,-0.6013918007452328,0.15563883629933922,-1.7556491227413007,-1.7603332903588298,0.7331879802828887,0.16334566119801341
Run_0615_214945,41.77431869506836,Phase_3_Arc_Pivot,-0.010358120838834235,-0.6013709934042049,0.2303081631619852,3.747883476084253,2.2288005870077363,-1.81557022445521,-2.404741826835266,-0.6025814275313115,-0.4506235479028884,0.6972753247266549,-0.17017676141994692,-0.6013709934042049,0.1555281664489682,-1.7557735575324978,-1.7604977644187199,0.7329836297616112,0.16334566119801341
Run_0615_214945,41.87468338012695,Phase_3_Arc_Pivot,-0.011362653407392403,-0.6013361011895948,0.23082789928199773,5.761948806760076,4.12874591590128,-1.1144654816029607,3.8615382820798048,-0.6440287019466973,0.2122856675586222,0.7317221096958443,-0.1712545821459856,-0.6013361011895948,0.15518536359270643,-1.7555625810373368,-1.7604471998683682,0.7329419565737799,0.16334566119801341
Run_0615_214945,41.97511005401611,Phase_3_Arc_Pivot,-0.012476387845289389,-0.6013815322145024,0.23145497721990899,7.182971710841154,5.86061792559192,-2.6562342999856767,3.192594473551966,-0.5639559703914351,0.48057963994111824,0.7389759388832527,-0.17248552238169307,-0.6013815322145024,0.154841245481458,-1.755674174568881,-1.7603096359015897,0.7332830000446083,0.16334566119801341
Run_0615_214945,42.075196743011475,Phase_3_Arc_Pivot,-0.013546063536270319,-0.6013702811022532,0.23211898728687486,5.993616485443338,4.716006706386282,-1.0366052756307635,3.5507983359284485,-0.6118772992401798,0.44254929524259995,0.719420577336522,-0.17371142333758377,-0.6013702811022532,0.15455439656782266,-1.7556849851146956,-1.7604283258925184,0.7331752328117049,0.16334566119801341
Run_0615_214945,42.176175355911255,Phase_3_Arc_Pivot,-0.014686115689474808,-0.6013651183577204,0.23278410915707148,6.35063034609218,5.4823364741779494,-0.8774281965568466,3.0829551304701086,-0.6039467935867128,0.43058724715404767,0.7338468338997317,-0.1749878741307525,-0.6013651183577204,0.15421857014411697,-1.755641018402603,-1.7604512154229914,0.7331015320397868,0.16334566119801341
Run_0615_214945,42.27847766876221,Phase_3_Arc_Pivot,-0.016031483590813855,-0.6013552255356206,0.23357071615460204,6.73020714958993,4.928145215604437,-0.6815797011579321,4.532606548254102,-0.593200350049994,0.8428889241731902,0.7511338288994392,-0.17649540803906272,-0.6013552255356206,0.15382346651997206,-1.7556366485138586,-1.7602995811891928,0.7331434013439698,0.16334566119801341
Run_0615_214945,42.379324436187744,Phase_3_Arc_Pivot,-0.017124470683467955,-0.6013954546773347,0.2341448017347628,9.224094705354107,6.133536589232619,0.2567112416636688,6.884602485277554,-0.5972502246731427,0.9383351413840996,0.6406362976442512,-0.1776742064307409,-0.6013954546773347,0.15345654774172007,-1.7556168529774694,-1.760318672124325,0.7333382164278349,0.16334566119801341
Run_0615_214945,42.48068881034851,Phase_3_Arc_Pivot,-0.01827487805833766,-0.6013720966576096,0.2348308038132904,7.139670150274139,4.457900952998648,-1.145070565874454,5.458096952889097,-0.6299470929142748,0.7785286925741167,0.7721498338029812,-0.1789727440082732,-0.6013720966576096,0.15312816360745762,-1.7556342182432845,-1.76034769383489,0.7332195465895506,0.16334566119801341
Run_0615_214945,42.58075737953186,Phase_3_Arc_Pivot,-0.019528709481275802,-0.6013433253186958,0.23549193054718162,10.787192968944975,3.9327960786584817,-1.5843157388529492,9.919001501792769,-0.6715429032917015,1.2136734141265815,0.7662318600209438,-0.18032682390665572,-0.6013433253186958,0.15270905810259147,-1.7556005694739771,-1.7601756011978622,0.7331966904362911,0.16334566119801341
Run_0615_214945,42.68115162849426,Phase_3_Arc_Pivot,-0.020784994676887793,-0.6013382510721428,0.23621238878319115,6.527910145751314,2.3691580210241407,-1.0848751661206424,5.985294229722932,-0.6744482693687716,0.6499905178756968,0.7590631378220818,-0.18172459259182128,-0.6013382510721428,0.152330171225914,-1.7555347613349015,-1.760371779228716,0.7330969831850028,0.16334566119801341
Run_0615_214945,42.78154158592224,Phase_3_Arc_Pivot,-0.022062057093224903,-0.6013709636237203,0.23689783261080363,5.0119645924072875,3.5360295818174095,-2.266087493294024,2.7351656887276414,-0.6202214357435497,0.21421057232721114,0.7779093590865955,-0.18311229406503898,-0.6013709636237203,0.15191183370995082,-1.7556854544490468,-1.7605077436331962,0.7330140509134482,0.16334566119801341
Run_0615_214945,42.88345122337341,Phase_3_Arc_Pivot,-0.02373737020546205,-0.6013768219712888,0.2377109116816225,6.659789636473975,4.106342346692463,1.0597158305285475,5.1349540302103565,-0.6307842005292419,0.8557777523385036,0.6609636748216953,-0.1848718530519295,-0.6013768219712888,0.15130214217229407,-1.7556529254178723,-1.760294395096443,0.7332383802472631,0.16334566119801341
Run_0615_214945,42.98485708236694,Phase_3_Arc_Pivot,-0.025462289446519727,-0.6013785331848261,0.23853604461046696,9.120585634114708,4.8110014715362395,-1.579100373405895,7.585894091061719,-0.6052029555816753,1.1173992734361236,0.7441241018526596,-0.18667501223364674,-0.6013785331848261,0.15066589716930925,-1.755673515653687,-1.7602854259193967,0.7332393410910808,0.16334566119801341
Run_0615_214945,43.08691358566284,Phase_3_Arc_Pivot,-0.02674482392222382,-0.601398830703642,0.23928013883062602,6.058192056174006,4.718463105933248,-3.4773236879379117,1.5316712691509473,-0.568791534138321,0.19439460322521823,0.8851625462574398,-0.18810805512743883,-0.601398830703642,0.15028516241334952,-1.7557531684808898,-1.7605483888624212,0.7330645006996591,0.16334566119801341
Run_0615_214945,43.18733263015747,Phase_3_Arc_Pivot,-0.028508321312508605,-0.6013770292186468,0.2400399313680319,8.653193925984779,4.529782135521752,-1.8026764086811644,7.149069638141192,-0.5870432926897288,1.104278120968045,0.8561948615348174,-0.1898922905462086,-0.6013770292186468,0.14957543590556902,-1.7556179487609485,-1.7602284432606574,0.7331968148040058,0.16334566119801341
Run_0615_214945,43.287378549575806,Phase_3_Arc_Pivot,-0.030164841518540285,-0.6013756779327463,0.24079138968283373,10.398044045036109,4.931105378407831,-1.422207407139003,9.043276275809957,-0.6196659380687585,1.269442167467986,0.821127237271957,-0.19159498848724155,-0.6013756779327463,0.14893546050488687,-1.7555941741451055,-1.7603022223368145,0.7332341134892418,0.16334566119801341
Run_0615_214945,43.38892865180969,Phase_3_Arc_Pivot,-0.03198029803983911,-0.6013161127647754,0.2416079492767759,8.750752743056319,2.665059498975588,-1.432773570242137,8.21098601469052,-0.6695815754083544,1.0209775352113808,0.7962240610073468,-0.19345610493052073,-0.6013161127647754,0.14822913371384658,-1.7555865957069725,-1.760285728831126,0.7330008213357625,0.16334566119801341
Run_0615_214945,43.48910403251648,Phase_3_Arc_Pivot,-0.03368447228224628,-0.6013356947730202,0.24241023664912978,5.51404126042928,1.8928457455120509,-0.40709681351584603,5.162950531415025,-0.6587503110824656,0.7084167223842751,0.7548297619202202,-0.19522844093510205,-0.6013356947730202,0.14759140339216878,-1.7556503826470826,-1.7603376300883857,0.7330070044708008,0.16334566119801341
Run_0615_214945,43.58942365646362,Phase_3_Arc_Pivot,-0.0354114838565336,-0.6013947653461434,0.24313514286985946,7.820401285583803,3.79492840763737,-2.0249253089804893,6.531222867236883,-0.5723417031571751,0.9924218514861839,0.8162094046664786,-0.19696220863487054,-0.6013947653461434,0.14688280790120484,-1.7556756970891836,-1.7603351328768007,0.7331910518802276,0.16334566119801341
Run_0615_214945,43.691405057907104,Phase_3_Arc_Pivot,-0.03719006730148487,-0.6013887743691055,0.2438765748284572,9.092829117470572,3.6204034084849175,-0.6990174144233401,8.311654177941017,-0.6127041492139348,1.2071909676497727,0.7607725861358845,-0.1987441286154146,-0.6013887743691055,0.14614943105208655,-1.755644781036941,-1.7602674100409634,0.7332755037058802,0.16334566119801341
Run_0615_214945,43.7915461063385,Phase_3_Arc_Pivot,-0.03900971786509959,-0.6013542730197559,0.24456520678484495,8.361010383549926,2.888113903236563,0.11832424190286837,7.845463153284162,-0.6211611236841217,1.1413937344495213,0.7342600580642163,-0.20051775219444,-0.6013542730197559,0.1453496801252682,-1.7555972614797943,-1.760311114455356,0.7330688081394724,0.16334566119801341
Run_0615_214945,43.89196276664734,Phase_3_Arc_Pivot,-0.04078338891691255,-0.601351499937017,0.2453546350645408,5.970326819505923,1.7562525727249947,-2.252807297262877,5.242636599451432,-0.6210852051663419,0.7606878123085701,0.8088833702850524,-0.20233013711260464,-0.601351499937017,0.14465371538677035,-1.7557514402309748,-1.7602876962002603,0.733104268882974,0.16334566119801341
Run_0615_214945,43.99395132064819,Phase_3_Arc_Pivot,-0.042596128530328146,-0.6013928801212066,0.24602720333081143,8.655678930547642,3.1123179141750597,-2.853398494372347,7.555949442799695,-0.6023638954745486,1.0340922365376675,0.8485563781733079,-0.2040875151676671,-0.6013928801212066,0.14384749249548953,-1.7556050736206557,-1.7603503751335245,0.7332004021710283,0.16334566119801341
Run_0615_214945,44.09437394142151,Phase_3_Arc_Pivot,-0.04449489453235455,-0.6013247376439149,0.2467119057973528,9.534117206582543,2.197144292354201,-0.3102093577580757,9.272309206545476,-0.6719724014927092,1.1824960516772234,0.7044463955799993,-0.205914303240773,-0.6013247376439149,0.14298901993675675,-1.7555362559661678,-1.760248711032974,0.7329462119763542,0.16334566119801341
Run_0615_214945,44.19451451301575,Phase_3_Arc_Pivot,-0.046259416429284446,-0.601366026107548,0.24741154624903475,5.359423926677699,0.4828626489645718,-2.5141095360830215,4.708452158475939,-0.6155069821187825,0.5453356187269199,0.8374088964286812,-0.207656729147421,-0.601366026107548,0.1422360350456622,-1.755695507394972,-1.7604002819911075,0.7330060149218501,0.16334566119801341
Run_0615_214945,44.29465842247009,Phase_3_Arc_Pivot,-0.048104726334218514,-0.6013893039238406,0.2479793845553656,9.147793180219622,2.6638811465744605,-2.7434456919061097,8.310196329844414,-0.5741029030756689,1.250972684769198,0.8606774483029471,-0.20936308261161463,-0.6013893039238406,0.14133272621551665,-1.7555148042166508,-1.7603135629490125,0.7331753717754236,0.16334566119801341
Run_0615_214945,44.39678382873535,Phase_3_Arc_Pivot,-0.0500222429092102,-0.6013334493452026,0.24861878085137878,9.871957048771577,1.2673373685336937,0.6739944068960049,9.767042720628481,-0.6565778703382439,1.3948176162943815,0.6466687087889983,-0.21117109304160533,-0.6013334493452026,0.1404289586990789,-1.7555742179077185,-1.7601881636505743,0.7330403341373621,0.16334566119801341
Run_0615_214945,44.49751329421997,Phase_3_Arc_Pivot,-0.051834409792043554,-0.6013705132461153,0.24926543463371958,6.186008299143067,0.7080675995680507,-2.4029532977911616,5.65607234749905,-0.5844426723031395,0.6873918750820929,0.7866953581794743,-0.21290974180767158,-0.6013705132461153,0.13960481648215886,-1.7557223699692943,-1.7603647269352274,0.7330976058270133,0.16334566119801341
Run_0615_214945,44.59929323196411,Phase_3_Arc_Pivot,-0.05375749491610884,-0.6013518073314663,0.24981524035570127,4.875780009251461,0.7423097714582697,0.3269465501861822,4.80783868855176,-0.5870008298398222,0.9564056328261784,0.7162746324709847,-0.21465833969404552,-0.6013518073314663,0.13863376130448174,-1.7555614367043475,-1.7603378748414853,0.7330751863446725,0.16334566119801341
Run_0615_214945,44.69955515861511,Phase_3_Arc_Pivot,-0.05566265885041312,-0.6013692426113224,0.2503799938239672,10.046424939980389,1.406023766339988,-0.25464483836912155,9.944290183288048,-0.6036988125650384,1.4797323063475554,0.6503464812986212,-0.21640483503837357,-0.6013692426113224,0.13768594797437259,-1.7556377589660432,-1.7602322060307332,0.7331321171670433,0.16334566119801341
Run_0615_214945,44.80144262313843,Phase_3_Arc_Pivot,-0.0576090244879533,-0.6013716046787263,0.2509411373619926,7.519978046178729,0.25263278794452837,-1.9526030060899586,7.257657197062554,-0.565465177281175,0.9672537888130867,0.8333435749194986,-0.2181779117803035,-0.6013716046787263,0.13670644803435622,-1.7555628928122253,-1.7603902028064324,0.7329706641065877,0.16334566119801341
Run_0615_214945,44.901809215545654,Phase_3_Arc_Pivot,-0.05952310696570752,-0.6013223752377233,0.25151116573756505,4.7208538406528335,-0.5276096729163753,-0.6726506837304342,4.642804117721171,-0.5996380685063378,0.7559594015948843,0.7203877974904441,-0.2199344434099099,-0.6013223752377233,0.13575605826442189,-1.7556182450100715,-1.7603321072322242,0.7329030252018092,0.16334566119801341
Run_0615_214945,45.00370240211487,Phase_3_Arc_Pivot,-0.06143530359789445,-0.6013533596690058,0.2519751248247536,9.65015365541237,0.7253710006103161,-2.2584352614910745,9.354077862312034,-0.5953756216467394,1.2172289684969417,0.7136861517252565,-0.2216146392322355,-0.6013533596690058,0.13473199967558458,-1.7554830751403854,-1.7603490002469147,0.733018975090503,0.16334566119801341
Run_0615_214945,45.104127645492554,Phase_3_Arc_Pivot,-0.06331782398655342,-0.6013881219216621,0.2524749916412953,7.038662690113803,-0.6433925303078647,-1.3880157484379694,6.870387965699776,-0.5420199073728427,0.9077667528232514,0.7957912021075043,-0.22329924138044493,-0.6013881219216621,0.13375431595870863,-1.7556222827234418,-1.7603855576847662,0.7330936210011773,0.16334566119801341
Run_0615_214945,45.206459522247314,Phase_3_Arc_Pivot,-0.06524143730467837,-0.6013789950687164,0.2529663718977377,5.1009262677757405,-1.4673497333045116,0.4523258779467349,4.86433292955935,-0.5669554900566641,0.788881602750622,0.6206680578982477,-0.22500689971354346,-0.6013789950687164,0.13274157424855335,-1.7556643585039753,-1.760392787611145,0.7331049227221738,0.16334566119801341
Run_0615_214945,45.306888580322266,Phase_3_Arc_Pivot,-0.06725346539691159,-0.6013962364149684,0.2534172878567061,6.84717610552259,-0.2857408599081458,-2.2087227739431117,6.4748526229469885,-0.49537626267261375,1.0335517713858282,0.824918115927057,-0.22674846415383118,-0.6013962364149684,0.1316377012729292,-1.7556523456023905,-1.7603157166862744,0.733168710122003,0.16334566119801341
Run_0615_214945,45.40870451927185,Phase_3_Arc_Pivot,-0.0691786028398328,-0.6014028545021008,0.25374698556940095,9.12760544602757,-0.6541406633303816,-2.4664932193375044,8.763657476755464,-0.5235736281951542,1.2074002292706894,0.911799479684957,-0.2283428733828252,-0.6014028545021008,0.13050955502071174,-1.7556272069158818,-1.760287338699054,0.7332343560911254,0.16334566119801341
Run_0615_214945,45.508726596832275,Phase_3_Arc_Pivot,-0.07113542641104786,-0.6013354579497155,0.2540412760767811,7.890730783421164,-1.951916846267075,-1.1546584193501352,7.5578050289957215,-0.602069879399216,0.9880153782060508,0.835879328777237,-0.22993465141302433,-0.6013354579497155,0.1293339666173272,-1.7556471064448576,-1.7602684561441966,0.7330984299993097,0.16334566119801341
Run_0615_214945,45.60897421836853,Phase_3_Arc_Pivot,-0.07311236670889701,-0.6013905685178818,0.2543631745570554,7.119381529170532,-1.6664130894810225,-2.3020807984262386,6.527563463545802,-0.5766770151506251,0.8919207939823841,0.8860478288065382,-0.23156017590189004,-0.6013905685178818,0.12816367532497275,-1.7556756776227604,-1.7603044530427807,0.7331528351193943,0.16334566119801341
Run_0615_214945,45.70959973335266,Phase_3_Arc_Pivot,-0.07510133880856357,-0.6013652526623874,0.2546420365893531,7.927828959337983,-1.2360499188547942,-1.3866883373761574,7.707123202700342,-0.5646171285786876,1.141072195308623,0.9185382502666452,-0.23316377679520822,-0.6013652526623874,0.1269544448997608,-1.755593406396989,-1.76028745029917,0.7331077226789527,0.16334566119801341
Run_0615_214945,45.81166338920593,Phase_3_Arc_Pivot,-0.07712344397665559,-0.601337046179915,0.25481486956933913,8.504880190198497,-1.5171081488634124,-1.327325355361116,8.262540608995428,-0.6407141953249981,1.1432087570071983,0.9180506730880482,-0.2347158324439993,-0.601337046179915,0.1256468119952914,-1.7555224853418843,-1.760308936587741,0.733010314104981,0.16334566119801341
Run_0615_214945,45.91303610801697,Phase_3_Arc_Pivot,-0.07977908116637443,-0.6018773822587111,0.25366527900548,22.57751305787969,-8.250780262371784,-7.988900050095435,-19.438266304646852,-0.6325641570590433,-4.221461213090384,1.1620004830877761,-0.2357807682259278,-0.6018773822587111,0.12295610964677717,-1.7551090757918923,-1.7613232420787588,0.7317536945423168,0.16334566119801341
Run_0615_214945,46.01318407058716,Phase_3_Arc_Pivot,-0.08332085681395306,-0.6031123212480936,0.2531060819019075,22.11762097866954,-8.795981573221939,-0.47873721221983573,-20.28769766635088,-0.37557261675069153,-4.251805037764212,0.30255704341425343,-0.23788976973981601,-0.6031123212480936,0.12005628400497692,-1.7552440220582854,-1.7604392594197926,0.7327826439870536,0.16334566119801341
Run_0615_214945,46.11340570449829,Phase_3_Arc_Pivot,-0.08704452119946327,-0.6041799775977379,0.25188543795368484,20.52491102198988,-9.213347550969763,-3.395345373296417,-18.023812836402726,-0.004925379118104134,-4.305533252087341,0.30995344950814463,-0.2396596724644706,-0.6041799775977379,0.11656013005391727,-1.7553188157468076,-1.7603609366304078,0.7327606869557661,0.16334566119801341
Run_0615_214945,46.21570944786072,Phase_3_Arc_Pivot,-0.090953784265478,-0.6043271166856499,0.250445715357774,26.826257543306813,-9.409605141759581,2.5357928612870277,-24.99354275449247,-0.1628653671347236,-4.666206478811639,-0.15276656838754452,-0.24140590127729566,-0.6043271166856499,0.11277782601990008,-1.755364903588372,-1.7605241582202211,0.7325471522620935,0.16334566119801341
Run_0615_214945,46.31644248962402,Phase_3_Arc_Pivot,-0.0946646220814069,-0.6047170620846392,0.24933843558778002,20.27853516312512,-8.966259564196852,-2.3602926439419214,-18.0348051396322,0.0753352223504771,-4.394946023296505,0.030184804596619565,-0.24324689482678905,-0.6047170620846392,0.10937090240233985,-1.7555922195163018,-1.7602822014598445,0.733075084526401,0.16334566119801341
Run_0615_214945,46.41837811470032,Phase_3_Arc_Pivot,-0.09860470230884433,-0.6048021828308093,0.24771735801764908,28.073143044120894,-11.021462622877026,1.8383008393005926,-25.753628327915752,-0.06538645936750162,-4.649455860317569,-0.10102648697859497,-0.24488667733136008,-0.6048021828308093,0.10543857001243082,-1.7553594196924036,-1.7605355348340983,0.7325840784143751,0.16334566119801341
Run_0615_214945,47.4563102722168,Phase_3_Final_Insertion,-0.09959374046539456,-0.6050637946270724,0.24741798779956062,0.6960619419430093,0.2072328819802116,-0.2438567038179709,0.6181348296696145,-0.0171362279381656,0.10094385247247503,0.028808580670935096,-0.24537434620741333,-0.6050637946270724,0.10452752771378626,-1.7555343021220988,-1.7604287214959484,0.733057632465394,0.16334566119801341
Run_0615_214945,47.558236837387085,Phase_3_Final_Insertion,-0.0997863776726172,-0.6049411168136407,0.2455296516910729,1.2920168814707187,0.05532246575629368,-0.9537213110188043,0.8698636144227081,0.28526549101202997,0.10994658576616997,0.1546780735991735,-0.24417530601547824,-0.6049411168136407,0.10305605737077922,-1.7553129688750455,-1.7605877809131956,0.7324355845312864,0.16334566119801341
Run_0615_214945,47.65924286842346,Phase_3_Final_Insertion,-0.09967546541643323,-0.6050186670092386,0.24367840298263782,0.4217693702980302,0.28180044544919947,0.30760624371447093,-0.062099190768504973,0.33409168480692314,0.04332217742891175,0.010702076306858724,-0.24278784869161654,-0.6050186670092386,0.10182545366384632,-1.7556363347273158,-1.7603561303186224,0.7328586710587546,0.16334566119801341
Run_0615_214945,47.76095199584961,Phase_3_Final_Insertion,-0.0996512637301663,-0.6050230946492301,0.241678911617316,2.3324953114351845,0.2037888000565613,0.8929908333302344,2.145127472768646,0.33475312414439595,0.28281910985038755,-0.07025224450694018,-0.24135688161179808,-0.6050230946492301,0.1004287129369788,-1.7554964241512903,-1.7603665089715068,0.7329397831110082,0.16334566119801341
Run_0615_214945,47.86204934120178,Phase_3_Final_Insertion,-0.09960906594097757,-0.605046897913645,0.23961433170221888,0.7983586457378934,0.289142657550774,0.7364245771326365,0.10701351785609362,0.3899385267309781,0.10052859450797522,-0.10909833827526443,-0.2398671648106449,-0.605046897913645,0.09899867282159852,-1.7555181481860234,-1.7604627995132496,0.7329450474194636,0.16334566119801341
Run_0615_214945,47.964295387268066,Phase_3_Final_Insertion,-0.09961913315931092,-0.6050408851544553,0.2376202886910755,1.9599688268726307,0.1142172656481652,1.8115690684646717,0.7393576460160363,0.3991848722682474,0.15027937725532073,-0.20787033488945253,-0.23846428207383896,-0.6050408851544553,0.09758155288809017,-1.7555679026549904,-1.7603952017062452,0.7329731113899187,0.16334566119801341
Run_0615_214945,48.06534242630005,Phase_3_Final_Insertion,-0.09962609388121982,-0.6050519606698627,0.2355708052149028,2.895365913502732,0.5098331655355217,2.125464152900099,1.8988459787803238,0.4322606760393136,0.2788204000494272,-0.2511995875101549,-0.23702000038357124,-0.6050519606698627,0.09612742725049497,-1.7555884284637882,-1.760344886819934,0.7330255661006053,0.16334566119801341
Run_0615_214945,48.166563987731934,Phase_3_Final_Insertion,-0.09962033154825416,-0.6050247690677701,0.23356725377966042,3.1778376669756123,0.07769619482678292,2.3142306596197773,2.176453995156859,0.4391114625621204,0.33742344594467727,-0.3244419151630709,-0.23559920099253984,-0.6050247690677701,0.0947147770288945,-1.7555791419534426,-1.7603464412893097,0.7329881592830334,0.16334566119801341
Run_0615_214945,48.26808500289917,Phase_3_Final_Insertion,-0.09961994950488948,-0.6050290390988771,0.23162332931111035,4.8987956742706835,0.13572895956241116,3.281096829132086,3.6351314014281013,0.45333231759108883,0.6376822901957051,-0.49433055861024133,-0.23422436867325974,-0.6050290390988771,0.09334048500052217,-1.755650941913595,-1.760243383958786,0.733076247298209,0.16334566119801341
Run_0615_214945,48.36974358558655,Phase_3_Final_Insertion,-0.09965528891827125,-0.6050309935697487,0.2295205246760294,6.597354838332852,-0.5750985989373641,4.190952581467329,5.0626345833238355,0.4655293352346486,0.8474503835588986,-0.6727161228540858,-0.23276244999512888,-0.6050309935697487,0.09182858884470052,-1.755578092309392,-1.760276070341926,0.7329717897723126,0.16334566119801341
Run_0615_214945,48.47117233276367,Phase_3_Final_Insertion,-0.09959338504288183,-0.604815873347912,0.22776660035486496,9.774316176991817,-2.1580298364714965,7.4174344633273215,5.988474758646553,0.31541955928736926,1.4370444270848917,-0.9610854305448783,-0.2314784655638759,-0.604815873347912,0.09063214971358671,-1.7555945300903824,-1.7602034148199717,0.7331753134806037,0.16334566119801341
Run_0615_214945,48.57288718223572,Phase_3_Final_Insertion,-0.09957006228254606,-0.6042744596893765,0.22613012697012538,9.189128828387753,-0.20174745300150654,0.20887333449182643,9.184539102211529,0.210685225850038,1.1724206910716464,-0.5703848591103801,-0.23030481245430587,-0.6042744596893765,0.08949147996799547,-1.7557855562225184,-1.7603556841468113,0.7332680529725217,0.16334566119801341
Run_0615_214945,48.674052000045776,Phase_3_Final_Insertion,-0.0996414392961459,-0.6037478684437484,0.22387984201819724,6.960236085540079,-2.8315933014780796,1.474719141725975,-6.184833804921985,-0.08615775503622651,0.034654979928989964,-0.20065547132353317,-0.22876409187553273,-0.6037478684437484,0.08784981704854775,-1.7554325910980024,-1.7607578166718343,0.7325786895229547,0.16334566119801341
Run_0615_214945,48.775691509246826,Phase_3_Final_Insertion,-0.09960042761050049,-0.6038178246950096,0.2223792104600157,10.396011890635867,-2.1284873297820583,2.4799435443401534,9.86896574794366,0.04675003501949329,1.708460669565147,-0.4464155340584144,-0.22767398548365225,-0.6038178246950096,0.08681770993872281,-1.7555311523145876,-1.760119905481392,0.7332513744802922,0.16334566119801341
Run_0615_214945,48.87682843208313,Phase_3_Final_Insertion,-0.09964611867085171,-0.6038215416401929,0.22073981600299425,14.339073957475176,-2.8228821599612424,5.561701180743468,12.911539731768324,0.05514305345051259,2.2086290686418,-0.8324527992019866,-0.2265470670046667,-0.6038215416401929,0.08562617454250934,-1.7556022793905475,-1.7601132724335486,0.7331266972505064,0.16334566119801341
Run_0615_214945,48.97865676879883,Phase_3_Final_Insertion,-0.09956718520465294,-0.6033056271040931,0.21897911197238273,12.961323190267512,-2.3697994709943826,-2.4357462349474845,12.507881099082303,-0.096645835047329,2.155422776211746,-0.056478718330747496,-0.2252462468557471,-0.6033056271040931,0.08443698317201317,-1.7557087425395175,-1.760271583727954,0.7333471655818578,0.16334566119801341
Run_0615_214945,49.0792133808136,Phase_3_Final_Insertion,-0.09958362419801285,-0.60268511700138,0.21690121739355983,2.8375759463733408,-2.4153458284634577,1.4761316540674974,-0.19742623994973219,-0.41296795250121876,0.006749581385297519,-0.060272837293473464,-0.22378857763215132,-0.60268511700138,0.08295606570105604,-1.755689206604125,-1.7607359041640136,0.7328130043083788,0.16334566119801341
Run_0615_214945,49.18009638786316,Phase_3_Final_Insertion,-0.09966823973377115,-0.6027167481892917,0.2152896166630354,9.028934421910861,-3.5262716870341038,2.652443478728291,7.8772843275167,-0.2969743442526229,1.481972425282786,-0.32112610707946404,-0.22270883604616074,-0.6027167481892917,0.08175665967680862,-1.755484121617166,-1.7601940700177223,0.7330025659768846,0.16334566119801341
Run_0615_214945,49.280797243118286,Phase_3_Final_Insertion,-0.09965885828139763,-0.6027703824719737,0.21360926991145618,13.111218486861093,-3.804438601922404,3.8310617453175615,11.947939698457434,-0.2341680571006015,2.114699020418436,-0.6539483650123454,-0.2215140177747836,-0.6027703824719737,0.08057510878261284,-1.7555420285468106,-1.760102429023172,0.7331229250607978,0.16334566119801341
Run_0615_214945,49.38184356689453,Phase_3_Final_Insertion,-0.099758910246051,-0.6023858295577798,0.2117987167929685,4.959715510173243,-3.4226709919906524,0.8292459119148745,3.4923419706568297,-0.40416337342316944,0.8071092183827467,-0.06499093693879696,-0.22030451080967994,-0.6023858295577798,0.07922410697215432,-1.755767573416613,-1.7606644795655038,0.7328995554192068,0.16334566119801341
Run_0615_214945,49.483070611953735,Phase_3_Final_Insertion,-0.0998321128558945,-0.6024546591047012,0.21017780376105524,7.927549785307894,-4.508653268567468,3.978616711137871,5.1661107584163934,-0.3573464503242007,1.3423582295237482,-0.5920445401787033,-0.21921011427492132,-0.6024546591047012,0.07802618631375394,-1.7556097884799282,-1.7602950039349499,0.7329525984798687,0.16334566119801341
Run_0615_214945,49.58459234237671,Phase_3_Final_Insertion,-0.0997429285915321,-0.602386819537395,0.20858528251772943,11.796958283173753,-3.2071486494873116,1.9875106382642465,11.177308429931598,-0.32611098583147247,1.9551164403073986,-0.6941429315881416,-0.2180209689064762,-0.602386819537395,0.07696316654152038,-1.7555656782196134,-1.7602713297612012,0.7333351936488374,0.16334566119801341
Run_0615_214945,49.68531560897827,Phase_3_Final_Insertion,-0.09979044334474917,-0.6022015176386288,0.20681679960164945,9.426870363422507,-5.143964082941172,4.026644763509618,6.79644394596802,-0.4272820288763362,1.6021130953852294,-0.7655508123084804,-0.2168040606483097,-0.6022015176386288,0.07567906227494148,-1.7556134582620062,-1.7602918289555594,0.7330622722210268,0.16334566119801341
Run_0615_214945,49.786839723587036,Phase_3_Final_Insertion,-0.10032212594380845,-0.6022688601332036,0.20509676383836295,9.193837589518042,-5.558821902581846,1.0876778767926456,7.241761216316589,-0.35414108230501634,1.4739697007688106,-0.593978525428533,-0.21596376806744014,-0.6022688601332036,0.07408685695160452,-1.7556394719917778,-1.760390813610507,0.7329305682210796,0.16334566119801341
Run_0615_214945,49.88798499107361,Phase_3_Final_Insertion,-0.10040889669255025,-0.6021853274692385,0.20346104774063883,10.21692630930892,-3.7658936343878735,0.9692172247992566,9.447975778730495,-0.3456168852697953,1.6724868076394157,-0.7416104980531351,-0.2148684983074874,-0.6021853274692385,0.07286887482196383,-1.7556868423356298,-1.7602913558121367,0.7332409246732786,0.16334566119801341
Run_0615_214945,49.99013161659241,Phase_3_Final_Insertion,-0.10041859395194981,-0.6020435865239557,0.20157013871068624,6.840185990130379,-4.935886534315571,2.79684232826412,3.8213664428798593,-0.4628405572302933,1.3152961528799851,-0.6586781497960723,-0.21353828070768138,-0.6020435865239557,0.0715249432263971,-1.7554724540105384,-1.760423252464135,0.7329519313909522,0.16334566119801341
Run_0615_214945,50.091609954833984,Phase_3_Final_Insertion,-0.10037655451085761,-0.6019264150131386,0.19986374244876282,9.708467586087718,-4.40602899757333,3.9791628629399844,7.681634868493693,-0.4732258856051556,1.4168245869304945,-0.7984924147599737,-0.2123019499656104,-0.6019264150131386,0.07034806523207329,-1.75554060559752,-1.7604252089882826,0.7330418733939953,0.16334566119801341
Run_0615_214945,50.19303798675537,Phase_3_Final_Insertion,-0.10033079290654304,-0.6015229786278239,0.19802148475867282,7.694700604066901,-5.085057475287633,2.011578911331828,-5.413331519751395,-0.6691594519950393,0.11169831005775012,-0.03726311990191825,-0.21096691871952586,-0.6015229786278239,0.0690777506674464,-1.7558102669610587,-1.7606493431446522,0.7328311498077614,0.16334566119801341
Run_0615_214945,50.29410743713379,Phase_3_Final_Insertion,-0.10052999382928568,-0.6017233173867974,0.19645279776694133,7.637263648433911,-5.4227644172991605,0.4940910253873398,5.355118688581593,-0.4777187008185823,1.1005983914154234,-0.32782708970316793,-0.20999854583340333,-0.6017233173867974,0.067827665134744,-1.7556323536484864,-1.760325428899996,0.733170883808638,0.16334566119801341
Run_0615_214945,50.39485454559326,Phase_3_Final_Insertion,-0.10053732553290967,-0.6016197915784407,0.1946235694867303,6.383813811069754,-3.0047545961301156,2.5125641551683753,5.0409870023243375,-0.5363737817622642,1.1660317895019723,-0.5498516490663642,-0.2087102704094781,-0.6016197915784407,0.06652902111611839,-1.7556125271608467,-1.760384322944544,0.733047654976279,0.16334566119801341
Run_0615_214945,50.49545073509216,Phase_3_Final_Insertion,-0.10046810393057781,-0.6014121745193295,0.19305091856429732,13.750233981941259,-2.946045082137387,-1.736238764646879,13.31822915722221,-0.5589222350076313,2.0489104186004696,-0.1404312042833361,-0.20754929121337298,-0.6014121745193295,0.06546593604884021,-1.7555936543580206,-1.7601697962398846,0.7334154360675965,0.16334566119801341
Run_0615_214945,50.596635818481445,Phase_3_Final_Insertion,-0.10047954664607422,-0.6014064401114265,0.19114969474708868,7.060994899933003,-4.506349092507101,4.403970414031463,3.1867713168151655,-0.6013806700157177,0.9030078589686682,-0.5888147159284517,-0.2062130141813941,-0.6014064401114265,0.0641134765734159,-1.755616274855667,-1.7603725634743004,0.732964766294547,0.16334566119801341
Run_0615_214945,50.69891166687012,Phase_3_Final_Insertion,-0.10045033122332224,-0.6013109820745721,0.18931496800954012,10.018214000328447,-4.897828719434594,5.297631769680693,6.950610277114406,-0.6452602006785585,1.358583030057266,-0.7488189437125771,-0.20489500804010607,-0.6013109820745721,0.06283678727921421,-1.7555300159932443,-1.7603452442117298,0.7329620667598976,0.16334566119801341
Run_0615_214945,50.798922061920166,Phase_3_Final_Insertion,-0.10046581076225775,-0.6011808324906417,0.1875614260744655,5.560720011931855,-2.4450989762783877,4.043567006680219,2.931324599867603,-0.6652957444847193,0.9235757625089818,-0.5788864709444131,-0.20366601233367077,-0.6011808324906417,0.061585900198877025,-1.7556650663322426,-1.760505382896118,0.7329488466997959,0.16334566119801341
Run_0615_214945,50.89933776855469,Phase_3_Final_Insertion,-0.10052040607697815,-0.6011948572931466,0.18573987599375189,6.512409632157732,-2.6728495210516066,4.8909140468637755,3.3684290761459725,-0.6294600810881052,0.9723255355333106,-0.7611490099536017,-0.20241658663658707,-0.6011948572931466,0.06025926506727372,-1.7555047775481556,-1.7605050261876594,0.7330084710058902,0.16334566119801341
Run_0615_214945,51.001235485076904,Phase_3_Final_Insertion,-0.10056593495001506,-0.6011219846509048,0.18381958087294023,7.741565850068952,-4.393093138854199,2.616876763562328,5.812446170815996,-0.6257608982983937,1.040637689580008,-0.5470291424039213,-0.2010909267096459,-0.6011219846509048,0.05886921759060415,-1.7554402681725387,-1.7604275384598234,0.7328200848997024,0.16334566119801341
Run_0615_214945,51.10283398628235,Phase_3_Final_Insertion,-0.10076849685648576,-0.6011160208628799,0.18208242470196503,7.4073558801815205,-4.490923137727531,3.320682473942928,4.8655522208616295,-0.6499593585625104,1.1582604822158944,-0.6369106079043678,-0.20000580469884477,-0.6011160208628799,0.05749762978445205,-1.755536806776002,-1.7602520881759576,0.7329013888706863,0.16334566119801341
Run_0615_214945,51.20439100265503,Phase_3_Final_Insertion,-0.10065150391151245,-0.6010648378384158,0.1802305425904546,6.462562092193146,-4.747737862835853,2.9144039808823408,3.2756592340266204,-0.6487533748232215,1.0683150301243085,-0.7077150171928491,-0.19861359979509607,-0.6010648378384158,0.05627087789018656,-1.7556242021646515,-1.7603042134995233,0.7329870478620947,0.16334566119801341
Run_0615_214945,51.30544662475586,Phase_3_Final_Insertion,-0.10074004763986891,-0.601023810815857,0.1783628819179237,7.844237490088673,-3.897888438792656,5.3829960027862445,4.166759118742828,-0.6184312178018656,0.8526547528823191,-1.003553836568254,-0.19735557413934646,-0.601023810815857,0.05488763249293216,-1.755641285158136,-1.7604440606829497,0.7329803041127818,0.16334566119801341
Run_0615_214945,51.40626049041748,Phase_3_Final_Insertion,-0.10076313805029068,-0.6010267510686843,0.17652955933108255,5.716101219554953,-4.9297173400737915,2.880987252581198,-0.26760521227743056,-0.6369272462524218,0.6109410124580025,-0.8187220015434619,-0.1960755466918782,-0.6010267510686843,0.0535749502738847,-1.755640119519611,-1.760388036460998,0.7328074223462344,0.16334566119801341
Run_0615_214945,51.50745749473572,Phase_3_Final_Insertion,-0.10060623957049097,-0.6008472869228282,0.1746963668742972,7.952317232030108,-3.7969896659344755,5.375600600086408,4.463758172659049,-0.6735972469386022,0.9219051135023133,-1.0456946198853134,-0.19466833989544105,-0.6008472869228282,0.05238963143549599,-1.7555463510906995,-1.7603993871459176,0.7330201912458688,0.16334566119801341
Run_0615_214945,51.60919165611267,Phase_3_Final_Insertion,-0.10088331490484667,-0.6008254432345219,0.17277121848543675,5.466804702298119,-4.197694038130312,3.3206883399592124,-1.1128105697615367,-0.7365793216026408,0.4710576686771198,-0.3982829851068089,-0.1935029762627099,-0.6008254432345219,0.05083242410711997,-1.755644694279156,-1.7604615449523535,0.7327674917014685,0.16334566119801341
Run_0615_214945,51.71041393280029,Phase_3_Final_Insertion,-0.1009330460015129,-0.6009242224743522,0.17110003239962115,11.203208577853157,-3.756952705350385,6.8823878499805815,8.001870174595602,-0.6324060591514866,1.3211374503217008,-1.1309138161746601,-0.19235643444449363,-0.6009242224743522,0.04961555189752659,-1.7554420964656192,-1.7603246170756512,0.7330853494914168,0.16334566119801341
Run_0615_214945,51.81186628341675,Phase_3_Final_Insertion,-0.10080383550207184,-0.6008214773710985,0.16928436351123624,9.851666526481342,-4.309815513286241,4.417070261996097,7.679213103633727,-0.6349889317116763,1.2378120904191265,-1.0869001434612828,-0.19098119704077193,-0.6008214773710985,0.048423045734515474,-1.7554914801930361,-1.7603919579229093,0.7331358778087924,0.16334566119801341
Run_0615_214945,51.91290545463562,Phase_3_Final_Insertion,-0.10089584647429341,-0.6008454595958206,0.16740421280733775,7.788958380125807,-3.6188094352825244,6.82581616421736,-0.9901134332748044,-0.6673392322445573,0.4594955749244067,-1.2802933010340871,-0.18971679131079408,-0.6008454595958206,0.04702851683973472,-1.7555268771419388,-1.7605855513797695,0.7329274709814406,0.16334566119801341
Run_0615_214945,52.0150260925293,Phase_3_Final_Insertion,-0.10079629981458776,-0.6007473254890126,0.16561032278087384,7.939973068163258,-4.073568968912653,5.102471105294652,4.518185122181576,-0.6685232748007782,1.0346213403362037,-1.0987092254303328,-0.18837792939025622,-0.6007473254890126,0.04583043515544152,-1.755503550297493,-1.760396291925653,0.7330915374861822,0.16334566119801341
Run_0615_214945,52.116530418395996,Phase_3_Final_Insertion,-0.1006871925308221,-0.6007079856994573,0.16377965743376885,9.449541297214692,-5.087586858333696,5.129943853805853,6.090481651189482,-0.6743070866862881,1.120008962159351,-1.1344398988049176,-0.1870063030090075,-0.6007079856994573,0.04461310977464791,-1.7556138528795706,-1.7603160392500004,0.7331706895812143,0.16334566119801341
Run_0615_214945,52.217767000198364,Phase_3_Final_Insertion,-0.10087813565558873,-0.6005926770123398,0.16176497659036207,5.154757968422087,-4.737473691637176,2.024428959110907,0.1719305777625473,-0.7261707080525569,0.02096433021581706,-0.5336995142872669,-0.18571672570105138,-0.6005926770123398,0.04305349811000492,-1.7557027130596867,-1.7605262784000313,0.732841777265207,0.16334566119801341
Run_0615_214945,52.31883645057678,Phase_3_Final_Insertion,-0.1009656577711959,-0.6006665137781843,0.16000437396493603,7.981708208319368,-4.23176214272546,3.811669188559968,5.592050883810965,-0.686652472839783,1.016687040263052,-1.1389521722501845,-0.1845336791270874,-0.6006665137781843,0.04174667657314168,-1.7554392146817843,-1.7603896288199659,0.7328867072968569,0.16334566119801341
Run_0615_214945,52.41945958137512,Phase_3_Final_Insertion,-0.1008662271474281,-0.6003899455432616,0.158194763863138,4.50313898939116,-4.316304993058696,0.0877134817374976,1.280655421958963,-0.7527455395578387,0.5063814260987071,-0.10651266110827529,-0.1831837834844785,-0.6003899455432616,0.04053739706718046,-1.7556692951177062,-1.76048986890565,0.7331213898642445,0.16334566119801341
Run_0615_214945,52.52124619483948,Phase_3_Final_Insertion,-0.10092368224790811,-0.600563655519426,0.15659823948287668,13.613211700196281,-4.261575284380618,10.255514183024106,7.872924344340454,-0.7176163767054183,1.4450034226203226,-1.5123693862250949,-0.18209549716002926,-0.600563655519426,0.039367856960404846,-1.7553739753449848,-1.7602271290564913,0.733156482063288,0.16334566119801341
Run_0615_214945,52.62355947494507,Phase_3_Final_Insertion,-0.10107564555420885,-0.600467729350644,0.15468394636452543,6.410026352669237,-3.065429635454904,4.21951111106376,3.726567452173431,-0.669898113347636,0.6565516589847454,-1.0171402191828096,-0.18084934179924114,-0.600467729350644,0.03790679303086317,-1.755527129550627,-1.760433992083316,0.7330110723457477,0.16334566119801341
Run_0615_214945,52.72509574890137,Phase_3_Final_Insertion,-0.10101192321925188,-0.6006262028898799,0.15296560391286787,9.423480545482253,-2.3655949786651727,9.121332660962327,-0.08506747944154933,-0.6308145853863345,0.5153345884996897,-1.8421382192288143,-0.17958923170411223,-0.6006262028898799,0.03673679992605647,-1.7554321089728275,-1.7605542275208677,0.7329780395866824,0.16334566119801341
Run_0615_214945,52.82626676559448,Phase_3_Final_Insertion,-0.10111397037807131,-0.6005266750134323,0.1511324513318686,7.707353195191939,-4.423730707481943,6.287096145332545,0.5534636053629542,-0.7365337245843416,0.5800155084206122,-1.297370885410658,-0.17836515532114006,-0.6005266750134323,0.03536840706708022,-1.755499689707617,-1.760422999711885,0.7328296022851467,0.16334566119801341
Run_0615_214945,52.92633867263794,Phase_3_Final_Insertion,-0.10111725394951612,-0.6004829017247721,0.14960883734328806,8.554624419561495,-4.588283671824863,6.705545443257249,2.676735365148216,-0.6844729169887689,0.611413961972545,-1.3043522468953712,-0.17729011937353922,-0.6004829017247721,0.03428872744820913,-1.7555445311741664,-1.7603774952474183,0.7328658734086575,0.16334566119801341
Run_0615_214945,53.02752876281738,Phase_3_Final_Insertion,-0.10102898949715575,-0.6004191791073918,0.14798803407970443,7.043081089587814,-5.834630592669567,3.402099008583013,-1.9969475249470965,-0.7652346198379333,0.06264966765321103,-0.8874248771716056,-0.1760816260020882,-0.6004191791073918,0.03320505886236158,-1.755536280739682,-1.7605011104447903,0.7326057329273952,0.16334566119801341
Run_0615_214945,53.12857675552368,Phase_3_Final_Insertion,-0.10091611772775391,-0.6005190429149605,0.1469074954539177,8.0651778794624,-3.241881508766035,7.294484042467151,1.1523025057173806,-0.6608920380876613,0.4941685348748442,-1.8568516362177234,-0.17523775741891187,-0.6005190429149605,0.03252081506628238,-1.7556031622289365,-1.7604193598762037,0.7330284418514864,0.16334566119801341
Run_0615_214945,53.23015356063843,Phase_3_Final_Insertion,-0.10102485730963737,-0.6004952592077147,0.1457133466151628,9.807886397390646,-4.624699578590568,8.648973687809951,-0.045205524837696395,-0.6913369159836409,0.41252828744597925,-1.5609487254457388,-0.17447025717301543,-0.6004952592077147,0.03159953382891956,-1.755573486887054,-1.7603627613728225,0.7327528695697615,0.16334566119801341
Run_0615_214945,53.331977128982544,Phase_3_Final_Insertion,-0.10098328895835332,-0.6005570400788464,0.1449795282086791,11.293977985973777,-4.912150834589109,8.93869707617712,4.850196646142134,-0.6454902662359836,1.0782781152058558,-1.8810977467867835,-0.17392197593855557,-0.6005570400788464,0.03111003912061111,-1.7555821484535221,-1.7602975300790569,0.7332039418412212,0.16334566119801341
Run_0615_214945,53.432114362716675,Phase_3_Final_Insertion,-0.10088270779702882,-0.6005814510669994,0.14442539223408957,9.90744445551388,-3.2939519279434544,9.20415240984139,1.6096318684411286,-0.6137272230007197,0.43207431157006176,-2.5947780835592704,-0.17345902101199173,-0.6005814510669994,0.03078932743651161,-1.7557455364510013,-1.7603831042744975,0.7331298601211607,0.16334566119801341
Run_0615_214945,53.532525300979614,Phase_3_Final_Insertion,-0.10083913301265537,-0.6005286112139683,0.14400508801995546,9.37046098294976,-4.094005118802166,8.235956637117889,1.7926738107417242,-0.7282886550423874,0.48231834330096046,-2.173115538056214,-0.17313100902649703,-0.6005286112139683,0.030522939502055313,-1.7555550814995664,-1.7604086716018714,0.7330331003344419,0.16334566119801341
Run_0615_214945,53.63268995285034,Phase_3_Final_Insertion,-0.10095763049989662,-0.6006050861764739,0.1437574965222389,8.79171390146261,-5.14101908843682,7.023927305664396,1.2363661521738742,-0.709427757454499,0.44007893722785385,-1.9490361809122374,-0.17303972577627938,-0.6006050861764739,0.03026407549827395,-1.7555763162389841,-1.7603740825660668,0.7329088605319302,0.16334566119801341
Run_0615_214945,53.73276495933533,Phase_3_Final_Insertion,-0.1009652884218577,-0.6005994363592495,0.14360347335884951,12.568014478454339,-4.7289390147715515,11.638787920502065,-0.36157912935424796,-0.684241851412263,0.309748032659989,-2.320333798113665,-0.1729362299215354,-0.6005994363592495,0.030149749706433027,-1.7555999580177533,-1.7603524218182773,0.7329461534785473,0.16334566119801341
Run_0615_214945,53.833884716033936,Phase_3_Final_Insertion,-0.10083394915077903,-0.6006497082691219,0.1434895424797438,10.170086756366977,-6.34932218935769,7.804535808459608,1.485258624695646,-0.6358534538149248,0.3812696601441896,-2.5034983960285824,-0.17276279773511738,-0.6006497082691219,0.030162059298446647,-1.7555662581206606,-1.760379358433447,0.7329302417139879,0.16334566119801341
Run_0615_214945,53.935649394989014,Phase_3_Final_Insertion,-0.1010440621087978,-0.6006191372829567,0.14342225486616517,9.653472902562813,-2.8683428086343796,9.214549345945104,0.23287113134224183,-0.723357557625822,0.34582027538073645,-2.221026414241069,-0.1728637905046963,-0.6006191372829567,0.029965907473165132,-1.7555713784278077,-1.7603112247425352,0.7328336256839189,0.16334566119801341
Run_0615_214945,54.03676176071167,Phase_3_Final_Insertion,-0.10099713352794848,-0.6005864813348206,0.143396773507091,7.245027575658419,-4.073883278265451,5.625898185776979,2.059895436761621,-0.7263796337887187,0.5746204292673743,-1.878655555866628,-0.1728125889451511,-0.6005864813348206,0.029981072949119947,-1.7555508578702668,-1.7603152672114304,0.7329620622640083,0.16334566119801341
Run_0615_214945,54.13694357872009,Phase_3_Final_Insertion,-0.10082154901668301,-0.6006647178953584,0.14335652910783678,13.424852853708076,-6.659420458743136,11.634179631812046,0.7243325148831805,-0.6493662970577988,0.38096638507331543,-2.6992603356590386,-0.17265997485894652,-0.6006647178953584,0.03007677286008964,-1.7555543662101245,-1.7603788342080653,0.7329410029841442,0.16334566119801341
Run_0615_214945,54.238293409347534,Phase_3_Final_Insertion,-0.10087545883126815,-0.6005910850402559,0.14336132276798297,9.710833689731441,-4.831441456626767,8.386476282660254,-0.7902404451737528,-0.6611576740726115,0.10539936047637948,-2.403279161843934,-0.17270148448400827,-0.6005910850402559,0.030042042494220045,-1.7556305894800945,-1.7603753911869133,0.7329584410960688,0.16334566119801341
Run_0615_214945,54.34010171890259,Phase_3_Final_Insertion,-0.10097345799259042,-0.600642235991137,0.1433459194601303,8.87169161020027,-3.7336346349925735,7.992133937913196,-0.9448172084259634,-0.7039313563256521,-0.002674496428178066,-2.2717258077623854,-0.1727598885720945,-0.600642235991137,0.02996185483926317,-1.7556123909549952,-1.7604253939656949,0.7330219406131256,0.16334566119801341
Run_0615_214945,54.442063331604004,Phase_3_Final_Insertion,-0.10120650482257419,-0.6006937310058116,0.14333939816055227,9.691212482026014,-2.2694432554213053,9.375811916719861,0.9291811365355038,-0.778425401367543,0.426654290815419,-2.2381939413041034,-0.1729200663107563,-0.6006937310058116,0.029792454590293838,-1.7555456122281528,-1.7603423743397646,0.732906645596333,0.16334566119801341
Run_0615_214945,54.544286012649536,Phase_3_Final_Insertion,-0.10101185995735945,-0.6005543354746099,0.1433193180062898,10.449860697765512,-3.996477065152052,9.61673452198822,0.8638152603525507,-0.7721517374106389,0.4738490841759347,-2.1155768185060326,-0.17276823279339354,-0.6005543354746099,0.029915890481164054,-1.7554831158896915,-1.7603825392592365,0.7329766475529952,0.16334566119801341
Run_0615_214945,54.64562654495239,Phase_3_Final_Insertion,-0.1007723607153828,-0.6007237604664968,0.14333851521759136,14.819266087892174,-6.764238056522863,13.141702551985844,-1.0730260637876359,-0.6051146192327458,-0.1904073091847881,-3.273296683864539,-0.17261245573359402,-0.6007237604664968,0.030098816497545977,-1.7555219452923134,-1.7604678931727447,0.7329274081825365,0.16334566119801341
Run_0615_214945,54.745662450790405,Phase_3_Final_Insertion,-0.10092572716915821,-0.6006336646305891,0.14332801581179302,8.280312200991041,-4.4738602225956905,6.95115953750525,-0.4790886543291591,-0.7150257118314566,0.23396725102407695,-2.0876297059393516,-0.17271347799202671,-0.6006336646305891,0.029982945837036423,-1.7555111186449825,-1.7603474532392587,0.7327972198693502,0.16334566119801341
Run_0615_214945,54.846391916275024,Phase_3_Final_Insertion,-0.10100043377227458,-0.6006845470844363,0.1433526120430079,11.008235602423413,-2.2046802187604504,10.501856138225925,-2.45594256111074,-0.6888018055184967,-0.36124193337805244,-2.656735676404174,-0.17278369569957336,-0.6006845470844363,0.02994751245325708,-1.7555847935228037,-1.7603679283364226,0.7328305968745386,0.16334566119801341
Run_0615_214945,54.94827890396118,Phase_3_Final_Insertion,-0.1008901874098113,-0.6006152777437114,0.14334612573266367,10.89396339663344,-5.604569385614362,9.180247812188947,-1.7292456724894583,-0.7073230247626778,0.033869024108740195,-2.331436476522054,-0.17270115323504515,-0.6006152777437114,0.030020881889726736,-1.7555130554845229,-1.7603627120637002,0.7328087244838668,0.16334566119801341
Run_0615_214945,55.050172328948975,Phase_3_Final_Insertion,-0.10071537294869982,-0.6006239063807691,0.14336924526233993,16.114306126578818,-6.665460455389852,14.30264900191851,-3.267526646662452,-0.668231531969056,-0.31674157826231364,-3.1042263406544786,-0.1725938887203557,-0.6006239063807691,0.03016084235684008,-1.7555881651282568,-1.7603996785241174,0.7329960472286614,0.16334566119801341
Run_0615_214945,55.15058469772339,Phase_3_Final_Insertion,-0.10095732757250012,-0.6006677003849017,0.14339049720065344,9.206800999978402,-3.938569289213999,8.247861127364247,-1.1070878153865678,-0.7198721180663114,-0.19198305620664027,-2.4657619497140533,-0.17278000386527914,-0.6006677003849017,0.030004781991306267,-1.7556269623587974,-1.7603760704162625,0.7331076661131424,0.16334566119801341
Run_0615_214945,55.25237774848938,Phase_3_Final_Insertion,-0.10117825146578216,-0.6006676657721556,0.14339952575226633,7.931068730030302,-2.5437942251683734,7.502158517106401,0.3854604061020943,-0.7397777186915233,-0.005040472571109157,-2.2949449020592994,-0.17294260479841478,-0.6006676657721556,0.02985494935831018,-1.7556467971123413,-1.7603147719745629,0.7330985726477068,0.16334566119801341
Run_0615_214945,55.35298776626587,Phase_3_Final_Insertion,-0.1012049100245805,-0.6005794363247692,0.1433559886723013,7.921376545265323,-2.7670543189738215,7.357176950441286,-0.9816130029820186,-0.82507148169492,0.20816180541657198,-1.7386777956219708,-0.1729306698816414,-0.6005794363247692,0.029805313546130863,-1.7556651132781187,-1.7603105209342282,0.7330810945952572,0.16334566119801341
Run_0615_214945,55.45348000526428,Phase_3_Final_Insertion,-0.10092451332682677,-0.6007135202800655,0.14337030715467783,8.196467433775519,-4.20174713377423,6.998074239323277,0.7445511115313888,-0.6374930795418917,0.1655611287583115,-2.487815540796231,-0.17274252417122218,-0.6007135202800655,0.0300137086485196,-1.7555474853632578,-1.7603759690084575,0.7330756979579189,0.16334566119801341
Run_0615_214945,55.5548312664032,Phase_3_Final_Insertion,-0.10087344334774793,-0.600684152524993,0.1433219329591062,11.008990606067956,-5.283321465322701,9.606414355644148,1.0005956657046393,-0.6205844944908191,0.5214856382113043,-2.706389911256578,-0.17267220652097734,-0.600684152524993,0.030015614855318146,-1.7554374131857404,-1.760349008607209,0.7329016316787172,0.16334566119801341
Run_0615_214945,55.65590047836304,Phase_3_Final_Insertion,-0.1009983705715938,-0.600629448880988,0.14330167636294686,11.529731917343229,-2.9982833712741606,10.93604129537581,-2.0851896070091533,-0.7332761134563639,0.156596362315862,-2.3316124899239328,-0.17274621983160554,-0.600629448880988,0.029912954391673907,-1.7554706828867455,-1.760368191077506,0.7327150102913008,0.16334566119801341
Run_0615_214945,55.756282806396484,Phase_3_Final_Insertion,-0.10092255849706057,-0.600656922369734,0.14333291866343204,9.142054604524944,-5.3620868176684136,7.358623490240608,-0.8220995564902596,-0.7093601181600021,0.1211817294849987,-2.1987396974835107,-0.1727147042421402,-0.600656922369734,0.029988653266205118,-1.7556046059962103,-1.7603533677271626,0.7328692116893637,0.16334566119801341
Run_0615_214945,55.85776090621948,Phase_3_Final_Insertion,-0.10087943996611479,-0.6006429017358166,0.14334209257423794,8.77614092127562,-3.7750221053911224,7.8368939794523715,-1.1631639302867147,-0.6530782972391793,-0.054952094869590504,-2.5006638386393596,-0.1726907017710545,-0.6006429017358166,0.030025629606372534,-1.7556000663978606,-1.7603882905375525,0.7330153176698689,0.16334566119801341
Run_0615_214945,55.957804918289185,Phase_3_Final_Insertion,-0.10101731113167134,-0.6006447361146829,0.14336174775356253,8.674333252760704,-3.907748530634574,7.734786434731823,0.3829329058229564,-0.7300091367567223,0.30882630380110093,-2.369372827578244,-0.17280208971773547,-0.6006447361146829,0.029942038280863253,-1.7555143065920826,-1.7603309961011373,0.7329016552294004,0.16334566119801341
Run_0615_214945,56.0579297542572,Phase_3_Final_Insertion,-0.10094630260376028,-0.6005713379136078,0.14330489379668743,9.457672921568054,-6.616547180586374,6.74616804904463,0.39761432630816296,-0.7598639081415139,0.32417537511194516,-2.0003584501723863,-0.17271167728768383,-0.6005713379136078,0.02995204707402757,-1.7555227246871918,-1.7603632016962474,0.7328489554556805,0.16334566119801341
Run_0615_214945,56.1593177318573,Phase_3_Final_Insertion,-0.10092515213568014,-0.6006145983761806,0.14334482326116937,11.384143499618826,-3.3926209420289575,10.745660787067457,-1.6185242083147664,-0.6833670051029201,-0.06978363586704804,-2.5161656696998866,-0.17272495604338342,-0.6006145983761806,0.029995237108536632,-1.7555772016046494,-1.7603941198517497,0.7329252968958799,0.16334566119801341
Run_0615_214945,56.26059412956238,Phase_3_Final_Insertion,-0.10094597561259909,-0.6006457676826717,0.14336496435500273,11.336348356275954,-3.270721128126446,10.618165618514725,-2.251607482368892,-0.6829244067698225,-0.2498420388100102,-2.5755944795582466,-0.17275392236915077,-0.6006457676826717,0.029994754590829453,-1.7555910563633337,-1.760448203491999,0.7330141371407219,0.16334566119801341
Run_0615_214945,56.36218738555908,Phase_3_Final_Insertion,-0.10098316606061832,-0.6006725584884488,0.14332074718838012,13.08980763950862,-3.7903708715632747,12.46793416667343,-1.235625473531622,-0.6683247585056902,0.10523442955708377,-2.743554346072425,-0.17274895372877683,-0.6006725584884488,0.02993719071447598,-1.7554715812490365,-1.760387578268516,0.7327909446919403,0.16334566119801341
Run_0615_214945,56.46366882324219,Phase_3_Final_Insertion,-0.10086552749614976,-0.6007462010612443,0.1433606908956118,15.310120549885244,-3.033642838543319,14.965240271599939,-1.1128279262566578,-0.669843239865576,-0.0364469102848104,-3.1434224770650885,-0.1726940151683613,-0.6007462010612443,0.030048618207389993,-1.7555341222838234,-1.7604588098505376,0.7330516896775462,0.16334566119801341
Run_0615_214945,56.56432604789734,Phase_3_Final_Insertion,-0.10091504546000729,-0.6006539244127465,0.1433446452284576,11.955239163829262,-5.040880897512713,10.74965064002241,-1.4008120355401763,-0.6951535543803037,0.04112572146730385,-2.4944811979693533,-0.17271768365634213,-0.6006539244127465,0.0300022577193024,-1.7556060823645612,-1.7603560071138549,0.7329521853447554,0.16334566119801341
Run_0615_214945,56.665916204452515,Phase_3_Final_Insertion,-0.10070676217559087,-0.6007744181119262,0.14339777163864822,16.227299122382455,-6.692481863524752,14.699025196616446,-1.5730802849509866,-0.5753779398958329,-0.274823449531965,-3.5480149711978504,-0.17260797117842935,-0.6007744181119262,0.03018710228702695,-1.7556194000591379,-1.7604081078973697,0.7330593191504697,0.16334566119801341
Run_0615_214945,56.76811146736145,Phase_3_Final_Insertion,-0.10091175332111967,-0.6006025461004626,0.14331777291863046,7.778236375466957,-4.647122099629139,6.174920795044576,-0.8806647936087039,-0.7463916244406503,0.08011225851879984,-1.7857806055785594,-0.17269635417010515,-0.6006025461004626,0.029985584020529532,-1.7555009717299492,-1.7603946676424165,0.7329189159240452,0.16334566119801341
Run_0615_214945,56.86901521682739,Phase_3_Final_Insertion,-0.10084719912198405,-0.600738634295529,0.14337969609160714,13.597965644253936,-4.564099441966592,12.684245669125188,-1.7842583197030393,-0.6472053764974018,-0.36153994622100377,-3.306928507389564,-0.1726944937536667,-0.600738634295529,0.030075017028016793,-1.7556578873533837,-1.7604513388854297,0.7331827513640601,0.16334566119801341
Run_0615_214945,56.97081995010376,Phase_3_Final_Insertion,-0.10101810730110923,-0.6006047751165744,0.14333045882391673,8.55127417269977,-3.8656305715669292,7.5854385196317455,-0.8014441501041907,-0.732212445444753,0.2834270018000652,-1.9283066406918796,-0.17278052808021538,-0.6006047751165744,0.02991935068972615,-1.755479405813061,-1.760303846865597,0.7328270315703664,0.16334566119801341
Run_0615_214945,57.07177805900574,Phase_3_Final_Insertion,-0.10078016635496304,-0.6006581986752146,0.14335192920345907,13.5980855671597,-5.3244021567612245,12.405994328146432,-1.627875147200147,-0.683052140039465,-0.0754052679480996,-2.6724733147109463,-0.17262746027464249,-0.6006581986752146,0.030102782197237082,-1.7555641587897877,-1.7604273068196723,0.7331020750735832,0.16334566119801341
Run_0615_214945,57.17321729660034,Phase_3_Final_Insertion,-0.10108118239889419,-0.6005610201780434,0.14334657046431562,8.336448859967264,-3.57478204477769,7.113523430199351,-2.472872284447667,-0.7317912958921676,-0.2593554954342498,-1.8981868669645643,-0.1728365215597652,-0.6005610201780434,0.029886142510540475,-1.7556394396910893,-1.7602962000785376,0.7329143625598544,0.16334566119801341
Run_0615_214945,57.274638175964355,Phase_3_Final_Insertion,-0.10099788193732072,-0.6007039410388839,0.14335723177731885,9.395330625010997,-3.7254519370278616,8.611131124352381,-0.49159554246819614,-0.6643036870809027,-0.0871794436428562,-2.4650188627764034,-0.17278515792523158,-0.6007039410388839,0.029952583518515985,-1.755584286545969,-1.7603313396806866,0.7329834185788666,0.16334566119801341
Run_0615_214945,57.377206325531006,Phase_3_Final_Insertion,-0.10080458277997736,-0.6007024049236284,0.14332986503306086,12.356079135401302,-5.433656597306511,11.026812875745017,-1.2479845296119265,-0.5816726768740348,-0.21542713352859713,-3.0395767076632136,-0.17262912356983262,-0.6007024049236284,0.030069915453027285,-1.755613566112282,-1.760410024815911,0.7330150737995822,0.16334566119801341
Run_0615_214945,57.47933483123779,Phase_3_Final_Insertion,-0.10084392844635615,-0.6006379492783127,0.14330702799415154,11.240192198048398,-5.090933529179322,10.01033984472864,-0.4662752873400431,-0.6855454026499948,0.02759907852257956,-2.6413639441043637,-0.17264079693226436,-0.6006379492783127,0.030025945640445556,-1.7555478009148195,-1.760421104304341,0.7328801061969196,0.16334566119801341
Run_0615_214945,57.5810170173645,Phase_3_Final_Insertion,-0.10106330385170682,-0.6005963904398358,0.1433711231595561,5.361881181350157,-2.726178418389779,4.580043969263405,-0.5838820716862876,-0.7311834695791727,-0.01607614536520262,-1.8381412897591816,-0.1728412408951122,-0.6005963904398358,0.029916145929795385,-1.7556221727745582,-1.7602903839659283,0.7329384448647278,0.16334566119801341
Run_0615_214945,57.682478189468384,Phase_3_Final_Insertion,-0.1008460273925228,-0.6007251227069326,0.14336802492032752,15.43819687509062,-3.932086428386212,14.867415491420878,-1.3552031874288109,-0.6708133695929411,-0.11395731635558148,-3.125378104887624,-0.1726854124514627,-0.6007251227069326,0.030067592801508336,-1.7555198870841975,-1.7604320389834063,0.7331198724830266,0.16334566119801341
Run_0615_214945,57.783591747283936,Phase_3_Final_Insertion,-0.10069666664817312,-0.6006953735039043,0.14333516011779784,13.39486878565532,-6.952138304658587,11.416124264479896,-0.8731492173594407,-0.6499960940485986,0.12007053997687464,-2.9511217867002006,-0.1725565595315589,-0.6006953735039043,0.030149967871949984,-1.7555042860750019,-1.760480335147505,0.7331118381149488,0.16334566119801341
Run_0615_214945,57.88431453704834,Phase_3_Final_Insertion,-0.10092280321350096,-0.6006152613264778,0.14334548660030508,7.952711085986351,-4.340424162155218,6.663231364021482,-0.08763275226650291,-0.6882548996068156,0.1425165342128307,-2.321409535945051,-0.17272376415618312,-0.6006152613264778,0.029997367098939104,-1.7555119510052415,-1.7603574610727986,0.7329413099747895,0.16334566119801341
Run_0615_214945,57.98567509651184,Phase_3_Final_Insertion,-0.10088100175371041,-0.6006560875870514,0.14335830523219892,11.653236157268454,-3.0998669509231007,10.99160388912707,-2.318055600750382,-0.6724395387092615,-0.40239346166024803,-2.8734765343943494,-0.1727032702020394,-0.6006560875870514,0.03003598933615817,-1.755627075675918,-1.7604608389234084,0.7329775471571752,0.16334566119801341
Run_0615_214945,58.08671569824219,Phase_3_Final_Insertion,-0.10102405074508818,-0.6007418532579947,0.14340428070587008,11.309824604014237,-1.3376254851310407,11.155530660523322,-1.2950005085782221,-0.6325666633792344,-0.19198832995763362,-2.9121222145466676,-0.17283693068308564,-0.6007418532579947,0.029967347993514193,-1.755632749805026,-1.760336831453524,0.7330079955099034,0.16334566119801341
Run_0615_214945,58.18844294548035,Phase_3_Final_Insertion,-0.10084507370032043,-0.6006476695498287,0.14328823004996588,11.775326422586764,-5.560673055402555,10.357078122001736,-0.6842224083899879,-0.6488529233990836,0.12903869804053733,-2.4929352098507813,-0.17262831459530265,-0.6006476695498287,0.030011843669795174,-1.755527890691259,-1.7604284437126867,0.7329587459760398,0.16334566119801341
Run_0615_214945,58.29002904891968,Phase_3_Final_Insertion,-0.10075896201197788,-0.6007563947273383,0.1433374532620813,14.263777924180971,-6.144175356627008,12.869854348855913,-0.2670559802819292,-0.5891094731824448,-0.023375055400589064,-3.383266228990877,-0.1726022305036148,-0.6007563947273383,0.030107539895640217,-1.7555449622533996,-1.7604061096722576,0.7329484058144347,0.16334566119801341
Run_0615_214945,58.391615867614746,Phase_3_Final_Insertion,-0.1009713673905015,-0.6006175346066894,0.1433188340623033,11.400073000945948,-3.4723344463986012,10.818723398329883,-0.9272442772430491,-0.7490449248071436,0.21168324028412594,-2.2177391184537543,-0.17273925802470605,-0.6006175346066894,0.02994418084970238,-1.7554619626286996,-1.7603444026913024,0.7328486454631032,0.16334566119801341
Run_0615_214945,58.4935519695282,Phase_3_Final_Insertion,-0.10098460085113088,-0.6006626811061183,0.14334061118274372,8.300953475605441,-4.412411566597501,7.0274657321533684,0.22622589271069826,-0.6805553206985823,0.2189727919673532,-2.1889752454321187,-0.1727640142439938,-0.6006626811061183,0.029950222129490917,-1.7555740046834074,-1.7603100595443635,0.732893873941633,0.16334566119801341
Run_0615_214945,58.59583067893982,Phase_3_Final_Insertion,-0.10073875535574563,-0.600706314057598,0.14331153228241184,15.06671663375248,-6.890214822702348,13.205772280617891,-2.266818980701956,-0.594074361411345,-0.15826598011952836,-2.9917228918344665,-0.1725696133394686,-0.600706314057598,0.030103499258787886,-1.7555435011439142,-1.760475998310492,0.7329939248612375,0.16334566119801341
Run_0615_214945,58.697338342666626,Phase_3_Final_Insertion,-0.10078244610374806,-0.6007172423600033,0.14336372586767446,13.191563591859525,-8.085647694086214,10.403746237427129,-0.6338103757536173,-0.6000407753511022,0.05829652534742436,-2.914645163467685,-0.17263741380172987,-0.6007172423600033,0.030109511672673894,-1.7555185365477755,-1.7603688159628113,0.7329455998348902,0.16334566119801341
Run_0615_214945,58.797619342803955,Phase_3_Final_Insertion,-0.10084429637103573,-0.6006208371778591,0.143347141503393,12.18014471280919,-6.506984735067379,9.966910058754419,-2.5837528448506397,-0.6823628958218885,-0.14115630827366185,-2.6137868850347705,-0.17266942162870208,-0.6006208371778591,0.030054050012811473,-1.7555685926008902,-1.7604440594906927,0.7330252246451966,0.16334566119801341
Run_0615_214945,58.8978271484375,Phase_3_Final_Insertion,-0.10095786371212963,-0.6006055911788221,0.14335270662977218,9.238558147192595,-4.694969043559653,7.418036584782572,-2.8776649467758673,-0.706230180415696,-0.31203582222201703,-2.2498628009400505,-0.17275366100431178,-0.6006055911788221,0.02997768091440353,-1.755586354449807,-1.7604077710976669,0.7329807246831306,0.16334566119801341
Run_0615_214945,58.99876856803894,Phase_3_Final_Insertion,-0.10090181183087621,-0.6006232232590443,0.14332376528843646,8.871171881042,-5.644943347371059,6.823263675159831,0.5247646779327363,-0.7075918572675477,0.2199864715159264,-2.111191626891446,-0.17269356172026412,-0.6006232232590443,0.029996850961020977,-1.7554688553630846,-1.7603910329858352,0.7329142858619889,0.16334566119801341
Run_0615_214945,59.10055088996887,Phase_3_Final_Insertion,-0.10097517443514793,-0.6006217713816775,0.14336855908539708,6.35900827143661,-3.3476895223684404,5.2478449025268565,-1.3000326676844214,-0.6239280062737795,-0.2743491861490688,-2.1768527535635833,-0.1727771109128161,-0.6006217713816775,0.029976649763640895,-1.7556416394637209,-1.7603076639714974,0.7329239384188835,0.16334566119801341
Run_0615_214945,59.20150279998779,Phase_3_Final_Insertion,-0.10080535187102972,-0.600664585755873,0.14332641280456934,13.433414936232875,-6.079137974595249,11.971593615015227,-0.42622136474502015,-0.6439833667700373,0.21109158007813708,-2.811246153453983,-0.17262722630515454,-0.600664585755873,0.030066930529352276,-1.7554905048797862,-1.7603254309044578,0.7327891053224131,0.16334566119801341
Run_0615_214945,59.30355978012085,Phase_3_Final_Insertion,-0.1010043860054736,-0.6006728890649136,0.14336730597216185,7.486622057887731,-2.752044805547249,6.751516412407013,-1.7008190259137663,-0.672023609173326,-0.3340762865100284,-2.3322327254550634,-0.17279688052741626,-0.6006728890649136,0.029955107979308282,-1.755670145240451,-1.760305459499652,0.732874935589807,0.16334566119801341
Run_0615_214945,59.405007123947144,Phase_3_Final_Insertion,-0.10093288558942556,-0.6006385410778621,0.14330889598605792,9.373418936671598,-5.233025226671338,7.775342388205633,0.14310934821947657,-0.6920082542624969,0.22765772925260158,-2.265431659676607,-0.17270502000110793,-0.6006385410778621,0.029964364311090397,-1.7555160128752723,-1.7603680856144,0.732910730371985,0.16334566119801341
Run_0615_214945,59.52658653259277,Phase_3_Final_Insertion,-0.100852643286804,-0.6006640644343426,0.14337930837044627,8.972529046778744,-4.633728192238882,7.426088600943002,-1.9718135375038033,-0.6614663088384266,-0.3608715768983137,-2.5129345431819807,-0.17269806919926672,-0.6006640644343426,0.030070893261892634,-1.7556426829992429,-1.7604420521905448,0.7331447985210817,0.16334566119801341
Run_0615_214945,59.628215074539185,Phase_3_Final_Insertion,-0.10096291721515223,-0.6006404563845265,0.14334293691090527,7.545648762162407,-2.969771592166082,6.930832404066597,0.2843134168955641,-0.7281467859684507,0.2735560579320563,-2.1573775185725146,-0.17275032613610675,-0.6006404563845265,0.029967199313686438,-1.7554593554163367,-1.7604142940079472,0.7330770693859867,0.16334566119801341
Run_0615_214945,59.72951054573059,Phase_3_Final_Insertion,-0.10092347554558012,-0.6007011778502301,0.14337642088316052,9.982386624733415,-3.572034672998994,9.250660322390441,-1.1462524243379981,-0.6757316651879289,-0.231225588975176,-2.643837404838135,-0.17274611340793372,-0.6007011778502301,0.03001876552954494,-1.755608692390909,-1.7604213161966886,0.7331949372243731,0.16334566119801341
Run_0615_214945,59.83090686798096,Phase_3_Final_Insertion,-0.10093547992805087,-0.6005952029971372,0.14335081855073464,10.715561246094476,-3.9635210909298193,9.955464021421623,0.04989487685027394,-0.6620395107929978,-0.07383789924489015,-2.708896006546743,-0.17273649820531023,-0.6005952029971372,0.02999217356642339,-1.7555520501114719,-1.7603778888811796,0.7329623465447237,0.16334566119801341
Run_0615_214945,59.9315927028656,Phase_3_Final_Insertion,-0.10100866499903781,-0.6005742566540293,0.14332236832930256,9.127978418743627,-3.8682534335211796,8.261021855609648,-0.33484815699168285,-0.6979463151126722,0.1760656157130439,-2.058946574423409,-0.17276813052078582,-0.6005742566540293,0.029920306561946025,-1.7554535986677997,-1.7602961023733579,0.7327762532419604,0.16334566119801341
Run_0615_214945,60.03379511833191,Phase_3_Final_Insertion,-0.10081283647749477,-0.6006086583398258,0.1433015009051088,13.34236445720367,-4.384915134294525,12.541365345069913,-1.2269327020525869,-0.6344400922448643,-0.016421204119497084,-2.635514741058679,-0.1726149033480997,-0.6006086583398258,0.030044022740325527,-1.7555457954124645,-1.7604048867346305,0.7328307061942823,0.16334566119801341
Run_0615_214945,60.134071826934814,Phase_3_Final_Insertion,-0.10095681883066923,-0.6006541987468619,0.14334633679065237,9.357914990006195,-3.3942899089264986,8.430746473537281,-2.2297719330194052,-0.6682486091574976,-0.23722384454079617,-2.285286325945077,-0.17274841800510893,-0.6006541987468619,0.029973915600733037,-1.755630348798735,-1.7603232084894997,0.7328260112668938,0.16334566119801341
Run_0615_214945,60.23597002029419,Phase_3_Final_Insertion,-0.10075164221068734,-0.600706900617624,0.143351675805899,13.832229618398964,-6.376349896502962,12.255492310749739,-0.6896712511292987,-0.6209461704528516,-0.15108792758916012,-3.054066878722853,-0.17260711147966454,-0.600706900617624,0.030122772633948913,-1.7555426773483354,-1.7604003769278445,0.7329463456542122,0.16334566119801341
Run_0615_214945,60.33756184577942,Phase_3_Final_Insertion,-0.10077608224302076,-0.6007050205099511,0.1433379320203428,9.88125542976709,-6.477005994555602,7.451765917872112,-0.3984807649460962,-0.6219693787270291,0.03005992222728322,-2.674307279517154,-0.17261467486829396,-0.6007050205099511,0.030095772597387577,-1.7554842179205652,-1.7604118855850255,0.7329233309895938,0.16334566119801341
Run_0615_214945,60.43867325782776,Phase_3_Final_Insertion,-0.10080065917137936,-0.6006151860412654,0.1434008958335202,10.119280320417085,-5.633065422287962,8.113840644754546,-2.198635518437147,-0.6648290068332005,-0.19976934460953785,-2.3015974982501612,-0.17267657552026416,-0.6006151860412654,0.03012291622395158,-1.7556567954512314,-1.760405521753115,0.733142134821135,0.16334566119801341
Run_0615_214945,60.53923726081848,Phase_3_Final_Insertion,-0.10086551990707256,-0.6006376226887932,0.14336726418782764,11.60421239338651,-7.40957756613444,8.648868713483116,-2.225528148371791,-0.6748917212552804,-0.16460343479903777,-2.4302809495380644,-0.1726986578215739,-0.6006376226887932,0.0300532715931785,-1.755610853653323,-1.760453422377062,0.7331336090273387,0.16334566119801341
Run_0615_214945,60.63996076583862,Phase_3_Final_Insertion,-0.1009285827074674,-0.6006109076047246,0.14332851582262843,10.5059517481421,-8.923429534247706,5.500229676340213,-0.7034919964805839,-0.6698906895156055,0.08259853904612392,-2.01868321050292,-0.17271585072358145,-0.6006109076047246,0.02998128022758642,-1.755603658754016,-1.7603624818780852,0.7329736470134826,0.16334566119801341
Run_0615_214945,60.740248680114746,Phase_3_Final_Insertion,-0.10083429985151549,-0.6006092494131714,0.1433376348723129,10.561861952353116,-4.108081034900266,9.562003987737375,-1.8012989340338912,-0.6113004238233206,-0.25343182634022715,-2.5617562860913634,-0.1726556308186581,-0.6006092494131714,0.030054396416249546,-1.7556230519162657,-1.760370802695501,0.732889807310594,0.16334566119801341
Run_0615_214945,60.84092330932617,Phase_3_Final_Insertion,-0.10096419313682758,-0.6006859089560405,0.14334255711409913,9.248848169773659,-3.2731269525053235,8.402523082505773,-2.0555870860331975,-0.603403800204014,-0.27386648685635895,-2.545703136507308,-0.17275095979207855,-0.6006859089560405,0.029966028543920442,-1.7555841468443163,-1.7603435565303078,0.7328594538671204,0.16334566119801341
Run_0615_214945,60.942883253097534,Phase_3_Final_Insertion,-0.10085291145943213,-0.600677640870841,0.14332680930196695,13.260971160645477,-5.607567525429493,11.969954546331746,-1.062417399128789,-0.6084595230133992,0.07864502228175199,-2.7656006222079426,-0.1726611363786229,-0.600677640870841,0.030033581187881048,-1.7555564463167825,-1.760343869826407,0.7328415184737274,0.16334566119801341
Run_0615_214945,61.04385590553284,Phase_3_Final_Insertion,-0.10071543747288536,-0.6006844277234051,0.14332123759314017,13.017727570382773,-7.673962324666716,10.434985801307652,-1.2971525210272332,-0.6388767580210767,0.10758997770771757,-2.68803027135993,-0.17255998779740472,-0.6006844277234051,0.030126850182910808,-1.7555527508386763,-1.7604093841501898,0.7330126797160701,0.16334566119801341
Run_0615_214945,61.14471626281738,Phase_3_Final_Insertion,-0.10089997115395978,-0.6005956649582814,0.14331773607871368,7.023505753214635,-3.810551205261255,5.876428412931029,-0.5262334892592677,-0.7224079209298976,0.16560399549448787,-2.1066289813198087,-0.17268799687005434,-0.6005956649582814,0.02999388922107038,-1.7555638702184442,-1.7604041952780631,0.732977698409288,0.16334566119801341
Run_0615_214945,61.24487042427063,Phase_3_Final_Insertion,-0.10097086989110836,-0.600684731346106,0.1433660521661715,8.389049116961012,-3.3687275777848105,7.602805332201121,-1.1068742810773966,-0.6343157965659687,-0.2076126697494922,-2.4664218291543523,-0.1727722944809515,-0.600684731346106,0.029977920876336883,-1.7556497722644735,-1.760350360393757,0.7330764282795299,0.16334566119801341
Run_0615_214945,61.345651388168335,Phase_3_Final_Insertion,-0.10090042286959953,-0.6005835405916681,0.14331962757779088,8.024170036448043,-4.491422660356993,6.64547796153102,-0.22814452145036282,-0.7260679718789742,0.3276956578895005,-1.9972206773061303,-0.1726896537730705,-0.6005835405916681,0.029994907301702428,-1.755471398889618,-1.76037277710895,0.7328777391254717,0.16334566119801341
Run_0615_214945,61.44731640815735,Phase_3_Final_Insertion,-0.10099633781144701,-0.6007067536011504,0.14336496916879718,11.774415614826939,-1.719432558827772,11.597118452499597,-1.0896138513330307,-0.6218433484204425,-0.11834714531205581,-2.806427491287624,-0.1727895372253383,-0.6007067536011504,0.02995914654237533,-1.755623822906301,-1.760308900230118,0.7329088003654097,0.16334566119801341
Run_0615_214945,61.54940319061279,Phase_3_Final_Insertion,-0.10084470388466442,-0.6007076343584229,0.14332529109127926,12.049499539871547,-4.997757307951848,10.95720812396636,-0.39044997152535477,-0.6038048094631964,0.11991997091078045,-2.7181275628747845,-0.172654259209775,-0.6007076343584229,0.030038311282583857,-1.7555528052036062,-1.7603616145771064,0.7328707700840528,0.16334566119801341
Run_0615_214945,61.64960074424744,Phase_3_Final_Insertion,-0.10067401742475922,-0.6007362426237124,0.14335683415365152,15.127867013971203,-6.858622540326744,13.394601993078187,-1.54799699248604,-0.560518400199945,-0.26048403341936016,-3.469613938641646,-0.17255586996982214,-0.6007362426237124,0.030181309149142382,-1.755540520320786,-1.7604182002776705,0.7329637728121334,0.16334566119801341
Run_0615_214945,61.750911712646484,Phase_3_Final_Insertion,-0.10089080162209099,-0.6005998183290397,0.14333907106599703,9.199670639974602,-5.926980493460511,6.8960803005447255,-1.3960367482943572,-0.7324063712573055,0.02388745021265974,-1.9634490375715292,-0.17269659914607421,-0.6005998183290397,0.03001545917341969,-1.7556175118541644,-1.7603812487314174,0.73292866458427,0.16334566119801341
Run_0615_214945,61.8515408039093,Phase_3_Final_Insertion,-0.10091603221098742,-0.6005865678468089,0.1433317175946734,7.832536104869027,-4.602448452487865,6.106852976798331,-1.6948264796250685,-0.7115879777775221,-0.04421673968641646,-1.875003731090823,-0.172709240177138,-0.6005865678468089,0.029992418763479495,-1.7555815980025258,-1.7603394232870715,0.7329029301609151,0.16334566119801341
Run_0615_214945,61.95283579826355,Phase_3_Final_Insertion,-0.10094857855983413,-0.6007479569572689,0.143392652467649,7.598499377396596,-4.838811026032863,5.856508145574855,0.15624654701662646,-0.6523448923450966,-0.05898238519443733,-2.384902978866436,-0.17277534138300218,-0.6007479569572689,0.030012492481398922,-1.7556827914566688,-1.7603344731999604,0.7331284009541811,0.16334566119801341
Run_0615_214945,62.05375623703003,Phase_3_Final_Insertion,-0.10081993800593395,-0.6007387891342366,0.1433415791219699,13.39874306428851,-5.670807613006722,12.13686659294226,0.2544130975530737,-0.592689213590549,0.1310911434706188,-3.17557457114896,-0.17264826446593617,-0.6007387891342366,0.030067340780329743,-1.7555125189122915,-1.7603548245888472,0.732963799234254,0.16334566119801341
Run_0615_214945,62.15588164329529,Phase_3_Final_Insertion,-0.10078243938157222,-0.6006579154161632,0.14332813211758288,11.861964056672463,-6.811444134721605,9.679495521594156,-0.7859939750371807,-0.6716991526800828,0.11274296324688565,-2.677934579672657,-0.17261224046637613,-0.6006579154161632,0.030084347843912396,-1.755499110501812,-1.7604374545475798,0.733078992287027,0.16334566119801341
Run_0615_214945,62.257590770721436,Phase_3_Final_Insertion,-0.10084057454641233,-0.6007092401650774,0.14334348146838977,10.86459961899842,-5.565104439796112,9.330895046440688,0.05945660275257134,-0.6263461522645859,0.15275746705612922,-2.800233225490021,-0.17266420186570233,-0.6007092401650774,0.03005409370467091,-1.7554997582379932,-1.7603675406820416,0.7330135787989744,0.16334566119801341
Run_0615_214945,62.359689235687256,Phase_3_Final_Insertion,-0.100775258402574,-0.600666329511997,0.14334817372662229,12.342265226122175,-4.539715630354881,11.161245129852245,-2.673780106666549,-0.6129661929207504,-0.3077700490413449,-2.826603028055296,-0.17262133430508858,-0.600666329511997,0.030103597120515246,-1.7555914050070216,-1.7604279047089983,0.7330196513704181,0.16334566119801341
Run_0615_214945,62.459786891937256,Phase_3_Final_Insertion,-0.100996786151335,-0.6006862071967761,0.1433536895987461,7.5826914352008945,-3.502056049727787,6.7214540134844825,-0.23424083898277923,-0.6727564206059718,0.11097596753803372,-2.2173216379433227,-0.17278187838904138,-0.6006862071967761,0.02995085365772826,-1.7555093179877514,-1.760331725518704,0.7329226381848051,0.16334566119801341
Run_0615_214945,62.56086015701294,Phase_3_Final_Insertion,-0.10091527122085486,-0.6007043603619734,0.14334744456578224,10.750059625153803,-5.089548475402745,9.432368480835754,-0.8310854965788647,-0.6175103571711678,-0.024826201434247467,-2.584078145147361,-0.17271982272377345,-0.6007043603619734,0.03000407751268125,-1.755632799204359,-1.76036974556505,0.7330269045256921,0.16334566119801341
Run_0615_214945,62.661556243896484,Phase_3_Final_Insertion,-0.10078447099598141,-0.6006071642686682,0.14331182069045922,13.152542209588763,-7.126170406172567,11.054711194517788,0.02055049895883147,-0.6884311223258068,0.2813511159156268,-2.604332317534348,-0.17260214311397165,-0.6006071642686682,0.030071377354856932,-1.7555212346884752,-1.760411604172502,0.732971694037524,0.16334566119801341
Run_0615_214945,62.76341271400452,Phase_3_Final_Insertion,-0.10074155272734107,-0.6007131235519657,0.14334601197363703,11.065213815480629,-6.738133095324564,8.7017454537647,-1.1472337294032964,-0.5704386739742695,-0.15981477067861713,-2.800499563269978,-0.17259597220337178,-0.6007131235519657,0.03012590204184179,-1.755579197304649,-1.7604374870035353,0.7331025466585741,0.16334566119801341
Run_0615_214945,62.86342167854309,Phase_3_Final_Insertion,-0.10086038591666825,-0.6006677064715129,0.14335858072654936,9.259881725964375,-5.1576119745602975,7.50112559536735,-1.6963381447241053,-0.6371629205413183,-0.3576912772904974,-2.5015399868653634,-0.17268888740779043,-0.6006677064715129,0.030050761738253884,-1.755613375260079,-1.760429228828046,0.7330626427875464,0.16334566119801341
Run_0615_214945,62.963451623916626,Phase_3_Final_Insertion,-0.10062155868190983,-0.6006113348534082,0.1433730061898182,16.818934110641116,2.0853013763855155,16.650553533500034,-1.1345174374073952,-0.8102661480221134,0.1145529554009895,-3.7621695153665127,-0.17253021139345986,-0.6006113348534082,0.030229838438382756,-1.7555728138643412,-1.7604703552828374,0.7332949188978932,0.16334566119801341
Run_0615_214945,63.06491708755493,Phase_3_Final_Insertion,-0.10039560126916652,-0.5997628014417076,0.14339339864486036,14.999923390166131,0.1752741023517393,14.954433497765972,-1.1540794863408605,-1.3389676382996332,0.23227144815163975,-3.40186254465158,-0.17238485501789508,-0.5997628014417076,0.030404034100438265,-1.7557223107161122,-1.7603011278110279,0.7330633404742462,0.16334566119801341
Run_0615_221745,4.231861591339111,Phase_0_Cal_Plunge,0.10070032834682414,-0.6003683349548311,0.30094209743262373,0.33489861972457463,-0.3258722277943553,-0.04778291655319712,0.060672642364077406,-0.004595309240589459,-0.021969934678655326,-0.01673104299306816,-0.14159231279735962,-0.6003683349548311,0.2840040828808622,-1.7558875536674678,-1.7591538186000817,0.7331585765157157,0.18289240260889073
Run_0615_221745,4.332154035568237,Phase_0_Cal_Plunge,0.10087451025448209,-0.6004261680337593,0.2985048852489815,1.542880298616511,-0.4551094607439445,0.24043894635477822,1.4544910132675744,0.0350978071777521,0.08584353104290374,-0.005336112662131078,-0.13974577832705082,-0.6004261680337593,0.2824038788266833,-1.7557583699539288,-1.759419614459033,0.7334053192737051,0.18289240260889073
Run_0615_221745,4.434117794036865,Phase_0_Cal_Plunge,0.10079630055564932,-0.6003935499439849,0.29345140800935976,0.6497314683405923,-0.40346061368662506,-0.12716060887301123,-0.4931538235750373,0.033046721052594284,-0.028183656068853744,-0.02004187169254493,-0.1362277329107416,-0.6003935499439849,0.27877522819357564,-1.7559042234915274,-1.7592889600676251,0.7332452521327547,0.18289240260889073
Run_0615_221745,4.5362749099731445,Phase_0_Cal_Plunge,0.10073907255915532,-0.6003788220206836,0.28836445950030537,0.8032259050637139,-0.6375615058431686,0.31604203189009655,-0.37256491368779315,0.019807559692281207,-0.0110265906693793,-0.03567765219148701,-0.1326711834288371,-0.6003788220206836,0.2751377461028819,-1.7557874736046526,-1.7592472077353138,0.733213063219788,0.18289240260889073
Run_0615_221745,4.638497829437256,Phase_0_Cal_Plunge,0.10067443259536923,-0.6003545829163989,0.28323108732687324,0.47238315308048157,-0.3750705790235652,0.06594573173768736,-0.2794978792956508,0.02012049044894482,-0.013685759584472205,-0.010470428391066208,-0.1290870485113777,-0.6003545829163989,0.2714621964719649,-1.7557522681503774,-1.759194825820695,0.7330559801361471,0.18289240260889073
Run_0615_221745,4.7397754192352295,Phase_0_Cal_Plunge,0.10070381047517514,-0.6003751561414913,0.2781954882594127,0.3258547371908151,-0.28700490243672633,-0.12640235171044434,0.08849825540116303,0.026048272886211647,0.005998116710421018,-0.010309816643244369,-0.12550556896541204,-0.6003751561414913,0.2679222635220545,-1.7558797373325128,-1.75910893074778,0.7332360237697578,0.18289240260889073
Run_0615_221745,4.84107780456543,Phase_0_Cal_Plunge,0.1006773474100321,-0.6003644698805385,0.2731518257444899,0.6099820997319472,-0.4289269543772409,-0.06436458758600035,-0.4289021213131774,0.02186382082761721,-0.01529383506978661,-0.0061865171555405595,-0.12195787321190733,-0.6003644698805385,0.2643371433429226,-1.7558298373625318,-1.759164301314352,0.7330802527729549,0.18289240260889073
Run_0615_221745,4.9429991245269775,Phase_0_Cal_Plunge,0.10064047930566275,-0.6003673232619258,0.2680282283351709,0.5964780165312294,-0.5384051366992862,0.22149610239612993,-0.12978986710901444,0.017464699667516317,0.0002220173611343766,-0.024618949812081323,-0.11836101242631716,-0.6003673232619258,0.26068814318411426,-1.755738386137705,-1.7591632142998217,0.7330252092238865,0.18289240260889073
Run_0615_221745,5.044695138931274,Phase_0_Cal_Plunge,0.10076186808969699,-0.6003892928602664,0.26288590733053935,0.3327919885914309,-0.060560498608596004,-0.029277853336982056,-0.32592290650228234,0.02092533921382345,-0.019950962022599997,-0.0007008315558354044,-0.11463900754055356,-0.6003892928602664,0.25713780796305186,-1.7557721322577844,-1.7593106030255343,0.7331972076061475,0.18289240260889073
Run_0615_221745,5.1461501121521,Phase_0_Cal_Plunge,0.10070848096274944,-0.6003805537419963,0.2579000762905624,0.5614901864565355,-0.42885996221332434,0.12694627493312488,-0.33946281913927545,0.025933376083600957,-0.013720873157376716,-0.01833775920554613,-0.11115124300182813,-0.6003805537419963,0.25357454262534107,-1.7558996565494647,-1.7591138877271877,0.7332097963952203,0.18289240260889073
Run_0615_221745,5.247825860977173,Phase_0_Cal_Plunge,0.10069268186772634,-0.6003683309976007,0.2527748962103362,0.5741241888273703,-0.45738964880877914,-0.2277073354862511,-0.2618447301837856,0.014091819064337603,-0.0023529875741338294,-0.012418919184518873,-0.10753836505952544,-0.6003683309976007,0.2499393213885835,-1.7558496046732888,-1.7591668348046299,0.7331451372382574,0.18289240260889073
Run_0615_221745,5.349543333053589,Phase_0_Cal_Plunge,0.1006981196152185,-0.6003779911016883,0.2477827969777016,0.5684755033906681,-0.34327642987006046,0.44499075369497015,0.08549222056375282,0.012137491721528896,0.0020178605988692287,-0.027026643473655996,-0.10400457277164726,-0.6003779911016883,0.2464132192369575,-1.755844188188503,-1.7591596089289776,0.733172550541331,0.18289240260889073
Run_0615_221745,5.451300144195557,Phase_0_Cal_Plunge,0.10062954200382442,-0.6003361913904758,0.2426487695670103,0.268529556276455,-0.24431816693674285,-0.038569287170701745,-0.10454265151527199,0.016770793641583362,-0.020789153032907084,-0.01593420729421689,-0.10042275886880414,-0.6003361913904758,0.2427344219460057,-1.7558506461988164,-1.7590955078188635,0.7329981517717106,0.18289240260889073
Run_0615_221745,5.552872657775879,Phase_0_Cal_Plunge,0.10079128138724017,-0.6003782871130712,0.23754424102792962,0.48125943095034224,-0.43066819301812376,-0.022470462908342554,-0.21361326198959682,0.016411896850686322,-0.00027439457633411033,-0.008101247795355232,-0.09669894510926175,-0.6003782871130712,0.23923934221605972,-1.755793746719821,-1.7592984502049658,0.7332923446738309,0.18289240260889073
Run_0615_221745,5.652956485748291,Phase_0_Cal_Plunge,0.10071409288585986,-0.6003914052637025,0.23258814315026466,0.7695722025110009,-0.6240805622858242,-0.27844649617957706,-0.35388186647518305,0.012353203664593153,-0.015653103269101017,-0.011192148019808286,-0.09324903520449622,-0.6003914052637025,0.23568027128578292,-1.7558809320644881,-1.7591465519345624,0.7332160333801926,0.18289240260889073
Run_0615_221745,5.754387378692627,Phase_0_Cal_Plunge,0.1007146573074241,-0.600366734376715,0.22747531913870675,0.6036457154549381,-0.43080554284214734,-0.08675207137296735,-0.4138463629852103,0.010852887051807144,-0.0209708578742207,-0.010005215259904988,-0.08963332356859471,-0.600366734376715,0.23206535786251245,-1.7558097680195897,-1.759199216847679,0.7331609720793048,0.18289240260889073
Run_0615_221745,5.855602264404297,Phase_0_Cal_Plunge,0.10068423891630303,-0.6003673568880886,0.22247877549261702,0.5144732180161311,-0.41750034708492956,0.050460783088148414,-0.2963610325430248,0.01662354875707764,-0.012445334534917687,-0.02234755507253677,-0.0861217427245846,-0.6003673568880886,0.22851075891723335,-1.755833107072891,-1.7591158063921828,0.7331658176352724,0.18289240260889073
Run_0615_221745,5.956977128982544,Phase_0_Cal_Plunge,0.10066092632655552,-0.6003771249920196,0.21736170280822567,0.6710649025069002,-0.568811891045624,-0.3552035466534565,-0.024730071299985907,0.02137498435668191,0.002127548042535582,-0.024042862568285354,-0.08251991041992451,-0.6003771249920196,0.2248759576319783,-1.7558368865802763,-1.7591086741292496,0.7331318453352015,0.18289240260889073
Run_0615_221745,6.058094024658203,Phase_0_Cal_Plunge,0.10073129500835498,-0.6003779680457052,0.21235067935174284,0.5971921289131605,-0.42865636737267915,-0.11671681738108,-0.3990856325240527,0.01790351450611104,-0.007351701145205586,-0.02152073746981084,-0.0789268235810771,-0.6003779680457052,0.221382387137298,-1.7557890475884748,-1.7592606877559716,0.7331712260005948,0.18289240260889073
Run_0615_221745,6.159221410751343,Phase_0_Cal_Plunge,0.10075738559222261,-0.6003831652043367,0.2072679626319997,0.6241536887143297,-0.5913283333244528,0.19967248199936585,0.005434084618603454,0.016090067268678804,-0.01580564607470635,-0.009518205816062452,-0.07531435129291857,-0.6003831652043367,0.21780681250669529,-1.7557851526807922,-1.7592457530233188,0.7332522027708388,0.18289240260889073
Run_0615_221745,6.260309457778931,Phase_0_Cal_Plunge,0.10070087789290143,-0.6003643208914529,0.20228262798263769,0.4163375891095278,-0.3931355100122492,-0.05408314637692414,-0.12592248469163436,0.02479108265623908,0.010874813033268255,-0.009522598971772404,-0.07182914433324969,-0.6003643208914529,0.21424169159226789,-1.7558891076605534,-1.7591376429685568,0.7331579827464745,0.18289240260889073
Run_0615_221745,6.361505031585693,Phase_0_Cal_Plunge,0.1007306630385728,-0.6003616359253561,0.1971931272215325,0.7213967978274712,-0.62950236764741,-0.09600951549075389,-0.33900189081665183,0.026364290831909647,-0.01330804145590354,-0.03410732907670824,-0.06820926255373524,-0.6003616359253561,0.21066393236971917,-1.7558711452791966,-1.759185795682898,0.733218602473648,0.18289240260889073
Run_0615_221745,6.463131904602051,Phase_0_Cal_Plunge,0.10065441350965516,-0.6003593870863383,0.19206671538382514,0.5341167927732093,-0.5083592245939127,-0.09133655210442734,-0.13604881970193827,0.022744787652556844,-0.0021330469098316293,-0.004567309102166352,-0.06463825853909733,-0.6003593870863383,0.20698509523716135,-1.7558416998037114,-1.7591234115844945,0.7330679737115088,0.18289240260889073
Run_0615_221745,6.564694881439209,Phase_0_Cal_Plunge,0.10069701598064866,-0.6003645077932377,0.18698581199612144,0.3397096497748327,-0.3349594419032957,-0.04546328237878751,0.033732897671543305,0.0223280322092834,0.013193576411528372,-0.006963621424065006,-0.06101539280296353,-0.6003645077932377,0.20342247849329717,-1.755880347492484,-1.759150472600803,0.7331622466340468,0.18289240260889073
Run_0615_221745,6.666258335113525,Phase_0_Cal_Plunge,0.10072067335122332,-0.6003756836435181,0.18187977495136715,0.26924439726169636,-0.19383990492640354,0.008203657434192544,-0.18668512720524744,0.03530363332177692,-0.009416727249588443,-0.025329581598719918,-0.057388151096469664,-0.6003756836435181,0.19982869336112008,-1.7556832537906022,-1.7592928980493034,0.7331376870411206,0.18289240260889073
Run_0615_221745,6.768026828765869,Phase_0_Cal_Plunge,0.1006517903699647,-0.6003453840099771,0.17683497000988613,0.6685783455439287,-0.5230325180617591,-0.184760770514853,-0.3732257317750081,0.029444180114580464,-0.013725918749778208,-0.016644664910639987,-0.05386964293574134,-0.6003453840099771,0.19621276995407913,-1.7557668863652673,-1.7591486397609029,0.7330314465379667,0.18289240260889073
Run_0615_221745,6.869349241256714,Phase_0_Cal_Plunge,0.10069887111303367,-0.6003610476109137,0.17173832984185652,0.30874113988632074,-0.034113464910482415,-0.04183444961756338,-0.30398559471675873,0.027319824653795375,-0.01772566849977223,-0.01795359285748096,-0.05023248299897251,-0.6003610476109137,0.19264219224268503,-1.7558021250719813,-1.75919850889934,0.7331278325758621,0.18289240260889073
Run_0615_221745,6.9705870151519775,Phase_0_Cal_Plunge,0.10071978328418421,-0.6003890590694537,0.16680755547397483,0.03608855517378192,0.021867241323290088,-0.019044983808127483,0.02148246175810068,0.03557215376081734,-0.00824442150667305,-0.021646584639549958,-0.046731111868912656,-0.6003890590694537,0.18917039538868494,-1.7559555199755492,-1.7591427606820356,0.7332158935912734,0.18289240260889073
Run_0615_221745,17.88589835166931,Phase_1_Yield_to_45,-0.15919610177953714,-0.6007289651786182,0.2553468279822984,0.34121263838330834,0.18525132866013275,0.23161877834356456,-0.16870314561616373,-0.014191451445417617,0.0037607923964595,0.006860947586014335,-0.2931261167275326,-0.6007289651786182,0.06798883051398358,-1.7551075272992513,-1.7616480219963762,0.7320381503438556,0.18289240260889073
Run_0615_221745,17.98600959777832,Phase_1_Yield_to_45,-0.15754632384362158,-0.6007826358476236,0.2545231924229976,0.4310067243127594,-0.3088077756066193,0.21211065555884628,0.21310472525522117,0.03567891280703763,0.01836829236741993,-0.0018396184695006455,-0.2913771492723868,-0.6007826358476236,0.06857300139071343,-1.7549532522796827,-1.761935368529738,0.7321532189061525,0.18289240260889073
Run_0615_221745,18.087366104125977,Phase_1_Yield_to_45,-0.1557837748013334,-0.6006589001194454,0.25381989784921005,0.18349292602767336,-0.05943322877570357,-0.113523271823411,0.13133853956093786,0.03397476438783699,0.02097996440798987,0.014233097066269693,-0.2896335345301141,-0.6006589001194454,0.0693220074083924,-1.7550685633838459,-1.76170415032711,0.7318887672324361,0.18289240260889073
Run_0615_221745,18.187563180923462,Phase_1_Yield_to_45,-0.15391456382332483,-0.6006952157865004,0.2530595705924578,0.2577936903612412,-0.20838251764487012,-0.09052991129586443,-0.12181399053809804,0.03483360916780703,-0.013245308654833983,-0.0006239940592771392,-0.2877741702129254,-0.6006952157865004,0.07010610660724012,-1.7550712642293145,-1.7617584177733832,0.7319435629741103,0.18289240260889073
Run_0615_221745,18.28815484046936,Phase_1_Yield_to_45,-0.15203063419873095,-0.6006904927070568,0.25231871859442606,0.3218130833343544,-0.141621252330218,-0.27493519883053263,0.08898155953679582,0.04052556585373161,-0.012042151552695555,-0.0008003757325965703,-0.285918169328433,-0.6006904927070568,0.07091438454840485,-1.7551071006837002,-1.7617080296369516,0.7320548363069439,0.18289240260889073
Run_0615_221745,18.39009952545166,Phase_1_Yield_to_45,-0.15009673365245593,-0.6007314666311075,0.2515223004501522,0.2549461318844557,0.004105006070091462,-0.18630693358546024,0.1739839233549862,0.025190611888178494,-0.007896146925152251,0.0032003125162493365,-0.28398754246754554,-0.6007314666311075,0.07171870606834024,-1.755033487373126,-1.761834476090954,0.7321367437042201,0.18289240260889073
Run_0615_221745,18.491458892822266,Phase_1_Yield_to_45,-0.1483338180949806,-0.6006763036184686,0.25074615336520206,0.9142788610728233,-0.7817563462420011,0.2135281879542413,0.42328307769618395,0.03439416248373344,0.12466813283974681,-0.008076503139053823,-0.282192154055229,-0.6006763036184686,0.07241645674672384,-1.7550461680380074,-1.76172496589375,0.7320083429435709,0.18289240260889073
Run_0615_221745,18.59215760231018,Phase_1_Yield_to_45,-0.14645827043944465,-0.600659745386153,0.24999771163251167,1.6748980672067304,-1.2149253713722719,0.17658249561527772,1.1393237028040226,0.03231798831373486,0.25093940351477373,-0.010227971926109816,-0.2803367133650526,-0.600659745386153,0.07321344098788346,-1.7551150222699667,-1.7616725208431367,0.7320477232090329,0.18289240260889073
Run_0615_221745,18.693017721176147,Phase_1_Yield_to_45,-0.14462608775735022,-0.6006384728631059,0.24920613036440123,2.09195724922028,-1.7346274254322358,0.2573130391714613,1.140676477962073,0.03620205141540446,0.3296177703755248,-0.026090749061993865,-0.27848143208362997,-0.6006384728631059,0.07394925730422386,-1.7550672620939578,-1.7616862036427854,0.7319782127919005,0.18289240260889073
Run_0615_221745,18.794337272644043,Phase_1_Yield_to_45,-0.14272237445652683,-0.6006543191069219,0.2483933646648862,2.2886052947921782,-1.8809296303214587,0.5539384657316855,1.1802415419363954,0.03614679574951286,0.3510337886100129,-0.04115754974804012,-0.2765605913615398,-0.6006543191069219,0.0747206737510282,-1.7550278106104704,-1.7617505453739915,0.7320019137188125,0.18289240260889073
Run_0615_221745,18.89557909965515,Phase_1_Yield_to_45,-0.1408596964779195,-0.6006404965388826,0.24766782686439137,2.3516921915025364,-1.9969153827537451,0.3081662793029153,1.2032533656699507,0.029056201113701975,0.38612050102576784,-0.021555696702786706,-0.2747304464329626,-0.6006404965388826,0.07552475328213124,-1.7551151479438292,-1.7616954692662392,0.7320911182252711,0.18289240260889073
Run_0615_221745,18.997828483581543,Phase_1_Yield_to_45,-0.13894872493431365,-0.6006258077023805,0.246858110031211,2.479901176097524,-2.093822307824657,-0.0724809039413819,1.3268626549230895,0.031484449620646525,0.40232667911035813,-0.023218146654450236,-0.2728066292322417,-0.6006258077023805,0.07630345795568672,-1.755110939061882,-1.7616698570936533,0.7320806590511647,0.18289240260889073
Run_0615_221745,19.098902702331543,Phase_1_Yield_to_45,-0.13716584182454525,-0.6005955614321226,0.24602130671834221,2.569683912882354,-2.257886530623045,0.17793982312107423,1.2139033101137156,0.0404273478294366,0.4397507877048236,-0.027646746111340784,-0.2709542311982126,-0.6005955614321226,0.07697243739561802,-1.7551804482186886,-1.761697242994197,0.7319285524255139,0.18289240260889073
Run_0615_221745,19.201022624969482,Phase_1_Yield_to_45,-0.1352424853324989,-0.6006103333275773,0.24527688358595778,2.676817291119065,-2.320595560385911,0.10697362276118375,1.3299412389968805,0.03539444119791713,0.4726434677005438,-0.008606624709946968,-0.2690678261350663,-0.6006103333275773,0.07780606916880198,-1.7551375933333515,-1.7616810357597392,0.7320596831371301,0.18289240260889073
Run_0615_221745,19.301235914230347,Phase_1_Yield_to_45,-0.13335935800584808,-0.6006054047351943,0.24453856632022036,2.5955477823165056,-2.2993717599001378,0.343009100769774,1.1541674734851022,0.02849251431850169,0.4792566600084599,-0.01807097096976628,-0.26721418488728377,-0.6006054047351943,0.07861557212604445,-1.7551341040509563,-1.761683258006572,0.7321186110553194,0.18289240260889073
Run_0615_221745,19.40131425857544,Phase_1_Yield_to_45,-0.131543912881262,-0.6005867247525631,0.24363024545078282,2.3563999170848695,-2.301511692117678,-0.11055763078128042,0.49339792314037145,0.03272639881069387,0.44659284378251196,-0.014179953490208728,-0.26528819148254434,-0.6005867247525631,0.07925700583823878,-1.7550161060673233,-1.7618792910541126,0.7318990325398262,0.18289240260889073
Run_0615_221745,19.502392053604126,Phase_1_Yield_to_45,-0.12965196249555527,-0.6005885332434205,0.2429208113500763,2.837650540979325,-2.34502260696507,0.3248096539475216,1.5644897744138482,0.029474341422954672,0.5289339663893426,-0.022297565482610703,-0.26344873487172804,-0.6005885332434205,0.08009317112222594,-1.755081833208541,-1.761704887674129,0.7320912641338616,0.18289240260889073
Run_0615_221745,19.6045184135437,Phase_1_Yield_to_45,-0.12779069226063278,-0.6005495291228138,0.24219349751264366,3.1674902175696977,-2.508485127767918,0.19086127719054707,1.9245957017088278,0.03876135017210627,0.5609761960058103,-0.02554065154620516,-0.26161832952049424,-0.6005495291228138,0.08089499938046088,-1.7551865187091154,-1.7616111698276313,0.7320843704112886,0.18289240260889073
Run_0615_221745,19.706443548202515,Phase_1_Yield_to_45,-0.12584543170172477,-0.6005875571087804,0.24139548252495718,2.926903739013213,-2.4062436395249756,0.22647642960063927,1.6508983831630806,0.035352711344359654,0.6000627215151191,-0.01525428219292115,-0.25967854077883407,-0.6005875571087804,0.08170622450355786,-1.7551239639304381,-1.7616950840080463,0.7322106679313671,0.18289240260889073
Run_0615_221745,19.80766749382019,Phase_1_Yield_to_45,-0.12406703078658869,-0.6005405829943676,0.24055222224981543,3.604815522406436,-2.822886636376988,0.18738690065348437,2.2340304694005595,0.03875760924128896,0.6235902725953127,-0.05062198568350821,-0.257824746373215,-0.6005405829943676,0.08236746879146098,-1.755093545274832,-1.7617109093688106,0.7320263704473225,0.18289240260889073
Run_0615_221745,19.9085476398468,Phase_1_Yield_to_45,-0.12217818975414985,-0.6005300188093134,0.23976937161358927,3.091172945025174,-2.7323624817030603,0.04170628319907875,1.444924230047659,0.03662455464922401,0.5802348875720587,-0.013624669392627613,-0.2559355750770624,-0.6005300188093134,0.08314952210055018,-1.7550721008361596,-1.761755461306507,0.7320084773090234,0.18289240260889073
Run_0615_221745,20.009930849075317,Phase_1_Yield_to_45,-0.12032017242480265,-0.600525962152381,0.2390330285316231,3.3138256942422397,-2.673094816149456,0.17607258359134365,1.9506417613191915,0.03575323538063301,0.6448456171858344,-0.03810525045643871,-0.2541010852373808,-0.600525962152381,0.0839426655671556,-1.7550802626586184,-1.7616935198577925,0.7321025205836996,0.18289240260889073
Run_0615_221745,20.111422061920166,Phase_1_Yield_to_45,-0.11846651024271174,-0.6005033790697247,0.23825493293100342,3.163796379760824,-2.715838460492343,0.2823578861797601,1.5981561291721076,0.012973074182127203,0.6233195926139119,-0.030243421474774677,-0.25224015146278567,-0.6005033790697247,0.08470320599053155,-1.7551469892470544,-1.7616537286733194,0.7320515652804864,0.18289240260889073
Run_0615_221745,20.211907386779785,Phase_1_Yield_to_45,-0.1166184908045573,-0.6004961254312572,0.23742659597545568,2.8329896968266173,-2.5941221668171135,0.0421457886778784,1.1377981097060113,0.02100186866995959,0.6169498416415611,-0.011462666062910408,-0.2503476817079269,-0.6004961254312572,0.08542423038863989,-1.7551566522359514,-1.7617337295600404,0.7319998203316997,0.18289240260889073
Run_0615_221745,20.31357741355896,Phase_1_Yield_to_45,-0.11474144895521435,-0.6004836558382027,0.23662841545744784,3.223386657355179,-2.4830721872910733,0.4209211396443579,2.011814964085269,0.030444671516200766,0.6801282546062074,-0.02294722943013962,-0.2484560138307912,-0.6004836558382027,0.08618710055198689,-1.7550743974102248,-1.761705857947281,0.7320238901071758,0.18289240260889073
Run_0615_221745,20.414762496948242,Phase_1_Yield_to_45,-0.11280187823641878,-0.6005040495588686,0.23587814787489264,3.739151588753261,-2.8527763410809484,0.0736009375371307,2.416092848679141,0.03132941317267989,0.7416567504336968,-0.00544592059537322,-0.24655401092761076,-0.6005040495588686,0.08702806486450887,-1.7550984924053759,-1.7617293053817127,0.732170768155016,0.18289240260889073
Run_0615_221745,20.51545023918152,Phase_1_Yield_to_45,-0.11095313221624756,-0.6005033357003581,0.23514517555801678,3.5739982084686477,-2.5699566573159367,0.0857783840870869,2.4822223998824136,0.024447350384810072,0.7609760158106508,-0.01356512311936713,-0.2447284603843711,-0.6005033357003581,0.08781703601637866,-1.7551811410122315,-1.761671354386784,0.7322192914681062,0.18289240260889073
Run_0615_221745,20.61669945716858,Phase_1_Yield_to_45,-0.10917646191981226,-0.6004497402966338,0.23434343660773815,3.7890330778941514,-3.0246421689130765,0.06584178904313868,2.2812225393907597,0.023022724754334787,0.7722170089325663,-0.019584592288035316,-0.24290524972134558,-0.6004497402966338,0.08850641658243738,-1.7551777019458004,-1.7616275784297315,0.732058233487301,0.18289240260889073
Run_0615_221745,20.71794080734253,Phase_1_Yield_to_45,-0.10731193305781989,-0.6004437271702391,0.2335624951544232,4.856502275077576,-2.836745340524317,-0.0888985263894691,3.9408866099969218,0.030734611596088195,0.9923717607383558,0.008897366903560381,-0.24103461972196408,-0.6004437271702391,0.08927262858712154,-1.755127791452841,-1.7616122545817394,0.7320825261957115,0.18289240260889073
Run_0615_221745,20.81921648979187,Phase_1_Yield_to_45,-0.10538424060847461,-0.6004431475070293,0.23273588955482188,4.014955058403416,-3.014458006569777,0.16636466252591145,2.646739474653518,0.027302822569060088,0.84122714125778,-0.032200370403451035,-0.23908703689414504,-0.6004431475070293,0.09005121456525081,-1.7550639349076587,-1.7617315744253883,0.7320954396688973,0.18289240260889073
Run_0615_221745,20.920229196548462,Phase_1_Yield_to_45,-0.10352702473747516,-0.600425774708576,0.23199318990614723,4.113973891869827,-3.060424009989257,0.36340391052788407,2.7251648867327076,0.023051322717873357,0.8592485392340374,-0.009631642289552005,-0.23724861899967134,-0.600425774708576,0.0908392965437991,-1.755133231786742,-1.7616895942496675,0.7321416837130243,0.18289240260889073
Run_0615_221745,21.02168560028076,Phase_1_Yield_to_45,-0.1016800903022514,-0.6004098977493975,0.23119779465750287,4.285376534661023,-2.9283284514534484,-0.007265802367792877,3.1287843857235544,0.021068303424767194,0.8741689810575641,-0.023256380126376604,-0.2353802097620777,-0.6004098977493975,0.09158284703331276,-1.7551433442164406,-1.7616333086778653,0.7320836196757438,0.18289240260889073
Run_0615_221745,21.122392177581787,Phase_1_Yield_to_45,-0.09986099742570617,-0.6003956637000077,0.23042206585241923,4.36610741376274,-2.9814313365848184,0.3239982272027209,3.1731666017581737,0.028443482901472507,0.9078987007473577,-0.020071020577711724,-0.23354539375502803,-0.6003956637000077,0.09232061684348966,-1.755163269365525,-1.76158542007003,0.7320765406571231,0.18289240260889073
Run_0615_221745,21.224628925323486,Phase_1_Yield_to_45,-0.0979654237539145,-0.6003892531854811,0.22963429236220842,4.664258099736286,-2.9767605460238737,0.35943398400676224,3.5728150643060475,0.0334895801795316,0.9586312980431281,-0.023701426735050785,-0.23164798078049842,-0.6003892531854811,0.09310394986408518,-1.7551326807466534,-1.7616297824604514,0.7320759193743969,0.18289240260889073
Run_0615_221745,21.326292276382446,Phase_1_Yield_to_45,-0.09607373912739911,-0.6003750465646268,0.2288084552414873,4.814059921969896,-3.203322859680739,0.08942452332829826,3.592478092291047,0.021196500395125304,0.9784113384572565,-0.003993748039997376,-0.22972640272500555,-0.6003750465646268,0.09385761786314309,-1.7550814887287527,-1.761700022796583,0.7320414438348579,0.18289240260889073
Run_0615_221745,21.427717685699463,Phase_1_Yield_to_45,-0.09416629035195026,-0.6003770847297436,0.22800009390754936,5.0870155184276,-3.3051876707481895,-0.10109224079805977,3.8656489370748353,0.016108287655324786,0.9868384742708994,0.007677309428259867,-0.22780603498024316,-0.6003770847297436,0.09463479004615241,-1.7550435766308228,-1.7617868209626173,0.7320738602758761,0.18289240260889073
Run_0615_221745,21.529642820358276,Phase_1_Yield_to_45,-0.0923199382538249,-0.6003487990822245,0.22723510100295244,4.7873814814997635,-3.1064656083028774,0.31944077009654953,3.628615502948532,0.012574274040850928,0.9796141776262187,-0.005006615849694051,-0.22595953522080064,-0.6003487990822245,0.0953994264647948,-1.75511439809496,-1.7616873233728014,0.7320219876008093,0.18289240260889073
Run_0615_221745,21.631491899490356,Phase_1_Yield_to_45,-0.0904919279869655,-0.6003529134008003,0.2264995017628896,5.489370446077581,-2.805398867942053,0.6226837078437608,4.677092054472028,0.03405873942747363,1.1651308794062054,-0.042754392936669744,-0.22414678955414163,-0.6003529134008003,0.0961718777096856,-1.7551173745324327,-1.7616228000744343,0.7320615298126268,0.18289240260889073
Run_0615_221745,21.732810974121094,Phase_1_Yield_to_45,-0.08857669594255324,-0.6003579518336152,0.22576845423561562,5.866526693072462,-2.271126154241963,0.8131627505267787,5.347605798224618,0.044152111847997895,1.2857779021953184,-0.02527724700814056,-0.22227558732408687,-0.6003579518336152,0.09700922261193021,-1.755195830405804,-1.7616339619415884,0.7321706382053937,0.18289240260889073
Run_0615_221745,21.834951639175415,Phase_1_Yield_to_45,-0.08671070403171587,-0.6003161446962811,0.22503440121920204,6.2693126268186115,-3.12268465146162,1.2482865617843135,5.291020888257955,0.011633329561150754,1.3002892416892236,-0.0437168577289159,-0.22043707792463804,-0.6003161446962811,0.09780962428006607,-1.755141536940918,-1.761648705765238,0.7320874829476647,0.18289240260889073
Run_0615_221745,21.936779975891113,Phase_1_Yield_to_45,-0.08481832823983466,-0.6003183895828819,0.22431076154822152,5.49100666495207,-2.9675030204782296,-0.06403365998241313,4.619629823740198,0.02276630411945467,1.2175940085350485,-0.005526395117486501,-0.21858727565115962,-0.6003183895828819,0.0986360455165726,-1.7551732182683828,-1.7616864056868862,0.7321014402828867,0.18289240260889073
Run_0615_221745,22.037977695465088,Phase_1_Yield_to_45,-0.08293652877015384,-0.6003202257500144,0.22355133674234334,5.517942313583934,-3.178466275146953,0.5699503699774752,4.474393376711083,0.02988186672788173,1.2406475084958277,-0.055174497863990174,-0.21671964805527735,-0.6003202257500144,0.09942968425237941,-1.7550864652324984,-1.7616880223920397,0.7320920702436573,0.18289240260889073
Run_0615_221745,22.13965630531311,Phase_1_Yield_to_45,-0.08113964937980812,-0.6002879305043438,0.2227860359670649,5.0324047003982795,-3.355533557548186,-0.050089594428558384,3.7500643521529993,0.03022700552422827,1.1666084153775398,-0.005502619135793832,-0.21490791308554283,-0.6002879305043438,0.1001591204864205,-1.7551990831716406,-1.7616220574820753,0.732038581261329,0.18289240260889073
Run_0615_221745,22.240797758102417,Phase_1_Yield_to_45,-0.07924473180596228,-0.6002672214841837,0.22197422199319294,5.184325747249808,-3.4620071524723257,-0.13226165100371293,3.8567145066107127,0.02184443323086995,1.1516887502724469,-0.003775149110924585,-0.21299396485330002,-0.6002672214841837,0.10092499038668962,-1.7551084063125688,-1.7616769309789744,0.7320560692131074,0.18289240260889073
Run_0615_221745,22.342118978500366,Phase_1_Yield_to_45,-0.07757478966849186,-0.6002550404785392,0.22116130934945116,7.670604807640536,-4.465666464088728,-0.39248956609990365,6.224303421830758,-0.019155353627033838,1.5142810129968447,0.09598717684319868,-0.21123832140080342,-0.6002550404785392,0.10153100175338198,-1.7550037107116345,-1.7616832273988274,0.7320720328690025,0.18289240260889073
Run_0615_221745,22.443748950958252,Phase_1_Yield_to_45,-0.07568419333728982,-0.6002823697604367,0.22041699986157212,4.623478154177953,-3.272245031571013,0.028025307592447264,3.266217579656005,0.016525272488874258,1.1007108655912257,0.014530930861549848,-0.2093751616283433,-0.6002823697604367,0.10234154895348063,-1.7550786150121767,-1.7617701717710998,0.7321137227298259,0.18289240260889073
Run_0615_221745,22.54532217979431,Phase_1_Yield_to_45,-0.07386389428134443,-0.6002427626781712,0.21960441675789102,4.775392049652285,-3.7413974629525066,-0.04180128035497961,2.9672490466854113,0.000668420949817328,1.1005451704557494,0.03776651814601911,-0.20751343279920634,-0.6002427626781712,0.10305411173683657,-1.7550840937353893,-1.7617217885871483,0.7319927715702096,0.18289240260889073
Run_0615_221745,22.647279977798462,Phase_1_Yield_to_45,-0.07200077623881972,-0.6002326414813952,0.21887492991489488,4.973868399023799,-3.692181520578588,0.18174409927386986,3.3277817765419484,-0.005178438640009688,1.1272968095074678,0.026137568858954872,-0.20568018430371715,-0.6002326414813952,0.10385571004538785,-1.7551013377345304,-1.7616249251322296,0.7320384866653007,0.18289240260889073
Run_0615_221745,22.74741268157959,Phase_1_Yield_to_45,-0.07013187844838502,-0.600236531747406,0.21811729193470614,5.30309834233612,-3.652315709032174,0.13724419105712143,3.842473945528582,-0.006733364971647084,1.1790593059726333,0.05549694204453126,-0.20382294304928028,-0.600236531747406,0.10464148939287285,-1.7551965961668996,-1.7616026050101339,0.7321137550063741,0.18289240260889073
Run_0615_221745,22.848401069641113,Phase_1_Yield_to_45,-0.06824142098335421,-0.6002269833520559,0.21726123257718816,5.372494204539798,-3.517069387711164,-0.20039096762983077,4.056323502869454,-0.016148881238883226,1.2143791473461452,0.07222156362006935,-0.2018808623794131,-0.6002269833520559,0.1053729193091417,-1.7550739764188197,-1.7617233793587928,0.7320830743784867,0.18289240260889073
Run_0615_221745,22.950519800186157,Phase_1_Yield_to_45,-0.06640833058834864,-0.6001780763923679,0.21646219720878063,5.5440954970177,-3.7416522093591245,-0.19995144842833332,4.086202765713094,-0.026870899455089647,1.24032422844885,0.084436114827231,-0.2000196684031679,-0.6001780763923679,0.10610410663056921,-1.7551005498294054,-1.761691253034742,0.7319485734107211,0.18289240260889073
Run_0615_221745,23.05167508125305,Phase_1_Yield_to_45,-0.06454651800591271,-0.6001887101128061,0.21568687387644397,5.556227270414306,-3.371803544688088,-0.02489561718685721,4.416104906449725,-0.0225137141353668,1.2695810152935894,0.0632466120009526,-0.1981549317149216,-0.6001887101128061,0.10687237054700069,-1.7551002170079615,-1.761704879225289,0.7320087977324158,0.18289240260889073
Run_0615_221745,23.15350580215454,Phase_1_Yield_to_45,-0.06266298630996442,-0.6001902973261216,0.2149196995244263,5.717888797484769,-3.5066388416571996,0.2742813176680238,4.508049034045789,-0.026073626764245204,1.2879743305759044,0.05977238330546698,-0.19628059949347268,-0.6001902973261216,0.10766175439512143,-1.7551240792933658,-1.7616552849658274,0.7320735848210511,0.18289240260889073
Run_0615_221745,23.25490427017212,Phase_1_Yield_to_45,-0.06095621965620759,-0.6001845940673092,0.21412343254715815,6.552012077953595,-2.128004102525941,-0.09111079448272681,6.196140704697665,-0.025849825949265902,1.4889878438484563,0.15642738883682017,-0.19451068743943692,-0.6001845940673092,0.10830557489063472,-1.755110440027913,-1.7616648872270577,0.732131185459559,0.18289240260889073
Run_0615_221745,23.356587171554565,Phase_1_Yield_to_45,-0.05909456714797611,-0.6001639428175052,0.21340675646009297,6.595240750626885,-5.3532411683822945,-1.444788208371181,3.5710777903621795,-0.010102719849359613,1.2810266067649618,0.10200081658515751,-0.19268753380557546,-0.6001639428175052,0.10911519548234011,-1.7551338326175396,-1.7617223416913383,0.7320723983858587,0.18289240260889073
Run_0615_221745,23.45749258995056,Phase_1_Yield_to_45,-0.05768795160100212,-0.6001474608367406,0.21267337946783546,5.918612755320144,-4.467398111712295,-0.5489525687252887,3.8433035446341766,-0.024729380559398332,1.2158655501578677,0.10183153202792943,-0.19117433056939626,-0.6001474608367406,0.10959124702973638,-1.7550423909459685,-1.7617820652852727,0.731999443396067,0.18289240260889073
Run_0615_221745,23.55829119682312,Phase_1_Yield_to_45,-0.05584227576997339,-0.6001487391425074,0.21203811163770891,5.832039934472221,-3.2207992809983566,0.8905737801146534,4.779751053242367,-0.022318525605053527,1.3529917983521023,0.0435073383608584,-0.1894200384828516,-0.6001487391425074,0.11044713473517678,-1.7550723475765788,-1.7617657144268022,0.7320310712823795,0.18289240260889073
Run_0615_221745,23.659513473510742,Phase_1_Yield_to_45,-0.054022569043633575,-0.6001274120656415,0.21140097930298943,5.943849919910661,-3.7382980045100243,0.40501118795753005,4.603308140623172,-0.041831427611065994,1.3674459019211154,0.07466224099390978,-0.18768279092249257,-0.6001274120656415,0.11128334110674906,-1.7551388990046428,-1.7616619041525075,0.7320150772325665,0.18289240260889073
Run_0615_221745,23.76105499267578,Phase_1_Yield_to_45,-0.05210589121984854,-0.6001362754480865,0.21071071681499404,5.83911096884097,-3.345588715267948,-0.050187323964759764,4.7853666826298635,-0.05481241632978508,1.3465668673407662,0.12603250616252387,-0.18583940574988406,-0.6001362754480865,0.11215054770723709,-1.7550779167399628,-1.7617822211190148,0.7320285792275206,0.18289240260889073
Run_0615_221745,23.862431287765503,Phase_1_Yield_to_45,-0.05028714324547184,-0.6001258748793401,0.2100097043034722,5.810421462990649,-2.9470634060722802,0.22203802848467008,5.002650694589688,-0.03339280085868971,1.3609500986847638,0.13021960588144288,-0.18405766602333928,-0.6001258748793401,0.11294090603259446,-1.7550852517877888,-1.761735515797435,0.7320423901434461,0.18289240260889073
Run_0615_221745,23.963489532470703,Phase_1_Yield_to_45,-0.04840051930868432,-0.6001230712139385,0.20939568058821886,5.566786395790758,-2.967876135648689,-0.01491800187979643,4.709628379503841,-0.02924172375855811,1.3820549834697848,0.13171367604081854,-0.18228944111122297,-0.6001230712139385,0.11384077027898076,-1.755208051697662,-1.7616591494614935,0.7321720939815193,0.18289240260889073
Run_0615_221745,24.06526470184326,Phase_1_Yield_to_45,-0.046543915185281476,-0.6000955406011342,0.20863693942572648,5.072818654158642,-3.127448719206847,-0.14255090806714993,3.9915201171133505,-0.0370310082394632,1.3439455200299708,0.14657738225050845,-0.18044011272442217,-0.6000955406011342,0.11461707662345408,-1.7551858798935667,-1.7617099350739263,0.7321099917322396,0.18289240260889073
Run_0615_221745,24.16528344154358,Phase_1_Yield_to_45,-0.04476711060087452,-0.6000665888215754,0.20791856870347322,6.371109557347142,-3.1775780993076106,0.8092338244076146,5.462524602411907,-0.05229330877417971,1.4279555944903233,0.09817673474584855,-0.17867575734483354,-0.6000665888215754,0.11536550238482046,-1.7551038362630742,-1.7616926159275563,0.7320166051160493,0.18289240260889073
Run_0615_221745,24.267000198364258,Phase_1_Yield_to_45,-0.0429614237948474,-0.6000748861880856,0.20718666368060856,5.402587158634834,-2.94066149630595,-0.5059651964792029,4.5038269494665775,-0.02073116960004449,1.3929265587834347,0.13261116957254,-0.17688140895474058,-0.6000748861880856,0.11612478076520921,-1.7551372239444207,-1.7616900734262453,0.732029547968311,0.18289240260889073
Run_0615_221745,24.367507219314575,Phase_1_Yield_to_45,-0.04115547850620439,-0.6000355925650959,0.20645294915883564,6.641715294475597,-3.05280227528603,0.5692272995088702,5.871010185851609,-0.03918170266432396,1.45485436280938,0.08057348406838728,-0.17508559828088854,-0.6000355925650959,0.1168829624114599,-1.7550538505163724,-1.7616713977331626,0.7319364371699554,0.18289240260889073
Run_0615_221745,24.46968412399292,Phase_1_Yield_to_45,-0.039276730727967585,-0.6000734547036197,0.20566577036206546,5.6578110586624195,-2.8276202766691205,-0.7010084116690123,4.850152240214909,-0.026192538306571127,1.404864037780533,0.1173934451807886,-0.17320050352155567,-0.6000734547036197,0.11765481824038784,-1.7550457806785873,-1.7617721660677106,0.7320297718666433,0.18289240260889073
Run_0615_221745,24.5704607963562,Phase_1_Yield_to_45,-0.037508003402932484,-0.6000023334761023,0.20486753128866583,6.3323651890566905,-2.924500432823845,0.6543081383904487,5.57835342785182,-0.047033053872761965,1.4744440120274593,0.13605105849424154,-0.17138538417414445,-0.6000023334761023,0.11834105706418116,-1.7549855123195985,-1.761791209750884,0.7319405968115296,0.18289240260889073
Run_0615_221745,24.6727933883667,Phase_1_Yield_to_45,-0.03571437113231992,-0.6000291194747224,0.20407864075143098,5.823543890072498,-2.475970942570555,-0.3477911919544573,5.259493570482419,-0.027784592660424712,1.439423382629662,0.1162841706875739,-0.16955926478414662,-0.6000291194747224,0.11905151675719366,-1.7550424442402048,-1.761780465092285,0.7319638212481707,0.18289240260889073
Run_0615_221745,24.772923231124878,Phase_1_Yield_to_45,-0.033956648380967965,-0.6000345879973012,0.20342886466346982,6.993378358053561,-2.0805566626875094,0.7870553800896511,6.630171088358917,-0.049658206080579116,1.608726240820782,0.11557349829620574,-0.16785690602916958,-0.6000345879973012,0.1198349533560703,-1.7551612600112503,-1.761628032358269,0.7321352948633685,0.18289240260889073
Run_0615_221745,24.874833583831787,Phase_1_Yield_to_45,-0.03228655415503092,-0.6000082877779598,0.20248096355957804,6.154495666735743,-2.8612100400486,0.47183059437557373,5.428505310746718,-0.04241088995936685,1.4897871086707442,0.13388541148704308,-0.1660057037783329,-0.6000082877779598,0.1203456210099948,-1.7550201594379933,-1.7617658723780987,0.7319297171587883,0.18289240260889073
Run_0615_221745,31.91828227043152,Phase_2_Seat_Peg_for_Search,0.06004747281703669,-0.6004160483260897,0.2822324910928632,1.7793900981355923,-0.6887706598539214,0.863640679413807,1.3949727152632931,1.2528178598412199e-05,0.10224024706200141,-0.043704651049120524,-0.1571085331008939,-0.6004160483260897,0.24202848354497697,-1.755709777400798,-1.7595964403038447,0.7331102435128075,0.18289240260889073
Run_0615_221745,32.01960611343384,Phase_2_Seat_Peg_for_Search,0.0600615009844402,-0.6005041774329594,0.2796084790089118,3.1750100165434634,-0.5167723996443441,0.8459222392399538,3.0162974749312133,0.01509508181164596,0.18972899486462333,-0.033206545550762495,-0.15524315695011776,-0.6005041774329594,0.24018294621879813,-1.7553726137674526,-1.7599026836447988,0.7329541994696762,0.18289240260889073
Run_0615_221745,32.12171149253845,Phase_2_Seat_Peg_for_Search,0.06005654310270016,-0.6004522455242906,0.2746391719059372,0.9948699381318324,-0.29557621766642894,0.5856671399318871,0.7479270649952757,0.02369053961855262,0.07135063206223838,-0.04673707629247768,-0.15173283195160464,-0.6004522455242906,0.2366656097166876,-1.7555535994444693,-1.7597567535328493,0.7329548952189856,0.18289240260889073
Run_0615_221745,32.222365379333496,Phase_2_Seat_Peg_for_Search,0.06000628632599996,-0.6004016824966131,0.26973909844201704,1.6405491282287052,-0.8449313207132145,0.4515950702858843,1.3317486241416865,0.015459385536422988,0.10972361885921862,-0.03474067746672711,-0.14830349368455975,-0.6004016824966131,0.23316519763443214,-1.7556114974918249,-1.7596214911499546,0.7329595275102518,0.18289240260889073
Run_0615_221745,32.32335329055786,Phase_2_Seat_Peg_for_Search,0.059967832221432725,-0.6004192314433415,0.2646020258131057,2.2671005646283224,-2.030775813248784,0.271412828423089,0.9705821155518874,0.0236621558279411,0.11229085209653225,-0.06648235925069698,-0.1446982259513127,-0.6004192314433415,0.22950554758497718,-1.755592028347313,-1.7596190608761977,0.732875187468878,0.18289240260889073
Run_0615_221745,32.42400002479553,Phase_2_Seat_Peg_for_Search,0.06003267874865568,-0.6004164950099247,0.2596489218165132,1.695996707444408,-0.4037976891010804,0.9211286279183702,1.36560400876979,0.01458260252385912,0.09740126226597302,-0.05109195303234895,-0.1411499991082642,-0.6004164950099247,0.22604902758020018,-1.7557188322685329,-1.75960442997041,0.7330350763858677,0.18289240260889073
Run_0615_221745,32.52555990219116,Phase_2_Seat_Peg_for_Search,0.059990192059973774,-0.6004079983094138,0.25453097493879373,1.5995067951654829,-0.5245834102489315,0.5078058650728083,1.423154045375908,0.021339163011217143,0.10512813190157749,-0.05068829018474287,-0.13756110679095337,-0.6004079983094138,0.22240005001153507,-1.755694852268952,-1.759564929573267,0.7329777238783588,0.18289240260889073
Run_0615_221745,32.626750230789185,Phase_2_Seat_Peg_for_Search,0.060078205498541336,-0.6004232643156263,0.2494989810309844,1.2336508598485008,-0.3168608163993166,0.5330404469962529,1.0664715415339214,0.015667184530989073,0.08189910554996396,-0.04381860430557681,-0.13394071487660533,-0.6004232643156263,0.21890412789568037,-1.7555843176966892,-1.7597424533825685,0.7330669406178582,0.18289240260889073
Run_0615_221745,32.72690439224243,Phase_2_Seat_Peg_for_Search,0.05999513976505396,-0.6004006616559066,0.24454830078774115,1.5344310744694494,-0.6781181343906572,0.4126390888453256,1.3131502200681013,0.010249989971261465,0.08946269321115263,-0.020116741126246708,-0.13049879164855493,-0.6004006616559066,0.21534473198076365,-1.7556877638580959,-1.7595448113966203,0.732979957518936,0.18289240260889073
Run_0615_221745,32.828635454177856,Phase_2_Seat_Peg_for_Search,0.0600719786554144,-0.6004395592019888,0.23972809419366964,11.050577148171154,1.3262558401929259,1.4532453595260313,10.874023113781428,0.042528515998724786,1.8757725658696187,-0.05749195558696165,-0.12703605757873412,-0.6004395592019888,0.21199066451180829,-1.7556197696877613,-1.7592000576766211,0.7335921895117933,0.18289240260889073
Run_0615_221745,33.38718295097351,Phase_2_Lateral_Search,0.060038647622664205,-0.6004304686284115,0.23717527102496186,11.725070686793888,0.6646313236696207,-1.4018099162736488,11.621982480306333,0.05267990601462282,0.13210525253980093,0.20583642209357966,-0.12525450760425233,-0.6004304686284115,0.21016197733876327,-1.7557140654323136,-1.759639290171018,0.7330530893649858,0.18289240260889073
Run_0615_221745,33.48868227005005,Phase_2_Lateral_Search,0.05763386778354912,-0.6003511589889892,0.23745231143293202,11.548096873892115,0.46561462142101084,-1.3784712211178667,11.456070946256645,-0.27628395720549087,-0.10364729075388711,0.20458125513902176,-0.12715084088688972,-0.6003511589889892,0.2086574383584027,-1.7555172894935773,-1.759687835149041,0.7328788633621173,0.18289240260889073
Run_0615_221745,33.58938670158386,Phase_2_Lateral_Search,0.054668730656222284,-0.6004382025267714,0.2379318784252974,10.995405723867265,0.2057786522948538,-2.34767341470167,10.739880433068876,-0.24444992733445714,-0.2626662510687236,0.20580897650407964,-0.1295866145291053,-0.6004382025267714,0.20689987486085668,-1.755604299596951,-1.7596930419168197,0.7329762739713668,0.18289240260889073
Run_0615_221745,33.68983602523804,Phase_2_Lateral_Search,0.05166779854951739,-0.6004141709305173,0.23831615127020936,9.311029263963986,0.3892095108091964,-2.3335241124796102,9.00546762403628,-0.23794256238250408,-0.5167529326646254,0.14774332583825284,-0.13198031590609988,-0.6004141709305173,0.20504961735278832,-1.755699599155121,-1.7596347783344746,0.732981148256652,0.18289240260889073
Run_0615_221745,33.79069924354553,Phase_2_Lateral_Search,0.04864521561103076,-0.6003805938545136,0.238517938386936,9.800261565464197,-0.25678092326471996,-0.6966219106811056,9.772098455425072,-0.25449941863677444,-0.47395819937637074,0.08006340473563249,-0.134260289837196,-0.6003805938545136,0.20305501349887914,-1.7557151068853296,-1.7596005646209552,0.7330340218544816,0.18289240260889073
Run_0615_221745,33.89155673980713,Phase_2_Lateral_Search,0.045691791633665324,-0.6004267481551862,0.23864713172547727,10.02675083553142,-0.5542951793352155,-1.9052149783060128,9.828460970998165,-0.2669596962194945,-0.5048128691175955,0.20597572889073465,-0.13644002944507672,-0.6004267481551862,0.20105798086253177,-1.7558029743690553,-1.759587807269282,0.7332535285688475,0.18289240260889073
Run_0615_221745,33.9922354221344,Phase_2_Lateral_Search,0.04253505171337619,-0.6003829727702044,0.23886127580080935,8.408409953374772,-0.19553221404366333,-2.8079530705555973,7.923290014308482,-0.2649679926500166,-0.7154045879444858,0.2185010219143547,-0.13882360437697366,-0.6003829727702044,0.19897725138627126,-1.7556334580370954,-1.7596609609370382,0.7329334170612192,0.18289240260889073
Run_0615_221745,34.094499588012695,Phase_2_Lateral_Search,0.0394841265325026,-0.6003998473925746,0.2389101120174993,5.5749049463009195,-1.2173308960575782,-2.327582381050383,4.9173194841517,-0.27543944604642523,-1.141819548625772,0.20885001851252155,-0.14101546668125114,-0.6003998473925746,0.1968544539219717,-1.7556613541167052,-1.759717147390776,0.7328662629573259,0.18289240260889073
Run_0615_221745,34.19557476043701,Phase_2_Lateral_Search,0.0364256160491323,-0.6004045682860122,0.23852262939636576,6.117683731329439,-0.8362955988975026,-2.727773711317147,5.411646190179532,-0.28027350649788463,-1.279577798936578,0.22354080512883656,-0.14290416859537697,-0.6004045682860122,0.19441776882985498,-1.7555450409316642,-1.759690815361576,0.7327976225226158,0.18289240260889073
Run_0615_221745,34.295857667922974,Phase_2_Lateral_Search,0.03346587540847687,-0.600378997494934,0.238019286891912,5.495095704850235,-2.0379160950715405,-1.1049673849215587,4.98217039784585,-0.27085423409003273,-1.3337000649805841,0.0948727178439597,-0.14464110437477917,-0.600378997494934,0.19196899925413544,-1.7555860239075307,-1.7596315802316695,0.7328734406869625,0.18289240260889073
Run_0615_221745,34.397380113601685,Phase_2_Lateral_Search,0.030381621990141484,-0.6004423272159103,0.2375673851810095,8.203238265018975,-1.0088376665246994,-4.627141953702773,6.698128241199642,-0.2774782413214106,-1.2501225713799229,0.3208163335773512,-0.14650245811757295,-0.6004423272159103,0.18946855998292372,-1.7556521969979746,-1.7595390354374092,0.7330420820836736,0.18289240260889073
Run_0615_221745,34.497978925704956,Phase_2_Lateral_Search,0.027442643580520003,-0.6004081407391988,0.23714637991171988,7.856345691583629,-2.028488825996866,-3.821227310754566,6.557867225555419,-0.26483483125413965,-1.2592886157082843,0.182629071448968,-0.1482829339999472,-0.6004081407391988,0.18709269273888957,-1.755638984206824,-1.7595631979639752,0.7331187409307041,0.18289240260889073
Run_0615_221745,34.5985631942749,Phase_2_Lateral_Search,0.024393793986234664,-0.6003800728647426,0.2366994663827484,4.6950591434575575,-2.33967444098334,-0.9145067816618744,3.966507433129068,-0.25681893758871144,-1.435897786320991,-0.008474493141642543,-0.15012278063594447,-0.6003800728647426,0.1846208149290128,-1.7556916799172724,-1.7595380485223784,0.7330145515049749,0.18289240260889073
Run_0615_221745,34.70004439353943,Phase_2_Lateral_Search,0.021422023085764543,-0.6004756765451642,0.23632266139899297,9.164255010675406,-0.10643358591088053,-4.951006569403851,7.711016518086274,-0.2833302914786409,-1.2058705796224507,0.3951960889410966,-0.1519576986326014,-0.6004756765451642,0.18225301421395917,-1.7557998391252099,-1.7595683369793107,0.7333128580076195,0.18289240260889073
Run_0615_221745,34.800453424453735,Phase_2_Lateral_Search,0.018285274572225178,-0.6003454998711475,0.2357371604137899,4.175477464945251,-1.4807048371970644,0.2923161432007171,3.8931576538577386,-0.27446457669608276,-1.475129577612069,-0.014339813872764047,-0.1537617030603734,-0.6003454998711475,0.17962098635213017,-1.7555728361664782,-1.7596152592113727,0.7328143644205948,0.18289240260889073
Run_0615_221745,34.90099596977234,Phase_2_Lateral_Search,0.015306697719862808,-0.6004446032630012,0.2353712476672374,8.873144832367315,-0.41232509977022724,-4.3684600679620615,7.712278772378961,-0.2916053329039153,-1.2334707485577272,0.39257755961529833,-0.15560913556655426,-0.6004446032630012,0.1772560750771296,-1.7556394189206435,-1.759637770211733,0.733082278649164,0.18289240260889073
Run_0615_221745,35.001307249069214,Phase_2_Lateral_Search,0.012306671583809648,-0.6003792864483021,0.23498727940538866,2.758847792392935,-0.6351600004307203,-0.15793441882651227,2.680087616999517,-0.28545081622405066,-1.4248529751084407,0.007365129047742818,-0.15745896782938065,-0.6003792864483021,0.17486322969087587,-1.7556390932398909,-1.7595962034847499,0.7329146596826132,0.18289240260889073
Run_0615_221745,37.1183602809906,Phase_2_Seat_in_Hole,0.020213007776160263,-0.6010665709071226,0.23692686888780107,0.13161265884523157,-0.03587322489969579,-0.03876785124786621,0.12054898345996318,-0.010220901890529944,-0.007707754722040705,-0.002567323741913557,-0.15323984076916083,-0.6010665709071226,0.18182535050255955,-1.7555524039667703,-1.760224685018741,0.7329573394242612,0.18289240260889073
Run_0615_221745,37.22030019760132,Phase_2_Seat_in_Hole,0.020369727597376732,-0.6011379537842265,0.23438860981526338,1.421034627427429,-0.07932622717925938,0.19104943381572653,1.4058971782701633,0.062346064433331023,0.10739314287019909,0.00860543884925402,-0.15133420291823266,-0.6011379537842265,0.18014134794828837,-1.7555469234171686,-1.760440108841991,0.7332006918043131,0.18289240260889073
Run_0615_221745,37.32141852378845,Phase_2_Seat_in_Hole,0.020256444870585297,-0.6010697236639773,0.22947917500529916,0.6622546164175006,0.5945011871825358,-0.002858166338580058,-0.29178990093906176,0.10010188942023224,0.06599712922848072,-0.0432972115815073,-0.14794281125661918,-0.6010697236639773,0.17658975031806384,-1.7555931477931928,-1.760254643725903,0.7329938395227662,0.18289240260889073
Run_0615_221745,37.850545167922974,Phase_3_Arc_Pivot,0.02023896874107984,-0.6010928336208042,0.22865020661412636,12.779249297359094,1.1318873364211581,-1.1178995183350662,12.679840075040715,-0.017382535883465073,0.8016362974928148,0.3012552818879071,-0.1473689995755138,-0.6010928336208042,0.17599122365759406,-1.7556573579272385,-1.7601773429908991,0.7330661747157352,0.18289240260889073
Run_0615_221745,37.952425956726074,Phase_3_Arc_Pivot,0.019083104850425425,-0.6009119521943341,0.22990232680730371,7.031721387902008,-2.3463454792164185,-2.282635908206494,6.223290277642971,-0.4593839020459612,-0.33775978326679784,0.5815616279440153,-0.1490717014501805,-0.6009119521943341,0.17605928714183997,-1.7555321607674452,-1.7604225590533802,0.7325178823955584,0.18289240260889073
Run_0615_221745,38.05424094200134,Phase_3_Arc_Pivot,0.01772029305860294,-0.6009456518466169,0.23114032593019584,5.784146238189848,-2.3657676443232725,-3.118056751586108,4.258780723602376,-0.4140147945137655,-0.7432162380150508,0.5142985787175325,-0.1509107524845592,-0.6009456518466169,0.17597103125726132,-1.755368970285247,-1.760395727214361,0.7326305708556355,0.18289240260889073
Run_0615_221745,38.1559579372406,Phase_3_Arc_Pivot,0.01643211873108516,-0.6008991290781485,0.2321991650268414,6.0019211810667175,-1.9600837677815317,-2.6966959955554852,4.990887716085353,-0.4168101924377813,-0.6717373618382978,0.516714245033903,-0.15257034159232097,-0.6008991290781485,0.1758088667603466,-1.7554782720397346,-1.760222605956825,0.7329384456943997,0.18289240260889073
Run_0615_221745,38.257986307144165,Phase_3_Arc_Pivot,0.015093589561589335,-0.6008653742372961,0.23323008015675653,6.469462679674178,-1.9129781490961297,-2.7638586422992932,5.527707243529206,-0.4244928502575469,-0.6206158535505917,0.515332956624285,-0.15424579172407826,-0.6008653742372961,0.1755913507869709,-1.7554625588565878,-1.7602011607217283,0.73304569310941,0.18289240260889073
Run_0615_221745,38.35989761352539,Phase_3_Arc_Pivot,0.013758887378091667,-0.6008427249525445,0.23434218833257198,7.0513515715159345,-1.8340125679080628,-1.9140134792351653,6.5341035565088506,-0.4359986982555779,-0.5490077806782993,0.5037358702865847,-0.15597594792142605,-0.6008427249525445,0.1754339530546873,-1.7555675584594834,-1.7601908333009264,0.7330927311676241,0.18289240260889073
Run_0615_221745,38.4619414806366,Phase_3_Arc_Pivot,0.012360237206394948,-0.6008059058331352,0.23541404959004553,7.335561050408252,-1.3475470918831356,-3.1445693004977544,6.488933400320193,-0.4417835926247422,-0.5223363012821484,0.5557006320073437,-0.15772286330599122,-0.6008059058331352,0.17520287839742352,-1.755671157281908,-1.7601911464655604,0.7330816296643756,0.18289240260889073
Run_0615_221745,38.56325817108154,Phase_3_Arc_Pivot,0.010950498374778642,-0.60077673639673,0.2364940117187147,7.060512450114381,-1.1184297805125034,-2.880295741973196,6.348531115388346,-0.44199759348910816,-0.5248986555197873,0.5752286516199773,-0.15948334773813574,-0.60077673639673,0.17496969105449225,-1.7556815399526458,-1.760233547104372,0.733064674997925,0.18289240260889073
Run_0615_221745,38.66513991355896,Phase_3_Arc_Pivot,0.009500948817123269,-0.6007468215032123,0.2376039087409791,7.457899532924787,-1.4395441736328256,-3.5707426488531864,6.387313594228835,-0.4522280460694132,-0.5677555450468793,0.6056401558153867,-0.16129314977088172,-0.6007468215032123,0.1747295204434701,-1.7555292257723119,-1.7602676912519002,0.7330273264914913,0.18289240260889073
Run_0615_221745,38.76692199707031,Phase_3_Arc_Pivot,0.008068429608937423,-0.6007385487908236,0.23869467178099954,6.907169031616249,-1.214034695412772,-3.233904949772918,5.981384669580011,-0.44824175046405473,-0.6171953188561448,0.5679464376334743,-0.16307737975943604,-0.6007385487908236,0.17448786233944802,-1.7556388099474052,-1.7602377169384087,0.7330722236776175,0.18289240260889073
Run_0615_221745,38.8687961101532,Phase_3_Arc_Pivot,0.006606885567055742,-0.6007142135169612,0.23975318838785906,7.427545887505253,-1.1823940282525591,-3.4026974691756653,6.4955394084105444,-0.45941107299951883,-0.5798887404397468,0.628423101311282,-0.1648593317331623,-0.6007142135169612,0.17420287890713962,-1.7555522945469133,-1.7602287683792452,0.733092153804341,0.18289240260889073
Run_0615_221745,38.97047472000122,Phase_3_Arc_Pivot,0.005110610026682829,-0.6006747315470591,0.24079691589929214,7.656410464551362,-1.4059651269787277,-3.2319906095377293,6.796919887954487,-0.48831582279287156,-0.5464146102346866,0.6816321657405063,-0.16665538511532885,-0.6006747315470591,0.17388287912706366,-1.7555721576440317,-1.7602403411643113,0.7329969705061996,0.18289240260889073
Run_0615_221745,39.07209634780884,Phase_3_Arc_Pivot,0.003632547971738394,-0.600656234348037,0.2418526577162983,6.680639505685355,-1.5295032511517377,-2.9784271703781444,5.781049697104616,-0.48889989334222367,-0.6500529190334593,0.653040197743227,-0.16844705501538185,-0.600656234348037,0.17358425362298519,-1.7556489556265082,-1.7601955966494784,0.7329968238193209,0.18289240260889073
Run_0615_221745,39.17378258705139,Phase_3_Arc_Pivot,0.002151780975612426,-0.6006549156809046,0.2428963064525474,7.0714174608717455,-1.7178881615434693,-3.2064417384977717,6.064036324756803,-0.48788325304796937,-0.6128237880148173,0.6674750127822121,-0.17023208649827826,-0.6006549156809046,0.1732751643372458,-1.755563606402723,-1.7602263660065331,0.733057988201918,0.18289240260889073
Run_0615_221745,39.2738823890686,Phase_3_Arc_Pivot,0.0006469632433352184,-0.6006437538518719,0.24391164465054907,7.19555449245749,-1.3898551621371822,-3.7990194583913968,5.950777952248709,-0.4738407962397896,-0.6270521054856572,0.660328588559609,-0.17201410584622595,-0.6006437538518719,0.17292905003930753,-1.7555623352818261,-1.760224622912855,0.7330315954763637,0.18289240260889073
Run_0615_221745,39.37549090385437,Phase_3_Arc_Pivot,-0.000882948207010859,-0.6006458139930461,0.2449259293653564,7.454754604192686,-1.1957871074640511,-3.3716812623890577,6.5402771246491795,-0.47867477414313736,-0.5460402173834984,0.6525057653148503,-0.17381312420727474,-0.6006458139930461,0.172564446878047,-1.7556439622676911,-1.760150873423142,0.7331153051523391,0.18289240260889073
Run_0615_221745,39.47747564315796,Phase_3_Arc_Pivot,-0.0024607057667074285,-0.6006185654158293,0.24592896325739688,8.490936031157702,-1.1743301394177361,-3.326295756368797,7.723516035461452,-0.49560724764763864,-0.4575294331135366,0.659995995056049,-0.17563801934362627,-0.6006185654158293,0.17215805587533897,-1.755599138943756,-1.760131369271471,0.7330715637038904,0.18289240260889073
Run_0615_221745,39.57923364639282,Phase_3_Arc_Pivot,-0.0040243916944555135,-0.6005923433324079,0.24694328646687141,8.2624126118863,-1.2771620200339773,-2.0166139936877654,7.910094016135534,-0.5236260560248683,-0.41152240386202593,0.6205698686492072,-0.17746094708651727,-0.6005923433324079,0.17176959777191667,-1.75550475931805,-1.7601737963163098,0.7330225138379612,0.18289240260889073
Run_0615_221745,39.68113398551941,Phase_3_Arc_Pivot,-0.005585330928766933,-0.6005944903490285,0.24793471945665668,8.28056755209072,-1.3326027462220686,-2.545649789895629,7.766056660410316,-0.5113387674161489,-0.4772381589930822,0.6381466093037601,-0.17926574679428822,-0.6005944903490285,0.17136689604448416,-1.7555864858534989,-1.760201741139824,0.7330509006474898,0.18289240260889073
Run_0615_221745,39.78264021873474,Phase_3_Arc_Pivot,-0.007133104869573773,-0.6006201467932311,0.24887333661298908,7.645405654861674,-1.7128811202973238,-3.2291322322370357,6.714981081272509,-0.5062023170804703,-0.7182889725167063,0.6329343492635837,-0.18102389079975723,-0.6006201467932311,0.17093615715137647,-1.7556294908416616,-1.7602235062000162,0.7331043832046747,0.18289240260889073
Run_0615_221745,39.88483476638794,Phase_3_Arc_Pivot,-0.008808584286673865,-0.6005986404718272,0.24988105318385587,6.863366139411042,-1.8782513280827398,-2.676589842671467,6.034387585022807,-0.5130662771354125,-0.8322212145999878,0.6338590995006742,-0.18292119687810116,-0.6005986404718272,0.17046397751458045,-1.755711625369668,-1.7601992576487218,0.733040693603372,0.18289240260889073
Run_0615_221745,39.986984968185425,Phase_3_Arc_Pivot,-0.010372072189568073,-0.6006196747773167,0.25084729519120236,5.604644252410051,-2.1087923876446055,-1.9337618803262808,4.819294227589984,-0.5165765562604555,-0.8984343125067178,0.542315924275268,-0.1847099860522028,-0.6006196747773167,0.17004166089180286,-1.7556742455387642,-1.7602459406889868,0.7331434309656146,0.18289240260889073
Run_0615_221745,40.088661670684814,Phase_3_Arc_Pivot,-0.012036886382140021,-0.6005821217461502,0.2517635300091652,5.667526295321445,-1.8284946880618684,-2.070416177325098,4.948821914007422,-0.5232631459997641,-0.68684190641721,0.585973487142164,-0.18653506331012676,-0.6005821217461502,0.16951233533976034,-1.7556402578301364,-1.7601176160625496,0.7330648601894021,0.18289240260889073
Run_0615_221745,40.190314531326294,Phase_3_Arc_Pivot,-0.013733783389109586,-0.600574947969525,0.25263225955546575,9.077368001660794,-3.108145280194274,-5.04343840582755,6.877628355865485,-0.5483781340302325,-0.5262253914276155,0.7642910821530376,-0.18834923524393632,-0.600574947969525,0.16892673251236326,-1.7555887830451995,-1.7601570372785582,0.732989804228633,0.18289240260889073
Run_0615_221745,40.291091203689575,Phase_3_Arc_Pivot,-0.015380665301026681,-0.6010939101097589,0.2534792343536444,7.285288983203364,-2.3865697418692124,2.8442892725118085,6.26815275581673,-0.39764051208533124,-0.5128033307113216,-0.00012564932289873342,-0.1901126582349526,-0.6010939101097589,0.16836111276791943,-1.7555156127333085,-1.7602058720353433,0.7328758762125007,0.18289240260889073
Run_0615_221745,40.39294242858887,Phase_3_Arc_Pivot,-0.017047301701088598,-0.6017971351406846,0.25444812368953185,10.395881777618358,-1.2523011288208459,-4.285232933977235,9.388443881630668,-0.1444179005619739,-0.37091197428240685,0.3074499727909603,-0.19197625635483406,-0.6017971351406846,0.16786773108728867,-1.7556038942622139,-1.7601697899524456,0.7331536067579041,0.18289240260889073
Run_0615_221745,40.49458312988281,Phase_3_Arc_Pivot,-0.01873275210740531,-0.6022293288975489,0.25533258215512533,7.2706677658379135,-1.8202456290918463,2.231297558398293,6.676123637025629,-0.10233102792631357,-0.3854877822958682,-0.39896357290341516,-0.19379345634519327,-0.6022293288975489,0.16730134425432752,-1.7555131954909793,-1.7602079085597169,0.7329081915407257,0.18289240260889073
Run_0615_221745,40.59616780281067,Phase_3_Arc_Pivot,-0.020488223684851127,-0.6025202585336052,0.2563086862536029,8.685015513793608,-2.3523261830118787,0.5320971547952604,8.343436259803942,-0.07034717594934124,-0.3483666950819342,-0.21144356910490825,-0.1957249720289629,-0.6025202585336052,0.16675024822491283,-1.7554715012711088,-1.7601697907552474,0.7328493472403015,0.18289240260889073
Run_0615_221745,40.69813013076782,Phase_3_Arc_Pivot,-0.022132339573154084,-0.6029368483922015,0.25723407507132867,5.294886671589455,-3.5866662537711473,-1.1430283162266357,3.7235918569761384,0.10530687032109524,-0.9820014613626453,-0.2797427243489952,-0.19754188623088656,-0.6029368483922015,0.16624203143948532,-1.7556466359352878,-1.7602770275736714,0.7329488114810196,0.18289240260889073
Run_0615_221745,40.79814314842224,Phase_3_Arc_Pivot,-0.023853622141185048,-0.6030760286701772,0.25801428941998533,10.918392089963513,-2.697137202905713,3.8458631598958397,9.856270759990096,-0.030996945468183146,0.08720206157339229,-0.6283846324357413,-0.19931071166379363,-0.6030760286701772,0.16557659572000663,-1.7554030087712873,-1.7601021665650924,0.7330134631863798,0.18289240260889073
Run_0615_221745,40.9003746509552,Phase_3_Arc_Pivot,-0.025521739673986906,-0.6031617128084096,0.25891832078391264,5.59345312248025,-2.9773016325902804,-2.125100726192917,4.23158832183539,0.11272862236359937,-0.9919089749541777,-0.11314218760670515,-0.2011294955908923,-0.6031617128084096,0.16503630520858456,-1.7557898260297304,-1.7602664453315244,0.7331994084073544,0.18289240260889073
Run_0615_221745,41.002538204193115,Phase_3_Arc_Pivot,-0.027354510571567795,-0.6031361998967057,0.25974829677937866,10.126343323453156,-2.6334293003846176,2.3704256295540955,9.486251185746305,-0.08694491733455806,0.17030286373527714,-0.29471934470545325,-0.20301234197554918,-0.6031361998967057,0.16432722213315984,-1.755425999208294,-1.7601229579182687,0.73302053065616,0.18289240260889073
Run_0615_221745,41.10277795791626,Phase_3_Arc_Pivot,-0.029076674793915454,-0.6028266335025149,0.2606171952555004,8.711472952360301,-2.649704993016894,0.25150863747674435,8.294912166802073,-0.15142098743839894,-0.35254688005484947,-0.11349745887495187,-0.20484449998011642,-0.6028266335025149,0.1637238721378493,-1.7557198347367504,-1.7600980763532181,0.7331598345340345,0.18289240260889073
Run_0615_221745,41.20469045639038,Phase_3_Arc_Pivot,-0.030865218440098867,-0.6025295260542785,0.26145035050449206,8.244875000498817,-2.3022703274695813,-2.25692431849505,7.588399550214072,-0.21626425155385054,-0.6337867349507076,0.16659737591805077,-0.206698321047124,-0.6025295260542785,0.16304831052352806,-1.7556765541603487,-1.7601877259792076,0.7331345641797044,0.18289240260889073
Run_0615_221745,41.30551743507385,Phase_3_Arc_Pivot,-0.03268014006202322,-0.602222042530028,0.26226177249241023,7.423143769269918,-2.6662481174619463,-2.1241260560724564,6.594108953702198,-0.3186598884020808,-0.7486839920892765,0.32577984460486525,-0.2085554264233696,-0.602222042530028,0.16233872912740407,-1.7557074417389607,-1.7602229899458686,0.7330172084339301,0.18289240260889073
Run_0615_221745,41.40656399726868,Phase_3_Arc_Pivot,-0.034455606415794024,-0.6019496795783568,0.2630782066566386,6.300765644057232,-2.4895752611612285,-2.0712317791139685,5.404781368153047,-0.390776872573676,-0.6547688419278345,0.41455016773015013,-0.21038817685580774,-0.6019496795783568,0.16166059096280244,-1.7555303183966966,-1.760261981943855,0.7329335492666388,0.18289240260889073
Run_0615_221745,41.50878596305847,Phase_3_Arc_Pivot,-0.03625294260586856,-0.601777828800218,0.26386900649137446,7.849973885464828,-2.6999005254986557,-3.0223134134163625,6.722964285638842,-0.4146794411254903,-0.3660304630258,0.49706848233755985,-0.21221826538958438,-0.601777828800218,0.16094886228043168,-1.7555979330430664,-1.760147125217211,0.7331328097372383,0.18289240260889073
Run_0615_221745,41.61070728302002,Phase_3_Arc_Pivot,-0.038106311052590366,-0.601884592321443,0.2646260355253322,8.771123392755124,-2.6665435047132076,1.501477427207808,8.219958445393345,-0.3921217766521525,-0.19407587160533998,0.11795107146532287,-0.21406409514976515,-0.601884592321443,0.16017363324718412,-1.7555413788121164,-1.7600896583510584,0.7330373082882218,0.18289240260889073
Run_0615_221745,41.711660385131836,Phase_3_Arc_Pivot,-0.039945501323630034,-0.6025549119754514,0.26548043450227016,11.690111198472875,-3.014963810797558,-7.362773710592196,8.564943452169103,-0.07615407657381844,-0.6601879309594932,0.5228564666273618,-0.21596875037274132,-0.6025549119754514,0.15947728064507133,-1.7557735351774812,-1.7601517770284052,0.733202920287793,0.18289240260889073
Run_0615_221745,41.81269669532776,Phase_3_Arc_Pivot,-0.04175733495164063,-0.6029420672491154,0.26615989674043355,9.39337572276169,-2.2667305625208063,4.917339345696988,7.6757549325889185,-0.10886489194083582,-0.11022038573652371,-0.5290301147159201,-0.21773036257365494,-0.6029420672491154,0.15867657315648873,-1.7553361404954706,-1.7601989190984813,0.7329243843157504,0.18289240260889073
Run_0615_221745,41.91447949409485,Phase_3_Arc_Pivot,-0.043665107432266,-0.6031618188246924,0.2669562050115294,10.527611526326906,-2.797776547016996,-3.8936594354817142,9.372431223684547,-0.032045977680479266,-0.3135095668457243,0.23639677947429708,-0.21964243641007303,-0.6031618188246924,0.15789064927688423,-1.7556614943782987,-1.7601620014727788,0.7329961368368887,0.18289240260889073
Run_0615_221745,42.016215801239014,Phase_3_Arc_Pivot,-0.04547847567139848,-0.6033417848845767,0.2676660428285661,6.601969686764002,-3.1694113442897134,-0.6194225700189464,5.758224653084453,-0.014930675189140269,-0.6460302934096814,-0.15464152057761096,-0.22142661252272122,-0.6033417848845767,0.15711033543217465,-1.7555324077653442,-1.760332434439572,0.7329841407671531,0.18289240260889073
Run_0615_221745,42.11805438995361,Phase_3_Arc_Pivot,-0.04741769617350325,-0.603574013242468,0.26843784487077005,10.210051883652032,-3.2912963704750746,3.0692924916968627,9.164713376258815,-0.04912771686937423,0.02037540066990312,-0.45164623616708977,-0.22334359494775152,-0.603574013242468,0.15628484592269642,-1.7555289924687365,-1.7600748577334924,0.7329926793596205,0.18289240260889073
Run_0615_221745,42.2196626663208,Phase_3_Arc_Pivot,-0.0492178581855903,-0.6036394021752305,0.269097701477006,7.153356870929077,-2.1648132864603773,-2.9137387798465535,6.163945512449893,0.034583259053046406,-0.6139088769148865,0.05313089590869419,-0.2250830907946129,-0.6036394021752305,0.15547852823759548,-1.75585753851709,-1.7601567319120262,0.7332892343217486,0.18289240260889073
Run_0615_221745,42.32114362716675,Phase_3_Arc_Pivot,-0.05112384056599894,-0.6031739064821668,0.26978788849098295,9.068600101736418,-2.4711165014318657,-0.4897079579327863,8.711674761921627,-0.18096270635200995,-0.13830295766707654,0.005770594012757001,-0.2269188597784919,-0.6031739064821668,0.15461883108945643,-1.7556036203257588,-1.7601413638776746,0.7331459080497171,0.18289240260889073
Run_0615_221745,42.42234992980957,Phase_3_Arc_Pivot,-0.05303559423921718,-0.6028144251709333,0.270500769648978,10.462693927808175,-3.08521370778189,-0.5419891980416287,9.982768569566009,-0.2935030967474123,0.007310085710149582,0.11765365198382012,-0.22877475686578122,-0.6028144251709333,0.15377110020416393,-1.7554821876996698,-1.7601426290339575,0.7331494897143944,0.18289240260889073
Run_0615_221745,42.52388644218445,Phase_3_Arc_Pivot,-0.054967280172510076,-0.6024995938162028,0.2712025616644667,9.928459042961027,-3.3924037529833067,-2.329681998997462,9.035401348476256,-0.33712667962702003,-0.2421241670346801,0.30408502613145577,-0.23063690698146994,-0.6024995938162028,0.1529014338747445,-1.7556247514437864,-1.7601415532499045,0.7331373789298155,0.18289240260889073
Run_0615_221745,42.62609505653381,Phase_3_Arc_Pivot,-0.056877842775856176,-0.6022325724296449,0.2718708369573325,9.56432095459371,-3.6231023674564655,-3.2905560992336316,8.21715310282144,-0.3901913309328789,-0.41182185443120717,0.4360480977457425,-0.23246042074546222,-0.6022325724296449,0.15202300409332187,-1.755677062267529,-1.7602149558996825,0.733162436233022,0.18289240260889073
Run_0615_221745,42.728127241134644,Phase_3_Arc_Pivot,-0.05885301384768491,-0.6019752900440026,0.272550723787135,8.751609807121913,-4.093292246137416,-2.448251410560842,7.337690224758101,-0.46876897890658903,-0.41502085313030246,0.442024954896722,-0.2343378301921486,-0.6019752900440026,0.15110709982222104,-1.7556960052206019,-1.7601620368930222,0.7330917908916128,0.18289240260889073
Run_0615_221745,42.828452587127686,Phase_3_Arc_Pivot,-0.06078369011146658,-0.6017797924712409,0.27314921311309087,9.5503187011891,-3.2235918440866973,-3.6052928053601274,8.235223537016982,-0.47656302851164833,-0.17109342529392996,0.5609377964020454,-0.2361262203313957,-0.6017797924712409,0.15016510140467632,-1.7555694155723818,-1.7601962958265145,0.7330471262843639,0.18289240260889073
Run_0615_221745,42.93093538284302,Phase_3_Arc_Pivot,-0.06276735582950509,-0.6015868671374053,0.2737963733440019,10.609048613044362,-3.4330910675509267,-4.770099660529769,8.83243723014516,-0.5054174431220978,-0.17016460248617202,0.678525797561125,-0.23798649520001947,-0.6015868671374053,0.14922004931163543,-1.7555613722485717,-1.760153729442588,0.7330112492622168,0.18289240260889073
Run_0615_221745,43.03286361694336,Phase_3_Arc_Pivot,-0.06471861504952817,-0.6014217299573783,0.2744090304294259,9.2531438495082,-3.9775812167455986,-3.4650220467329493,7.602180014939047,-0.556880946703807,-0.3745774799734089,0.5977414644031691,-0.23979945780599582,-0.6014217299573783,0.14827351466494962,-1.7555508611937163,-1.760208270410578,0.7329247943178129,0.18289240260889073
Run_0615_221745,43.13365077972412,Phase_3_Arc_Pivot,-0.06663127302236464,-0.6013222448714883,0.2749712827937869,10.08264518099402,-4.213547659357689,-4.5245134184335365,7.964579605638841,-0.546769525257959,-0.32515296522983284,0.6714404720098192,-0.24154948368825685,-0.6013222448714883,0.14731863370184428,-1.7556284818632246,-1.7601854912664718,0.7330122268200764,0.18289240260889073
Run_0615_221745,43.23524332046509,Phase_3_Arc_Pivot,-0.06858497035799879,-0.6012141533234833,0.275485673872959,11.147680234066456,-3.901705286408747,-4.847671789601641,9.249191785194338,-0.5571235731497197,-0.17293339446773615,0.7315940794917906,-0.24329468574293434,-0.6012141533234833,0.14630089048769576,-1.7555518329520121,-1.7601850627536042,0.7330904459859907,0.18289240260889073
Run_0615_221745,43.33617877960205,Phase_3_Arc_Pivot,-0.0705499593181593,-0.601117610363235,0.27599838891841594,10.150668099067351,-4.415875560906136,-3.732118887727563,8.343104607751402,-0.5948133566443766,-0.23886909278121135,0.6611044256074963,-0.2450466870470795,-0.601117610363235,0.14527397775446851,-1.7555436296989142,-1.7602521323617284,0.732974017833566,0.18289240260889073
Run_0615_221745,43.43692421913147,Phase_3_Arc_Pivot,-0.07266221644876353,-0.6011866177343721,0.27655589454746227,8.6928297363671,-3.427470414264774,-2.076136464502805,7.714103497203649,-0.5335998499774773,-0.310351277045599,0.5267289970068045,-0.24693449439858767,-0.6011866177343721,0.14417460242465693,-1.7556243190657514,-1.7602011263074178,0.732996406884738,0.18289240260889073
Run_0615_221745,43.536949634552,Phase_3_Arc_Pivot,-0.07473726615059181,-0.601822900194086,0.2770659832568404,10.86411507641937,-3.355631044209248,-2.722167350394142,9.967875481027537,-0.3597018000430995,-0.09030847289608702,0.5230290065575947,-0.24876246329945756,-0.601822900194086,0.14306800789460303,-1.755589102380739,-1.7601946855873254,0.7330992896454119,0.18289240260889073
Run_0615_221745,43.638304710388184,Phase_3_Arc_Pivot,-0.07681678973105303,-0.6025178887594073,0.2775498501133911,9.011156962759177,-3.7889631732541504,-1.970174419004378,7.934930411661327,-0.126348505711622,-0.41651860030053883,0.17853518210356525,-0.25057505406029745,-0.6025178887594073,0.14193970820468,-1.7557127027479638,-1.7601162355565463,0.733107147448235,0.18289240260889073
Run_0615_221745,43.740196228027344,Phase_3_Arc_Pivot,-0.07900575276357229,-0.6029149821557548,0.2780382200739943,10.97439159440309,-3.9972748830622638,2.999756300704991,9.77039029481041,-0.17641571127988942,0.25112412386367483,-0.2313934410533572,-0.2524682143752288,-0.6029149821557548,0.14073720731148928,-1.7554352856162614,-1.7601453997454515,0.7328626196025935,0.18289240260889073
Run_0615_221745,43.840646266937256,Phase_3_Arc_Pivot,-0.08130227032777705,-0.6035668169533914,0.2781367298683439,10.389858627309918,-5.539076085927413,-4.325937705605923,7.652062557050245,-0.13157805827331964,-0.43608988159583284,0.3081589412955098,-0.25416175446158995,-0.6035668169533914,0.139182981112324,-1.7555886451089435,-1.7601828180716066,0.7330803100093638,0.18289240260889073
Run_0615_221745,43.94068741798401,Phase_3_Arc_Pivot,-0.08373403705644503,-0.6039540889694064,0.2785202757305184,10.705158216036248,-3.6449031409003485,3.1958998912616856,9.544701012020056,-0.13281707802514012,0.19557394246401394,-0.30492932214656177,-0.2561524810857345,-0.6039540889694064,0.13773467024825867,-1.7553970298962815,-1.7601907915770665,0.7328781435186889,0.18289240260889073
Run_0615_221745,44.041836738586426,Phase_3_Arc_Pivot,-0.08571444922040812,-0.6040445877462995,0.2789452936191725,8.122936052429726,-4.3480684637913285,-2.983614091085724,6.17854656869402,-0.02279501320737725,-0.6079480101860892,0.20418639710826444,-0.25785337698761,-0.6040445877462995,0.13663484040876892,-1.7557321634683298,-1.7602745877060741,0.7330470677198246,0.18289240260889073
Run_0615_221745,44.14201378822327,Phase_3_Arc_Pivot,-0.0878700395058596,-0.6037105086528183,0.2793360953172386,9.335369970068841,-5.020989953201352,2.1270554924794456,7.577230846412641,-0.24227891873645788,-0.28534383129245405,-0.09206075257922225,-0.2596539480267143,-0.6037105086528183,0.13538694643126806,-1.7556052285332677,-1.760203564803159,0.7330581494181256,0.18289240260889073
Run_0615_221745,44.24356031417847,Phase_3_Arc_Pivot,-0.09040527170711503,-0.6032720996584292,0.27972065125838014,10.391909293153496,-5.447614514202294,-1.3913134198184056,8.739537849887471,-0.3569450657376775,-0.23326549207535444,0.29368309927329667,-0.2617185500218313,-0.6032720996584292,0.13386618866360464,-1.755673265519888,-1.7601062276522599,0.7330678377059882,0.18289240260889073
Run_0615_221745,44.34522247314453,Phase_3_Arc_Pivot,-0.09307360496830656,-0.6029455346288861,0.28007177653934084,10.814948122770469,-3.4971816904656867,-2.956575397022153,9.7975244344585,-0.3963222826374944,-0.16567366627329444,0.46906792065989433,-0.2638536296324988,-0.6029455346288861,0.13222767518736384,-1.7556007836712793,-1.7602608282690737,0.7332672387360437,0.18289240260889073
Run_0615_221745,44.44715166091919,Phase_3_Arc_Pivot,-0.09580313380294982,-0.6025741402176705,0.28045627067421963,12.098658110724639,-5.428858851494957,-5.044198437561352,9.563528730194285,-0.4716695295333368,-0.10853289743033581,0.6324557023601923,-0.2660555763910185,-0.6025741402176705,0.1305694852490426,-1.75562387758881,-1.760203825665147,0.7332413339237892,0.18289240260889073
Run_0615_221745,44.54948353767395,Phase_3_Arc_Pivot,-0.09849550786857111,-0.6022223434029983,0.2807362547908214,9.999515371195875,-4.5302492681339865,-3.0481574297002583,8.37710484064257,-0.5427593243250487,-0.29351767747001273,0.523768121159726,-0.2681573510177838,-0.6022223434029983,0.12886366795722468,-1.7556997942219184,-1.7601434442268666,0.7329597268428779,0.18289240260889073
Run_0615_221745,44.65139818191528,Phase_3_Arc_Pivot,-0.10112319427968977,-0.6020344888053786,0.281077888759209,11.727837474425987,-6.184565319419818,-3.7159680235883963,9.245804739666998,-0.5956434180880315,-0.1450063598644395,0.6344242752649732,-0.2702569775936481,-0.6020344888053786,0.12724718477282146,-1.7556015594231933,-1.7601856981375577,0.7331358809345153,0.18289240260889073
Run_0615_221745,44.75316643714905,Phase_3_Arc_Pivot,-0.1040998452981945,-0.601698618959467,0.2807693584862116,7.723935190658393,-7.58895780104373,-1.4351541875916403,0.08501047762955326,-0.4314822445865326,-1.4482572221053753,0.3057112176665033,-0.2721436238658208,-0.601698618959467,0.1249242108041731,-1.7554154237999504,-1.7605467887083097,0.7323982742455507,0.18289240260889073
Run_0615_221745,45.77426481246948,Phase_3_Final_Insertion,-0.10441134000934554,-0.6017667325969351,0.2809086192256752,0.6236650482706301,-0.1322897424133507,-0.38574182890966346,0.47186942888477595,0.0070758602457651485,0.028179937596513556,-0.003713604108260885,-0.27246235610160724,-0.6017667325969351,0.12480242299484223,-1.7555902714004066,-1.7602147618703274,0.733013534671449,0.18289240260889073
Run_0615_221745,45.87484645843506,Phase_3_Final_Insertion,-0.10446910251278961,-0.6017530859483233,0.2795465766142564,7.374369553355811,-0.3805141321198147,1.3470601048057949,7.240301401099189,0.34353159729847044,1.240672765305847,-0.03704300839601045,-0.2715400907926916,-0.6017530859483233,0.12379846917015938,-1.7556121325691743,-1.7599422589783618,0.7330982577878394,0.18289240260889073
Run_0615_221745,45.97670912742615,Phase_3_Final_Insertion,-0.10443511713035095,-0.6017977481046642,0.27762111368993064,2.256644968315824,2.15614113772446,-0.5241908763439839,0.41076250120370394,0.35564831449507023,0.309676764150494,0.003947744544198447,-0.27015455160759394,-0.6017977481046642,0.12246099257382892,-1.7557810165607852,-1.760342089711192,0.7328950735777146,0.18289240260889073
Run_0615_221745,46.07879948616028,Phase_3_Final_Insertion,-0.10445755452593704,-0.6017731772207109,0.2755675534654864,2.2155087706729613,0.4733211059769359,-2.1331377160361664,-0.3662918617572525,0.3156986138359754,-0.12362556049794447,0.2325562734276607,-0.2687183308818855,-0.6017731772207109,0.1209930405789783,-1.755619069417767,-1.7605804608481646,0.7326507342705674,0.18289240260889073
Run_0615_221745,46.1795175075531,Phase_3_Final_Insertion,-0.10440435121361252,-0.6017552858525014,0.27366994416221335,0.27174878428446786,-0.19747898016516674,0.09430201267363295,0.16111047315030108,0.32058102384980686,-0.13963724365201308,0.010308267373580354,-0.2673388980525722,-0.6017552858525014,0.11968884859551751,-1.7554774331408565,-1.7603589440102065,0.7329149365486308,0.18289240260889073
Run_0615_221745,46.28100872039795,Phase_3_Final_Insertion,-0.10438867697669404,-0.601803798505188,0.27171407785204854,1.1174121926278453,-1.0413004865643285,0.17734190203763828,-0.36449026694266357,0.33562571150098464,-0.1711717572455753,-0.018087734150218405,-0.2659448083623454,-0.601803798505188,0.11831692562372068,-1.755537132678186,-1.7603102370364578,0.7330405292767395,0.18289240260889073
Run_0615_221745,46.3817183971405,Phase_3_Final_Insertion,-0.1044358743326467,-0.6017695016620969,0.26967252487792215,1.3266867596264886,-1.2002708345660382,0.4025511463945329,-0.39673701162713015,0.3323460354200631,-0.15753070528086632,0.01108925506266977,-0.2645345859806373,-0.6017695016620969,0.11683995610111614,-1.755585258235497,-1.7602271892708847,0.7329514395005855,0.18289240260889073
Run_0615_221745,46.483062744140625,Phase_3_Final_Insertion,-0.10443204336553868,-0.6017796351435969,0.2676588185062642,1.3402559371888016,-0.9423910017249484,0.38427550809615457,-0.8720765510636802,0.34566217756949796,-0.20903278506694553,-0.022935774228544068,-0.2631079716470988,-0.6017796351435969,0.11541875957321882,-1.7556008977787727,-1.7602519466544686,0.7329545656086607,0.18289240260889073
Run_0615_221745,46.583956241607666,Phase_3_Final_Insertion,-0.104402466065723,-0.6018037466116362,0.265686665091088,0.6917798312338048,-0.5100166414758399,0.18853221324225067,0.42766571628966776,0.32907450656590653,-0.08518030847447533,0.013206806999632538,-0.26169253428441863,-0.6018037466116362,0.11404515082907637,-1.7556667006310116,-1.7602159762026004,0.7330789379403578,0.18289240260889073
Run_0615_221745,46.68554329872131,Phase_3_Final_Insertion,-0.10441422363094971,-0.6017989212539779,0.2636186946757965,0.388351557407359,-0.36889102669101426,0.11590862296154877,0.03607677494910217,0.32677238167076594,-0.1234548154089119,0.023939701692263,-0.2602385722345749,-0.6017989212539779,0.11257456107102853,-1.7556148208759748,-1.760232768373806,0.7330328721605415,0.18289240260889073
Run_0615_221745,46.78594350814819,Phase_3_Final_Insertion,-0.10443708091953309,-0.6017787821827332,0.2615769140198256,0.4822296424164166,-0.2263864781814086,-0.09169875055699153,-0.4157955382973346,0.31629017073097926,-0.14960199122084653,0.032250389230278745,-0.2588109778307992,-0.6017787821827332,0.11111464157973916,-1.755586038039295,-1.760270146494043,0.7329372804742604,0.18289240260889073
Run_0615_221745,46.886457204818726,Phase_3_Final_Insertion,-0.10438570779597112,-0.6017884246692655,0.2596173110483409,0.778864042943104,-0.2633477222681069,0.3109946668481012,-0.6637465568708555,0.33001523526217563,-0.16589928735103704,-0.019310694437871215,-0.25738900299718764,-0.6017884246692655,0.10976531931421041,-1.7555235515977041,-1.7602829786293706,0.7330456352583969,0.18289240260889073
Run_0615_221745,46.98751258850098,Phase_3_Final_Insertion,-0.10443762921840051,-0.6017698767724364,0.25768979169854833,0.5453566037419127,-0.41864239864434194,-0.018447593305362754,-0.3490158357488461,0.3504224097038928,-0.14981317083215964,-0.016811700623905097,-0.25606275498396974,-0.6017698767724364,0.10836564332121515,-1.7556911851797552,-1.7601220004799207,0.7330385428796548,0.18289240260889073
Run_0615_221745,47.087844371795654,Phase_3_Final_Insertion,-0.1044181696673618,-0.6017798474740323,0.25555687666795357,0.7355654247797725,-0.39331083869722333,0.23264595593769732,-0.576401715369211,0.34619934388204143,-0.14873357904481152,-0.03309052134925838,-0.25454079632164317,-0.6017798474740323,0.1068712046198852,-1.7555969399623055,-1.7602651180333568,0.733000510929257,0.18289240260889073
Run_0615_221745,47.18923878669739,Phase_3_Final_Insertion,-0.10442428745736476,-0.6017768626510646,0.2535392510516396,0.7059489971564785,-0.27229130151962455,0.037024356212590794,-0.6502696600257695,0.34220413662748017,-0.17899273277123637,-0.014716362423049679,-0.2531184454972488,-0.6017768626510646,0.10544020193389692,-1.7555788357499762,-1.7602745201815562,0.7329729302138087,0.18289240260889073
Run_0615_221745,47.289791107177734,Phase_3_Final_Insertion,-0.10444300691390127,-0.6017592829978577,0.2515262546164792,0.47015303293729627,-0.1697860992009327,0.43573186463265867,-0.04852109893660551,0.3297536572246403,-0.11003561209360976,-0.02638161880024629,-0.25170827872209967,-0.6017592829978577,0.10400356184943357,-1.7555369150931375,-1.760228988010895,0.7329392459752365,0.18289240260889073
Run_0615_221745,47.39047932624817,Phase_3_Final_Insertion,-0.10440853630180731,-0.6017761821814965,0.24951824976960565,0.746530572663861,-0.1410351031532204,0.5958014012785413,-0.4271272478254219,0.35202256451761577,-0.13898807006131916,-0.032836989017661404,-0.2502640304746566,-0.6017761821814965,0.1026080624091171,-1.7555953094872827,-1.7602528102350141,0.7330018230480606,0.18289240260889073
Run_0615_221745,47.49205136299133,Phase_3_Final_Insertion,-0.10444119989384701,-0.6017760325333272,0.24745491589532603,0.287316146118582,-0.11912923998489326,0.25841456159356385,-0.039758098011125856,0.3424979564104866,-0.11284757356960289,-0.0204479215108465,-0.24882812974773078,-0.6017760325333272,0.1011259683873329,-1.7555883058133483,-1.7602546718456678,0.7329509664137884,0.18289240260889073
Run_0615_221745,47.59382724761963,Phase_3_Final_Insertion,-0.10439336223183145,-0.6017958980361476,0.24540180409201165,0.34888340164174464,-0.03890540232595555,0.32411461001186204,-0.12310855854825456,0.37100927583208465,-0.12918979192705707,-0.04565545027251993,-0.2473425341338657,-0.6017958980361476,0.09970802544388246,-1.7554850179344885,-1.760357990853827,0.7329935987663554,0.18289240260889073
Run_0615_221745,47.695836544036865,Phase_3_Final_Insertion,-0.10440028581371366,-0.6017959242411177,0.24344296696283274,0.29717233144132066,-0.23368538099522862,0.18183004886573786,-0.0253055451011899,0.36820381261066665,-0.13997740318579033,-0.05210404621849624,-0.24596232282828234,-0.6017959242411177,0.09831802271490106,-1.7556286498772193,-1.7602032064963038,0.7330873243281797,0.18289240260889073
Run_0615_221745,47.796873331069946,Phase_3_Final_Insertion,-0.10441857135693165,-0.601794168596467,0.24140184523394603,0.4390121341280331,-0.31689165416075,0.09213145410781788,-0.28952224197614385,0.3745346108123536,-0.12873605922349954,-0.0524461363162362,-0.24453196164416646,-0.601794168596467,0.09686180186757093,-1.7555607498370176,-1.7602664211490024,0.7329966254096276,0.18289240260889073
Run_0615_221745,47.89810633659363,Phase_3_Final_Insertion,-0.10443958598134699,-0.6017678267261746,0.23936210697986238,0.4478800140804274,-0.4399967442343784,-0.07048408935207343,-0.045070669221121455,0.36114695227844656,-0.12458197991893721,-0.0423314515741247,-0.24310450847628645,-0.6017678267261746,0.0954046295328346,-1.7555648117710105,-1.7602288689583125,0.7329582510007328,0.18289240260889073
Run_0615_221745,47.999252796173096,Phase_3_Final_Insertion,-0.1044130946300096,-0.6017647459950992,0.23740619923226144,0.671445240449622,-0.3706421124807095,0.5386481338728942,-0.15271320589109638,0.38803968571980846,-0.1466371957934441,-0.0831170703661783,-0.24170274063040909,-0.6017647459950992,0.09404032611530413,-1.755603867572803,-1.7601900634176142,0.7330435446757472,0.18289240260889073
Run_0615_221745,48.10100269317627,Phase_3_Final_Insertion,-0.10440288519389451,-0.6018071177382939,0.23530041321494974,0.42963602296465064,-0.28610878209840684,0.21260946291538194,-0.23984597831500318,0.38352714314376446,-0.1261385210793014,-0.07881226109509355,-0.2402065058963311,-0.6018071177382939,0.0925585297042443,-1.7555264644090032,-1.7603271057558916,0.733022126013798,0.18289240260889073
Run_0615_221745,48.20250630378723,Phase_3_Final_Insertion,-0.1044392753940061,-0.6017927139444164,0.23327676431807967,0.8999639607525525,-0.27027582428678304,0.8559391951488274,-0.06522425674163972,0.4045345320477717,-0.11548268033284771,-0.13722778475253944,-0.23880130179588124,-0.6017927139444164,0.09110186208925916,-1.755553604559713,-1.7602584592759911,0.7329527592528493,0.18289240260889073
Run_0615_221745,48.30431580543518,Phase_3_Final_Insertion,-0.10441620846972749,-0.6017936967333101,0.23128535751853582,1.3080783739614459,-0.1739239761230518,1.1635166553109002,0.571881522493343,0.420286505322586,-0.047615953878976124,-0.16898019036230638,-0.23737685376524426,-0.6017936967333101,0.08971003561577923,-1.7556154886162691,-1.76021393456322,0.7330554890540595,0.18289240260889073
Run_0615_221745,48.40528750419617,Phase_3_Final_Insertion,-0.10442810061737237,-0.601775277034907,0.22929048352611553,1.2696457399033059,0.025821052573083106,1.2538568995382677,0.19793042610703665,0.4210076840309814,-0.07535726948255016,-0.16305703528215962,-0.23597467385583373,-0.601775277034907,0.08829103766988358,-1.7556133046648563,-1.760171038434642,0.7330418336558537,0.18289240260889073
Run_0615_221745,48.505924463272095,Phase_3_Final_Insertion,-0.10444500126394378,-0.6017807506165005,0.22720793132504208,1.1196112005595003,-0.10346115845411895,1.086859097186208,0.24811757691303948,0.41722824805349423,-0.07855029803572808,-0.14526799463215484,-0.2345140376340768,-0.6017807506165005,0.08680650032453249,-1.7555310140313198,-1.7602817126937143,0.7329504566305851,0.18289240260889073
Run_0615_221745,48.60623025894165,Phase_3_Final_Insertion,-0.10448927018250931,-0.6017683987003204,0.22517681305303724,1.396325128047882,-0.19949537942301881,1.3768974328894326,0.11865460846208266,0.4381202867303703,-0.11891047367428602,-0.195697107103226,-0.23310912298306377,-0.6017683987003204,0.08533897996849249,-1.7555398814042198,-1.7602451316541174,0.7328546839334925,0.18289240260889073
Run_0615_221745,48.706631898880005,Phase_3_Final_Insertion,-0.10443795586270996,-0.6017793384470369,0.22320780542087534,1.728245726004191,-0.1004054762442102,1.7253141535721772,0.006565156163269217,0.47273931175197825,-0.10938638329685503,-0.271072028269935,-0.23168053963065194,-0.6017793384470369,0.08398296602308483,-1.755613017216992,-1.7602334445142096,0.7329716670569693,0.18289240260889073
Run_0615_221745,48.80709648132324,Phase_3_Final_Insertion,-0.10444283218135263,-0.6017993429658951,0.2212048064125297,2.6370709285230394,-0.4879141556458797,2.493339488293195,0.7066406830204176,0.47606838752062647,0.01341881155777103,-0.3610970636649756,-0.23026765352712025,-0.6017993429658951,0.08256318376359426,-1.7555982546817277,-1.7602322402609738,0.7329896568640921,0.18289240260889073
Run_0615_221745,48.90902137756348,Phase_3_Final_Insertion,-0.10442367616446041,-0.6018013157253365,0.21912833923428388,2.7927323025674933,-0.8949365317965972,2.4529946944492407,0.9905853556678939,0.4828860459398784,0.04102471223376826,-0.4467209557303486,-0.22878582415502632,-0.6018013157253365,0.08110844509039034,-1.7555241651696276,-1.7603355146449995,0.7329605095047462,0.18289240260889073
Run_0615_221745,49.00932455062866,Phase_3_Final_Insertion,-0.10438896985519346,-0.6018055349262925,0.21720374767321837,2.5365605578822787,-1.5781645862662157,1.970713956459325,-0.24458639429795453,0.4717172675302868,0.02797126812752631,-0.4958802513181829,-0.2274003913445499,-0.6018055349262925,0.07977209441317915,-1.7556253252608636,-1.7602266710226377,0.7330953947167661,0.18289240260889073
Run_0615_221745,49.110902309417725,Phase_3_Final_Insertion,-0.10443902962366149,-0.6017791197345406,0.21517687358238738,4.3603792455615435,-1.639006890079394,3.6569177203361467,1.7185797526119082,0.4722046514304499,0.25317725528462637,-0.6797694322610589,-0.22600257253206033,-0.6017791197345406,0.07830348039719284,-1.7556366635713236,-1.7601750028398293,0.733000779098801,0.18289240260889073
Run_0615_221745,49.21228265762329,Phase_3_Final_Insertion,-0.10448213495942564,-0.6017822625705371,0.2131805710221637,5.878931461209167,-1.919111450583426,4.263207057453482,3.564254753958162,0.45970213531101,0.47401150345796267,-0.7639942746660296,-0.22462145352965027,-0.6017822625705371,0.07686140124433447,-1.7556277842275712,-1.7601058870477182,0.7329839642082655,0.18289240260889073
Run_0615_221745,49.31461429595947,Phase_3_Final_Insertion,-0.10445851688055434,-0.6017829721126121,0.21107188309327468,6.55846650545044,-2.939537750475268,5.213802605021066,2.681205533434848,0.46774295656072823,0.4544147971351923,-0.9284924157158443,-0.22311368549199811,-0.6017829721126121,0.07538703421413931,-1.7555414228172153,-1.7601878006827747,0.732953883087405,0.18289240260889073
Run_0615_221745,49.41533041000366,Phase_3_Final_Insertion,-0.10431105798338247,-0.6013317039195265,0.20926182594289547,9.11826635780558,-2.0677837836522204,-4.469051329162605,7.674283798066362,0.4086877236158665,0.8145303442707659,-0.0706510077758347,-0.22172951262049329,-0.6013317039195265,0.0742113997149075,-1.7557834011002857,-1.7601119609645854,0.733641336946601,0.18289240260889073
Run_0615_221745,49.516483545303345,Phase_3_Final_Insertion,-0.10439665479647864,-0.601127131605955,0.20716716379911532,3.0522332787139574,-1.7894179848998217,2.314919182594536,0.8690572139173923,0.26744881140818205,0.09080311161225522,-0.3851735948560814,-0.22030888890131983,-0.601127131605955,0.07266972382175754,-1.755573705199571,-1.7603576117422108,0.7329902405749827,0.18289240260889073
Run_0615_221745,49.61869478225708,Phase_3_Final_Insertion,-0.10446477424287619,-0.6011322009707152,0.2050999676279957,3.0713437237882135,-2.026634028703995,2.1976060472831147,-0.7045810416814715,0.25390366414717336,0.02596329676004073,-0.3555849799299374,-0.21889532819315666,-0.6011322009707152,0.07115982766863763,-1.7555996052998748,-1.760244574733634,0.7329095605651866,0.18289240260889073
Run_0615_221745,49.720402240753174,Phase_3_Final_Insertion,-0.10445268023652528,-0.6011660880294778,0.20313577075921516,3.3644088344585943,-2.389698321290025,2.296778550988826,0.577405426303168,0.30702242478246805,0.09956476649916714,-0.5033139308412115,-0.21749787951375413,-0.6011660880294778,0.06977948249703994,-1.7556043848014242,-1.7602229501168107,0.7329350378809438,0.18289240260889073
Run_0615_221745,49.822126388549805,Phase_3_Final_Insertion,-0.10442447265443458,-0.6012094111280399,0.20117418506950696,5.258141091938267,-2.676951984913242,3.428219095737435,2.954537128692074,0.3414995381394457,0.3251237473560579,-0.6282455109973517,-0.21609088319810577,-0.6012094111280399,0.06841237772654601,-1.7556253729060618,-1.7601476083812888,0.7330821424896712,0.18289240260889073
Run_0615_221745,49.922860860824585,Phase_3_Final_Insertion,-0.10445808839702315,-0.6012463153062855,0.19906145959560165,4.406764437845393,-2.89233725328169,3.0482841158772174,1.3273740892560795,0.3464224283536896,0.21011853281113577,-0.6495862138181205,-0.21462073060826076,-0.6012463153062855,0.06689468529762299,-1.7556010170193057,-1.7602162663830165,0.732956542653661,0.18289240260889073
Run_0615_221745,50.02445125579834,Phase_3_Final_Insertion,-0.1044686810233534,-0.6012828969692161,0.19705596484227614,5.931707996456864,-3.389142211892879,4.210375736757076,2.4436879870645223,0.3493355569397195,0.3488203349373904,-0.8930412889737109,-0.21321012178645893,-0.6012828969692161,0.0654690962400038,-1.7555469535744697,-1.7602325583976501,0.73290982722808,0.18289240260889073
Run_0615_221745,50.12545871734619,Phase_3_Final_Insertion,-0.10442644882180133,-0.6009100327496644,0.1950579690476053,4.5176350558665765,-3.243158924618437,1.9463556607005794,-2.4703534827471962,0.1936258818341797,-0.10724450906447106,-0.36666698083672244,-0.2117674627351631,-0.6009100327496644,0.06408616254091176,-1.7556475012801813,-1.7603106234633141,0.7329669858531238,0.18289240260889073
Run_0615_221745,50.226370096206665,Phase_3_Final_Insertion,-0.10440930830842493,-0.6010467407958539,0.1931376382421697,5.541140621893496,-3.155111826926405,2.8062235518582024,3.5881218106669266,0.3002926204513491,0.36801083591447026,-0.646239125904845,-0.21039746362727668,-0.6010467407958539,0.06274040377950829,-1.7555293065175146,-1.7602829935485014,0.7330648537746794,0.18289240260889073
Run_0615_221745,50.32741594314575,Phase_3_Final_Insertion,-0.104449350543916,-0.6010905717715717,0.1911211819495487,6.98487389710252,-2.8822116141474567,4.5449793262993,4.452469257974682,0.29880012939483913,0.5377114870475512,-0.8680445139278434,-0.20899992784504767,-0.6010905717715717,0.06128623972478006,-1.755558966085379,-1.7601727289577822,0.7330558470830016,0.18289240260889073
Run_0615_221745,50.42823100090027,Phase_3_Final_Insertion,-0.10439918722197052,-0.6007892907844745,0.18916446928376854,6.044994663314811,-1.4013019839468814,2.1157104083104215,5.4865364937689085,0.254948656842501,0.48627234454090706,-0.619024968393836,-0.20758085222512643,-0.6007892907844745,0.05993810575508782,-1.7556506035834654,-1.7602292781958686,0.7331951897862357,0.18289240260889073
Run_0615_221745,50.528849840164185,Phase_3_Final_Insertion,-0.10447162415783172,-0.6008816555941422,0.18711642042176413,6.755097845363668,-2.937143648114894,5.78184897353291,1.8907026572234051,0.22967372585035484,0.2857142338912065,-0.822829117263685,-0.20618388363515755,-0.6008816555941422,0.05843869586800726,-1.75556259647571,-1.760211551784502,0.7328971837714465,0.18289240260889073
Run_0615_221745,50.62953782081604,Phase_3_Final_Insertion,-0.10447597191373428,-0.6010065535616329,0.18505644464813578,7.058873469563179,-4.213796598936648,5.2600631976628245,2.098415601992605,0.2883069746365554,0.26592344009054425,-0.9344018251784133,-0.2047303351242266,-0.6010065535616329,0.056978998701712996,-1.7555595456236148,-1.7602842584630893,0.7328565810363206,0.18289240260889073
Run_0615_221745,50.73139929771423,Phase_3_Final_Insertion,-0.10444833520192416,-0.6006201108748583,0.18298766141244824,7.02402186103149,-3.180689968911559,2.9557630254558562,-5.521191842642465,0.08237637272733112,-0.4705462141012407,-0.2950312006817208,-0.20324794236313623,-0.6006201108748583,0.05553569015328394,-1.7556491006563462,-1.7604221674641,0.7328081347266883,0.18289240260889073
Run_0615_221745,50.83371138572693,Phase_3_Final_Insertion,-0.10445563269048652,-0.6009010305415167,0.18114809123341766,7.208181868112016,-3.1546980333527985,4.653167924233967,4.511517974143399,0.269984027426557,0.5327911545985957,-0.9740699841828595,-0.20195232991872325,-0.6009010305415167,0.0542297575015748,-1.7554574248450847,-1.7602328715864957,0.7329601799373057,0.18289240260889073
Run_0615_221745,50.935768365859985,Phase_3_Final_Insertion,-0.10445824071272243,-0.6008503606152016,0.17933841870037764,8.699466477756522,-4.244718692312587,2.6163839009151184,7.128647522761508,0.282770454271979,0.7235067085358619,-0.8925070032300711,-0.2006745423490921,-0.6008503606152016,0.05294828163152665,-1.75562353193601,-1.7600196104963968,0.7331433213876405,0.18289240260889073
Run_0615_221745,51.03669476509094,Phase_3_Final_Insertion,-0.10442859260647017,-0.6005233236880305,0.17730736182254164,8.299856848056475,-3.169124821265311,6.780803918929896,-3.586777073989271,0.054033262963406936,-0.3149124197853739,-0.6850081722712769,-0.19921740388081838,-0.6005233236880305,0.05153307191721357,-1.7556939487319434,-1.7602725005295936,0.7329740621880537,0.18289240260889073
Run_0615_221745,51.13806200027466,Phase_3_Final_Insertion,-0.10444556159982027,-0.6005369658947176,0.17549035589573456,8.518107659586365,-3.8597833593480724,0.7294682975338488,7.558313735357688,0.16999342452598273,0.7952403957835112,-0.44557077992941807,-0.19794458555878472,-0.6005369658947176,0.05023625581464436,-1.7555231622838148,-1.760083269040865,0.7332294850879213,0.18289240260889073
Run_0615_222357,7.945424795150757,Phase_0_Cal_Plunge,0.10070496302801538,-0.6003621166432556,0.30093518058998653,0.5052766500170424,-0.44547632722948555,0.14867849803983121,0.18641362383472124,0.0013398107408213013,-0.001063578105714854,-0.004081420205894553,-0.14158414463652752,-0.6003621166432556,0.284002469149028,-1.755835444473105,-1.75915945672554,0.733172167599239,0.1895206199350633
Run_0615_222357,8.046304702758789,Phase_0_Cal_Plunge,0.10085024804043556,-0.6004181267982117,0.29850441218170043,1.7101531508550158,-0.5100587527464568,0.2567748592140128,1.611995824995118,0.03249517839593763,0.0884524668032434,0.015822312135910892,-0.13976259979404732,-0.6004181267982117,0.28238638834152197,-1.7558341731651228,-1.7593607786388268,0.7333870094756152,0.1895206199350633
Run_0615_222357,8.147659301757812,Phase_0_Cal_Plunge,0.10077402750848595,-0.6003903326755484,0.29352979503885523,0.666766736414542,-0.39698838413363025,-0.2495903675465605,-0.47400712239357906,0.028338883287750617,-0.03658682273791894,-0.009286849522132542,-0.13629891033354183,-0.6003903326755484,0.27881490677100207,-1.7558485342117491,-1.7592674798564527,0.7332073325565638,0.1895206199350633
Run_0615_222357,8.247726678848267,Phase_0_Cal_Plunge,0.10078011187868165,-0.6003909738776286,0.28856094237534374,0.2815395868111127,-0.16119582795854245,0.19936846382705853,-0.11632996012107501,0.02253674926622001,-0.0006775754584452343,0.0032358552433033572,-0.13278109862103138,-0.6003909738776286,0.27530569965734086,-1.7558400685319944,-1.7592834647527487,0.7332609555148203,0.1895206199350633
Run_0615_222357,8.348949909210205,Phase_0_Cal_Plunge,0.10067014765319268,-0.6003467355713568,0.283451577166569,0.7343091819406388,-0.7226789849089219,0.040118957246736205,0.12383670184066958,0.01718257209798556,0.01366744237146813,0.004596557452229405,-0.12924598828387934,-0.6003467355713568,0.2716150764211265,-1.7557499832514607,-1.7591484586035315,0.7330856931910295,0.1895206199350633
Run_0615_222357,8.450871229171753,Phase_0_Cal_Plunge,0.10072901012665536,-0.6003772265892313,0.27839367140254584,0.6737726499647171,-0.4779437286373608,0.25883145087167353,0.39817792020196,0.025452684991159807,0.0211517629904257,-0.005416781823086666,-0.12562788676539316,-0.6003772265892313,0.26808021901092605,-1.755876545892304,-1.7591480313485373,0.7332522779282947,0.1895206199350633
Run_0615_222357,8.552575826644897,Phase_0_Cal_Plunge,0.1006859115155445,-0.6003760130225343,0.27326416694897826,0.43082921329818735,-0.37728762890056955,0.12444456795598066,-0.16667754982591523,0.02069402394084139,-0.011030158641887871,-0.00779821854960512,-0.1220312547023251,-0.6003760130225343,0.26442263630750557,-1.7558432334036176,-1.7591812836833935,0.7330981922047534,0.1895206199350633
Run_0615_222357,8.652637720108032,Phase_0_Cal_Plunge,0.10065934670980967,-0.6003729816419288,0.26822371939826734,0.41888446298989224,-0.27165081287110915,0.31859401614087046,0.012956931736595864,0.013521483416541125,0.020851947539550657,0.0036250261868226476,-0.1184859042132783,-0.6003729816419288,0.26083971750990675,-1.7557451440467884,-1.75917541515906,0.7330709691247621,0.1895206199350633
Run_0615_222357,8.754438400268555,Phase_0_Cal_Plunge,0.10073352406853718,-0.6003937067913178,0.2630943979712405,0.5554369109388752,-0.14693822118324298,0.5340905215939211,-0.04082445262777556,0.018571251750067245,-0.0032343151475113193,-0.000854143345988049,-0.11480647493597544,-0.6003937067913178,0.25726519085933736,-1.7557079030855067,-1.7592845807310278,0.73317567122567,0.1895206199350633
Run_0615_222357,8.856331586837769,Phase_0_Cal_Plunge,0.10070212717994352,-0.6003872203593607,0.2580791102318256,0.4395089894284945,-0.36633992095785034,0.15027871308191212,0.19073416708994947,0.02513401615237096,-0.009770600795341873,-0.009022613215028811,-0.11128233191866616,-0.6003872203593607,0.2536966459363626,-1.7558948695261973,-1.7591268148557697,0.7331797028466424,0.1895206199350633
Run_0615_222357,8.958042860031128,Phase_0_Cal_Plunge,0.10071976228180866,-0.6003781736975923,0.25295401197838985,0.4668459621954354,-0.34487502673247694,0.19093794385641988,0.2500981206453537,0.01638346412452443,-0.007960270234664814,0.0016054544409026602,-0.10764587028929865,-0.6003781736975923,0.2500851241072266,-1.7558120572996023,-1.7592109837442487,0.7332070196542658,0.1895206199350633
Run_0615_222357,9.060165405273438,Phase_0_Cal_Plunge,0.10068342366701571,-0.6003678053482936,0.24790700868554774,0.6452685804460825,-0.48885503071992875,0.057696780609137514,0.41720903796305875,0.007346451156504414,0.013384354304674037,0.009393083713412005,-0.10410279531719818,-0.6003678053482936,0.2464906585732481,-1.7558772673587366,-1.7590898887078816,0.7331826270127743,0.1895206199350633
Run_0615_222357,9.160589933395386,Phase_0_Cal_Plunge,0.1006552341224083,-0.6003426564035674,0.24286485682894415,0.37585070560924244,-0.24801888314881176,0.2658257551183756,0.09532604273925832,0.022691286073816378,-0.005859250151625329,-0.0003244288774466491,-0.10055738856577191,-0.6003426564035674,0.2429053857855209,-1.7558811223257713,-1.7591074632967787,0.7330536031374626,0.1895206199350633
Run_0615_222357,9.26291036605835,Phase_0_Cal_Plunge,0.10079574490992323,-0.600383087089489,0.23774847501657564,0.5828510530455671,-0.4378787163539559,-0.18847123808946376,0.3353448556539416,0.013002294221833528,0.010813113120698947,0.018669819476019516,-0.09684020416042495,-0.600383087089489,0.23938691364153727,-1.7558409556099737,-1.7592938244521585,0.7333070827615505,0.1895206199350633
Run_0615_222357,9.364415407180786,Phase_0_Cal_Plunge,0.10071357516226997,-0.60039942961734,0.23268581042781006,0.6152958320897848,-0.38248871255562855,0.4523346553854721,-0.1663872149292264,0.010919384394204439,-0.01459561614364706,-0.009738105500971955,-0.09331846248460979,-0.60039942961734,0.23574896639417411,-1.7558572743194165,-1.7591625493765688,0.7332121341202269,0.1895206199350633
Run_0615_222357,9.466046333312988,Phase_0_Cal_Plunge,0.10071993971397862,-0.6003594689792553,0.22755604734050808,0.5132608155352867,-0.4028462921674842,0.25643968976245723,-0.18812287252057427,0.00569800638575534,-0.013661522116120631,0.01367720964842419,-0.08968667180202573,-0.6003594689792553,0.23212617654693485,-1.7558458483055657,-1.7591879899638387,0.733180398364982,0.1895206199350633
Run_0615_222357,9.5674147605896,Phase_0_Cal_Plunge,0.10065593805746648,-0.600375264717952,0.22254750504251103,0.4434395070403337,-0.3790182285318585,0.22735765054726223,-0.03594826257797428,0.011739138311665172,0.00494156068416307,-0.008623860754161427,-0.08619035358457929,-0.600375264717952,0.22853934631883457,-1.7558057649454233,-1.7591420630237111,0.7330802290742702,0.1895206199350633
Run_0615_222357,9.667848587036133,Phase_0_Cal_Plunge,0.10064734309674016,-0.6003671832863291,0.21757030351092618,0.4511509599926329,-0.3881715001657761,-0.02995793806355248,0.22795305900185994,0.014139694496717375,0.005291985757858424,0.00675685551481477,-0.08267701818527719,-0.6003671832863291,0.22501385580950525,-1.7558622779968478,-1.7590754659992878,0.7331021373784248,0.1895206199350633
Run_0615_222357,9.770089149475098,Phase_0_Cal_Plunge,0.10074038002457014,-0.6003885589797877,0.21233413978398236,0.3825314681483711,-0.35274305878576667,0.14614421579797593,0.023335097835749764,0.011329163746760879,0.003864932904680584,-0.009638668887837541,-0.07890870426398283,-0.6003885589797877,0.22137711597334958,-1.7557705150073286,-1.759288062139107,0.7331683999899635,0.1895206199350633
Run_0615_222357,9.872204303741455,Phase_0_Cal_Plunge,0.10072108533800099,-0.6003714430150707,0.20724180023257416,0.49282713296904374,-0.21391512861667003,0.3995321986687301,0.19363089362581437,0.007641325003654357,0.0015835056432573367,0.009950412218557535,-0.07532151983879154,-0.6003714430150707,0.21776264474073045,-1.7557997790110536,-1.759208109036402,0.7331856670625978,0.1895206199350633
Run_0615_222357,9.973261594772339,Phase_0_Cal_Plunge,0.1006948423948102,-0.6003698451601885,0.20228932795158497,0.6561080793675992,-0.5526319765079936,0.3094043178066072,0.17130288519151196,0.016775876402065536,-0.0064694983739043725,-0.008515008127422436,-0.07183814966835417,-0.6003698451601885,0.2142421614441161,-1.755892554994854,-1.7591208968223357,0.7331606542468425,0.1895206199350633
Run_0615_222357,10.075567960739136,Phase_0_Cal_Plunge,0.10069816879661994,-0.6003541052379976,0.19718092531942805,0.5357975602118992,-0.4807806739153299,0.17814192875723125,0.15554556354071455,0.021083257124704016,-0.004003192946535009,-0.019345025589100805,-0.0682236114048482,-0.6003541052379976,0.21063232742316335,-1.7558468384683779,-1.7591484082917628,0.7331577770134527,0.1895206199350633
Run_0615_222357,10.17765188217163,Phase_0_Cal_Plunge,0.1006592845961285,-0.6003663543091718,0.19207972058559772,0.5760393593855371,-0.5355697098268634,-0.19327717585715934,-0.08735194771698028,0.014009696312610505,0.009361627600842113,0.021147483142406324,-0.06464401022718438,-0.6003663543091718,0.2069977356818025,-1.7558349801558009,-1.7591158800072697,0.7331073601049513,0.1895206199350633
Run_0615_222357,10.279647588729858,Phase_0_Cal_Plunge,0.10069871736177528,-0.6003744348329509,0.18698789348860473,0.4768930963163183,-0.23444395829866152,0.36069578133737007,0.205819360257593,0.017085395486200736,0.024740300991835145,0.004408904809134345,-0.061015661582281444,-0.6003744348329509,0.20342515338887912,-1.7558835068915652,-1.759119688352003,0.7331908805245824,0.1895206199350633
Run_0615_222357,10.381894588470459,Phase_0_Cal_Plunge,0.10070413507448588,-0.6003730200410429,0.18178203448747482,0.3203338261846757,-0.22914118865328081,0.16377266213342634,0.1525994462585175,0.027640557910441087,0.002962829132995114,-0.00486424879773234,-0.057330732479285273,-0.6003730200410429,0.1997478860886753,-1.755697645042124,-1.7592353641246008,0.7331592391040229,0.1895206199350633
Run_0615_222357,10.483754396438599,Phase_0_Cal_Plunge,0.10066955291392556,-0.60035037194433,0.17676923858396404,0.5040954916661821,-0.42557607828423316,-0.025834678175580425,0.2689420675795185,0.026010039451246705,-0.008657652384263071,-0.0016858801095723146,-0.05381060378344893,-0.60035037194433,0.1961788508323584,-1.7558317013529094,-1.7591477167541214,0.7330788896162671,0.1895206199350633
Run_0615_222357,10.58568000793457,Phase_0_Cal_Plunge,0.10068722033871624,-0.6003648718337773,0.17165423831962676,0.4704921625576001,-0.3886954768817416,-0.21530744793185397,-0.15466545879696186,0.018531836166294637,0.0030788670305877197,0.009668594109843538,-0.050181259654889454,-0.6003648718337773,0.19257449221555012,-1.7558513487798626,-1.7591735622765035,0.7331211609580846,0.1895206199350633
Run_0615_222357,21.37451410293579,Phase_1_Yield_to_45,-0.15917188581221683,-0.600750387888052,0.26197887645032475,0.16245376807722187,0.1404660815466278,0.057169335510175334,-0.05824237095748172,-0.004555495189007209,-0.0024851706183015433,-0.0003889982866200427,-0.2977985598977267,-0.600750387888052,0.07269552023358805,-1.755106856723113,-1.7616541917390518,0.7320731398206813,0.1895206199350633
Run_0615_222357,21.47500514984131,Phase_1_Yield_to_45,-0.15761014805531687,-0.6007483035719297,0.26120461660147054,0.7594946783322976,-0.532409742119115,0.5350449781637459,0.08425499542160339,0.03236161229960154,0.020214747288152153,-0.003985176870252628,-0.29614676014986235,-0.6007483035719297,0.07325235120240178,-1.7549028828818996,-1.7618662349250225,0.7320505173288095,0.1895206199350633
Run_0615_222357,21.57578444480896,Phase_1_Yield_to_45,-0.15579886418788222,-0.6006852049925793,0.26044062315711786,0.46830805354320887,0.23895396651120568,0.35460085398939617,-0.19097557239600446,0.028829333245485252,0.007145390824360763,0.003946440293467286,-0.2943257640992617,-0.6006852049925793,0.07399289736243478,-1.7549553755372962,-1.7617626880165724,0.7318725906109232,0.1895206199350633
Run_0615_222357,21.677595376968384,Phase_1_Yield_to_45,-0.1539093266156565,-0.6006926053368612,0.25971368294495256,0.8657144514339408,-0.5976869006577172,0.4944137073598911,0.38443070400058965,0.028448881025039976,0.12533646401076468,-0.00796616746740962,-0.2924756349150949,-0.6006926053368612,0.07481497783952307,-1.755008902576477,-1.7617053936876814,0.7319562075291534,0.1895206199350633
Run_0615_222357,21.77864694595337,Phase_1_Yield_to_45,-0.15203890421996832,-0.600685001404714,0.2589505638546581,1.4547989518850948,-1.0873606244775282,0.44012041340371766,0.8604538828125252,0.0323435637439513,0.2865025518794584,-0.0050984560954733735,-0.2906134398718204,-0.600685001404714,0.07559795951559725,-1.755065237005412,-1.7616889352349026,0.7320326207611398,0.1895206199350633
Run_0615_222357,21.88054656982422,Phase_1_Yield_to_45,-0.1502236085637532,-0.6006479594315497,0.25818159898322424,2.3186143477381487,-2.033619963366756,0.49391373824404794,0.9982041661439732,0.0478804471974656,0.37525650050395487,-0.04740330528954474,-0.2887860917283671,-0.6006479594315497,0.07633782710888035,-1.7550813728735182,-1.7616063879322406,0.7319205321453073,0.1895206199350633
Run_0615_222357,21.982006072998047,Phase_1_Yield_to_45,-0.14832232598420286,-0.6006502146847826,0.2573579713983485,3.0197662321957974,-2.673352039666278,0.3912890843413843,1.3487289652103696,0.05238119999376472,0.5074586771469113,-0.026544148671888396,-0.28685928927297727,-0.6006502146847826,0.07709984426339431,-1.755042143075484,-1.7616936759695936,0.7319019225413477,0.1895206199350633
Run_0615_222357,22.084333419799805,Phase_1_Yield_to_45,-0.1463868766456709,-0.6006741898410726,0.2566231877275163,3.446400523564571,-3.060283526210716,0.9092043765122203,1.298340752560929,0.051893123466701635,0.554994397830347,-0.04969137628338783,-0.2849711494047077,-0.6006741898410726,0.07794884309896263,-1.7551011543010984,-1.7616542373460111,0.7320856032577523,0.1895206199350633
Run_0615_222357,22.185755491256714,Phase_1_Yield_to_45,-0.14449902726520636,-0.6006716730678268,0.2558094392331515,4.276530248798533,-3.0905375183532895,1.1454625417850886,2.72492282127527,0.0414364627083227,0.8313627950933571,-0.040740693021695355,-0.28306083122737674,-0.6006716730678268,0.0787083471192023,-1.7549906658866117,-1.761701088529469,0.7320756422160603,0.1895206199350633
Run_0615_222357,22.287861108779907,Phase_1_Yield_to_45,-0.14266656651276705,-0.6006450595824283,0.25502827398004646,4.006441316619389,-3.6228161791104965,0.38553784139988634,1.6667739884995936,0.05872775027100356,0.7121806789667798,-0.035968023434776675,-0.2812127185553708,-0.6006450595824283,0.07945172529581243,-1.7550062309724854,-1.7616682543766309,0.7319930565944136,0.1895206199350633
Run_0615_222357,22.3886616230011,Phase_1_Yield_to_45,-0.14079822260473612,-0.6006291304194261,0.25426061561049557,4.180041781082824,-3.7705616807547533,0.7883620682219272,1.6229908048448103,0.051471055551959306,0.7770008885965665,-0.05417644988304407,-0.2793487834696695,-0.6006291304194261,0.08023002750402564,-1.7550794134384804,-1.7616741569585137,0.7320282274634204,0.1895206199350633
Run_0615_222357,22.48877453804016,Phase_1_Yield_to_45,-0.13893278953732083,-0.6006380652805597,0.25350362968978135,4.592023143828692,-3.911789220244126,0.8391986341586163,2.2539581411966174,0.04677614410889372,0.9251502702312006,-0.0378891676782195,-0.2774944532200508,-0.6006380652805597,0.08101381799804486,-1.7550912279172421,-1.7616497081930311,0.7321167057130407,0.1895206199350633
Run_0615_222357,22.59072780609131,Phase_1_Yield_to_45,-0.13709375465114598,-0.6006333459752257,0.2526684111870419,4.755022207416713,-4.135215725734991,0.6183776180866819,2.264472613239028,0.05793282530240324,0.9466367132580652,-0.06429754363869777,-0.27560347051413836,-0.6006333459752257,0.08172362336983816,-1.7550973397137515,-1.7616546183253026,0.7320349746137822,0.1895206199350633
Run_0615_222357,22.69209575653076,Phase_1_Yield_to_45,-0.13519292557373075,-0.600607095887269,0.25191310530968064,5.290251263197625,-4.77358796055748,0.45614318044200064,2.234177658450868,0.048827868153231924,1.009103527463295,-0.0523689859362935,-0.27372529947586927,-0.600607095887269,0.08253363059260282,-1.755130272165377,-1.7616312791400452,0.7320612261731482,0.1895206199350633
Run_0615_222357,22.79337453842163,Phase_1_Yield_to_45,-0.13331482249032064,-0.600572281557742,0.2511317456342113,5.275622483360509,-4.684806590120172,0.47710662101682816,2.378476208055782,0.06100687673515607,1.0168533341042263,-0.05616309213133987,-0.27184477532475254,-0.600572281557742,0.08330914529357941,-1.7550956399773445,-1.7616144534597191,0.7320282797378928,0.1895206199350633
Run_0615_222357,22.894202947616577,Phase_1_Yield_to_45,-0.13195883914582857,-0.6005717695626086,0.25039201784670356,6.28974622187403,-5.499142352323197,-0.30267509753694355,3.037882273853766,0.015020324869629051,1.1737375424980572,0.026653955701049455,-0.2703628837719073,-0.6005717695626086,0.08374490377686691,-1.7552077902818561,-1.7616206242623478,0.732016457910586,0.1895206199350633
Run_0615_222357,22.99598789215088,Phase_1_Yield_to_45,-0.13067914657662572,-0.6005290735932061,0.24959117228440345,4.533122897258366,-3.601586381596274,1.2622576457195764,2.446320578618185,0.12232492857292061,1.0803008264031402,-0.12681666182521797,-0.2688917211506044,-0.6005290735932061,0.08408349974259871,-1.7550727731185973,-1.7616147623243037,0.7318954603775119,0.1895206199350633
Run_0615_222357,23.096166133880615,Phase_1_Yield_to_45,-0.12938760408892747,-0.600562274183715,0.2487776530816226,6.8353536680050695,-6.65081130252397,-0.17489814263759362,1.5678582284861338,0.01728801477272658,1.038757117255634,-0.0006493670481097413,-0.26740321775445064,-0.600562274183715,0.08442151324892891,-1.755022118695611,-1.7616845531302336,0.7319636030662918,0.1895206199350633
Run_0615_222357,23.197490453720093,Phase_1_Yield_to_45,-0.1281040566389445,-0.6005622586942104,0.24805375362976712,5.1726932625063435,-2.682848838917408,1.660052848400399,4.099183118136559,0.128033986936468,1.2836747312299819,-0.1548561319282252,-0.26598373843728873,-0.6005622586942104,0.0848172441434823,-1.754988690424074,-1.7616742774892198,0.7321053893267812,0.1895206199350633
Run_0615_222357,23.299012899398804,Phase_1_Yield_to_45,-0.1268110772498801,-0.6005807464359172,0.24726134705774197,7.301646152533501,-7.189023657924037,0.19839722680858893,1.2619880835453452,0.018917288591153776,1.1164927549262182,-0.020008112307974262,-0.2645091478828111,-0.6005807464359172,0.0851712025768884,-1.7550324545537126,-1.7617657112872849,0.7320497782592414,0.1895206199350633
Run_0615_222357,23.400888204574585,Phase_1_Yield_to_45,-0.12559348553199237,-0.6005659141284427,0.24653819678043548,4.86434723086359,-2.8637428543302765,2.326493308849366,3.1699021641939815,0.128728952375417,1.165787236504074,-0.2129289356155647,-0.26313683605747573,-0.6005659141284427,0.08552082547242307,-1.7550387623977834,-1.7616957894283394,0.7321199900716641,0.1895206199350633
Run_0615_222357,23.50284719467163,Phase_1_Yield_to_45,-0.12432275984581383,-0.6004876956458587,0.24573423159278865,7.623589042614083,-7.465161196165452,1.5183618215299126,0.29164290639661794,0.01179215092985164,1.0453374578188437,-0.08182918386730054,-0.26166980807172796,-0.6004876956458587,0.08585087498612484,-1.7550941560615658,-1.7616336824996524,0.7318839095961096,0.1895206199350633
Run_0615_222357,23.603352069854736,Phase_1_Yield_to_45,-0.12312520199582253,-0.6005270597261197,0.24507194563835594,6.590303660365123,-3.603625042205386,1.6275171180009533,5.272302810122541,0.1373822086045508,1.469324004469349,-0.1696429858431844,-0.26035469990567195,-0.6005270597261197,0.0862293693732529,-1.7550696860476107,-1.7616013031880968,0.732170116117853,0.1895206199350633
Run_0615_222357,23.704127073287964,Phase_1_Yield_to_45,-0.12187000484327898,-0.6004518191845458,0.24419488492924812,7.133785907824273,-6.950751619856191,1.4154122457595733,0.757998332644976,0.02763987754303676,1.1356801373429528,-0.11768962860944916,-0.2588469659124599,-0.6004518191845458,0.08649675221662007,-1.7550616742708929,-1.7616767446826553,0.7317648883832364,0.1895206199350633
Run_0615_222357,23.80610466003418,Phase_1_Yield_to_45,-0.12061114841331959,-0.6005316568996543,0.24352013198044886,6.898002772658231,-4.324967891900451,-0.7748754874739435,5.317580555529255,0.12049972948801094,1.5018083387212022,0.02375464807582766,-0.2574796976085738,-0.6005316568996543,0.08690977574906306,-1.7550942372987748,-1.7616108986920374,0.732215245477379,0.1895206199350633
Run_0615_222357,23.907811880111694,Phase_1_Yield_to_45,-0.11937883948126705,-0.6004294527205384,0.24270780535875627,6.555684138175337,-5.837779708376551,2.5195432797267268,1.5966290294162264,0.0347674187727831,1.2292800644712978,-0.1928925333572348,-0.2560339219434655,-0.6004294527205384,0.08720674808869697,-1.7550299293116964,-1.7616804347985822,0.7317470006650632,0.1895206199350633
Run_0615_222357,24.0097393989563,Phase_1_Yield_to_45,-0.11838819093098134,-0.6004459997185425,0.24193790801278908,6.01569560289144,-4.912168951086086,0.641708532814098,3.4128287301807005,0.07100348468760867,1.3760269874525504,-0.06307671074832215,-0.25478902800163494,-0.6004459997185425,0.0873628427622257,-1.7550294536327673,-1.7617231512435112,0.7318662721283332,0.1895206199350633
Run_0615_222357,24.11068344116211,Phase_1_Yield_to_45,-0.11767673343047964,-0.6004014674879573,0.24113075778685208,6.928540560814238,-5.325239341028336,0.8084695525896685,4.358081831052237,0.022870607730660058,1.5066628784163574,-0.031185653458282246,-0.25371521018030785,-0.6004014674879573,0.08729517778716017,-1.7548746035857221,-1.7617778648676414,0.7317047928639223,0.1895206199350633
Run_0615_222357,24.21118402481079,Phase_1_Yield_to_45,-0.11680705569703305,-0.6004584303822506,0.24056839607780536,6.579813961241901,-5.415685835969003,0.9665796761128447,3.609712235118492,0.058914865333320715,1.4599763674237947,-0.05126029603847925,-0.2527026053795942,-0.6004584303822506,0.08751248303198061,-1.7551319560965208,-1.7616463621824519,0.7320363987340752,0.1895206199350633
Run_0615_222357,24.31148862838745,Phase_1_Yield_to_45,-0.11613508684516942,-0.6004066460504927,0.239849074104743,6.62598031367203,-5.810432257858595,0.8093998589537718,3.080156483416252,0.04631986554955206,1.378750198220597,-0.040186970896365005,-0.25171881420268644,-0.6004066460504927,0.08747899931887063,-1.7550569511162943,-1.761623793917514,0.731888184007689,0.1895206199350633
Run_0615_222357,24.4122257232666,Phase_1_Yield_to_45,-0.11528147477248145,-0.6004549936384109,0.2392991187389289,6.52969574182366,-5.40685105975546,1.111046294194984,3.488332586002501,0.03482471233634203,1.5587845389692878,-0.11415882994322848,-0.25072634214906897,-0.6004549936384109,0.08769371703545392,-1.755128145744169,-1.7615856072592564,0.7321387920060454,0.1895206199350633
Run_0615_222357,24.51292324066162,Phase_1_Yield_to_45,-0.11417241057893901,-0.6005354040986417,0.2387328381757098,7.17612949852168,-6.275562021455473,-0.04084589643897368,3.4802999162662434,0.014375941414964519,1.4914600083076812,0.037671195274871276,-0.2495416945107376,-0.6005354040986417,0.08807752302117264,-1.7552992980193864,-1.7616481939763389,0.7324760760285144,0.1895206199350633
Run_0615_222357,24.613642930984497,Phase_1_Yield_to_45,-0.11313263338118197,-0.6005094990495097,0.23798024995618824,7.1855173935727015,-6.052449941265533,1.0017403331023134,3.741126331313437,-0.007249717018877363,1.5145270009511789,-0.016543563361405767,-0.24827430076981563,-0.6005094990495097,0.08828059629516496,-1.7551528071428457,-1.7616649274215705,0.7324027341034196,0.1895206199350633
Run_0615_222357,24.714534521102905,Phase_1_Yield_to_45,-0.11243608907316302,-0.600403289740122,0.237142776037418,6.406845166942412,-5.107237985883815,0.721684317994993,3.8003890450687896,0.028864419336455515,1.540745249271152,-0.04488610664012502,-0.24718958607918923,-0.600403289740122,0.08818094401173276,-1.7549478394414293,-1.761788506814676,0.7319378781695447,0.1895206199350633
Run_0615_222357,24.815927267074585,Phase_1_Yield_to_45,-0.11174469352552889,-0.6003533474152687,0.23646157623470407,6.46917923169247,-5.392156241716986,0.7985630639053738,3.483852469557198,0.058271922721532414,1.471507618240714,-0.04832633254903619,-0.24621901459913298,-0.6003533474152687,0.08818815349210504,-1.754969161727621,-1.7617071587845103,0.7318433231841298,0.1895206199350633
Run_0615_222357,24.91685962677002,Phase_1_Yield_to_45,-0.11094233285255103,-0.6004061644696794,0.23599173453435235,6.612454254691421,-5.772932802484369,-0.20892125086604696,3.217786512390656,0.06472292677407726,1.5949969974515799,-0.037071226713886296,-0.24531943167391002,-0.6004061644696794,0.08842327991252219,-1.7551100996527242,-1.7616579615337873,0.7320318155987169,0.1895206199350633
Run_0615_222357,25.017930030822754,Phase_1_Yield_to_45,-0.11024867298440967,-0.6003541816550777,0.2353337351562589,7.322327226184283,-6.08850574868619,0.5000500539238015,4.036895304451881,0.02063351573217957,1.6146685582289775,-0.006050883618290738,-0.24436366425504388,-0.6003541816550777,0.0884484956868555,-1.7550898825379677,-1.761649383003792,0.7319028386184008,0.1895206199350633
Run_0615_222357,25.118618965148926,Phase_1_Yield_to_45,-0.1095139974885856,-0.6003527106478015,0.23470215555475185,7.194165515837669,-6.062933816070721,-0.6610933323843997,3.8157314655372288,0.04179456674925869,1.6286045058063372,-0.0008617155139003783,-0.24339757601089035,-0.6003527106478015,0.08852139549283955,-1.7550979671704525,-1.7617107589491234,0.7318640673458987,0.1895206199350633
Run_0615_222357,25.2191801071167,Phase_1_Yield_to_45,-0.10885335434369155,-0.6003403383047631,0.2341243008678127,7.363832319962096,-6.120485130476604,-0.2281109189328505,4.088233556537193,0.04199563798511037,1.6408271868643063,-0.0076128686781894534,-0.24252182579551626,-0.6003403383047631,0.08857993577286344,-1.7550666879075791,-1.761606601031352,0.7319400766716422,0.1895206199350633
Run_0615_222357,25.31976056098938,Phase_1_Yield_to_45,-0.10811659363034105,-0.6003585718161084,0.23346616048934835,7.742425916761127,-5.913605054748023,-0.1130512762143509,4.996163902629629,0.0381785742179093,1.717511163182398,0.005356952640509722,-0.24153548177440948,-0.6003585718161084,0.0886355287448006,-1.7550785520182108,-1.7616624876069575,0.7319856376658095,0.1895206199350633
Run_0615_222357,25.42097282409668,Phase_1_Yield_to_45,-0.10744209243849846,-0.600340279793304,0.23300818071920068,7.777747111548618,-5.890831594449874,-0.1671109819174828,5.075778479874453,0.061979353438750634,1.7358142534591734,-0.013724388877504788,-0.2407346968066215,-0.600340279793304,0.08878863251035324,-1.7551084990993402,-1.7616050596687107,0.7320046744064588,0.1895206199350633
Run_0615_222357,25.522063970565796,Phase_1_Yield_to_45,-0.10660224354280302,-0.6003816174666589,0.23263725364285845,8.391648366554275,-5.724102411928838,0.19937871347370237,6.13307932561263,0.061463295140037656,1.900778429605178,-0.02659660639563466,-0.23987854890629592,-0.6003816174666589,0.08912021030866421,-1.7551535446537785,-1.7616806579731268,0.7321375528327203,0.1895206199350633
Run_0615_222357,25.624125957489014,Phase_1_Yield_to_45,-0.10589937774775646,-0.6003245237687819,0.2322740033054537,7.796462998780993,-6.13965382460883,0.25863067839447673,4.798186780182749,0.009560105290506734,1.793303667925592,0.0029040010439180235,-0.2391246909595072,-0.6003245237687819,0.08936035470175852,-1.7550968421575281,-1.7616752613793771,0.7319761380783307,0.1895206199350633
Run_0615_222357,25.724625825881958,Phase_1_Yield_to_45,-0.1052756940675372,-0.6002869652220432,0.23165191827194842,7.019870332324596,-5.667228996255943,0.6070022477380378,4.09788277747032,0.045823734556325435,1.6997924214647606,-0.05856303200881578,-0.23824379945424257,-0.6002869652220432,0.0893614851156907,-1.7550039678347835,-1.7617113306948375,0.7318628660721599,0.1895206199350633
Run_0615_222357,25.82551097869873,Phase_1_Yield_to_45,-0.10459250751443658,-0.6003208247482412,0.23123165903771836,7.856349550138157,-5.877178381657551,1.0183920861657247,5.113108651590358,0.07772720503511425,1.7632429623625916,-0.07363364155522711,-0.2374635454553493,-0.6003208247482412,0.08954740280582327,-1.755076144005907,-1.7616775596527392,0.7319489344265974,0.1895206199350633
Run_0615_222357,25.926294803619385,Phase_1_Yield_to_45,-0.10390131499310871,-0.6003161940073367,0.23071565368420688,7.457049291077927,-6.204398054619195,0.7338684448658357,4.071175016507343,0.051367044807383654,1.645307411953513,-0.0710355314559267,-0.2366099276518164,-0.6003161940073367,0.0896712788401631,-1.7551018108975462,-1.7616781276679123,0.7319793862912574,0.1895206199350633
Run_0615_222357,26.027220010757446,Phase_1_Yield_to_45,-0.10322563948796074,-0.6002903550983707,0.23027630318382078,8.283475406187046,-6.482561360687284,0.4690623688165824,5.135401007125935,0.005737321755300254,1.8410182848543923,0.04008565015739961,-0.23582148520210391,-0.6002903550983707,0.08983838585359416,-1.7551171598036577,-1.7616522004373576,0.7320293119678052,0.1895206199350633
Run_0615_222357,26.127981424331665,Phase_1_Yield_to_45,-0.10255099300655379,-0.6002986961233094,0.22978142119571668,8.73291526402214,-6.70558197579825,0.03724418311104222,5.594425104089329,-0.007649598719681665,1.8298144426579128,0.061272109252373544,-0.23499450369052194,-0.6002986961233094,0.08996549854582517,-1.755090604775414,-1.7616970490140789,0.7320109894487287,0.1895206199350633
Run_0615_222357,26.22916555404663,Phase_1_Yield_to_45,-0.10187072244267327,-0.6002783332711062,0.22938424177294767,7.8543884329974265,-6.070537715908961,0.8354311266672263,4.913455436729443,0.019779314487132604,1.6830484907558818,-0.07255580429644044,-0.23423263149857268,-0.6002783332711062,0.09016567421139896,-1.7551536994769423,-1.761670133124266,0.7320215312533208,0.1895206199350633
Run_0615_222357,26.33039426803589,Phase_1_Yield_to_45,-0.10127837090531773,-0.6002461303707954,0.22893087981540008,9.579480577036875,-7.01448494320028,0.9282326195710772,6.4576956657469955,-0.014868591981037236,2.117770773684292,0.05752367932227084,-0.23349320039514843,-0.6002461303707954,0.09026395468579543,-1.7550854695148745,-1.761530375278028,0.7320305731734079,0.1895206199350633
Run_0615_222357,26.43138360977173,Phase_1_Yield_to_45,-0.10051204054251775,-0.6003154497333364,0.22869451369604815,9.652333671517608,-5.857859276018502,0.003813139175388801,7.671571903374574,0.06767986557980775,2.2295288964859963,0.012563191435263,-0.2327841869131469,-0.6003154497333364,0.09063869599612395,-1.755158805041902,-1.7615871401582244,0.7322249600598911,0.1895206199350633
Run_0615_222357,26.53206992149353,Phase_1_Yield_to_45,-0.09980244463513847,-0.6002804568257973,0.2284678847814431,9.517717666788439,-5.843792801954787,-0.09514190959604255,7.511856181367998,0.06607818416570155,2.224441776343275,0.05549367252985645,-0.2321221759928066,-0.6002804568257973,0.09098020523180386,-1.7551700844247013,-1.761584653969848,0.7320989215359487,0.1895206199350633
Run_0615_222357,26.63277578353882,Phase_1_Yield_to_45,-0.09903847751081296,-0.6002618688398729,0.22820567545163287,9.51914824668549,-6.053459806607706,-0.17690141867512468,7.344284417166261,0.04724346789772163,2.2303008377115745,0.06979841415886096,-0.23139655966339326,-0.6002618688398729,0.09133500157081884,-1.7551408386359995,-1.7616302355399736,0.7320497809256036,0.1895206199350633
Run_0615_222357,26.734018802642822,Phase_1_Yield_to_45,-0.0982925970217836,-0.6002868300958051,0.22799603669303742,9.671028371317888,-5.886904637358408,0.5996145493824592,7.649418666908778,0.024240578456235735,2.2501353474417085,0.002712085079090837,-0.23072090552384347,-0.6002868300958051,0.09171418173476387,-1.7550870564141123,-1.7616866723562814,0.7320600774733182,0.1895206199350633
Run_0615_222357,26.83456254005432,Phase_1_Yield_to_45,-0.09759743298079755,-0.6002553804369088,0.22778643549682753,9.563366512370301,-6.171004699029937,0.00019702026435553834,7.3059345751012,0.023657892231179478,2.235610684564602,0.05376636591211733,-0.2300811398892404,-0.6002553804369088,0.0920575265149973,-1.7550342492638387,-1.7616788375346808,0.7320014568751634,0.1895206199350633
Run_0615_222357,26.935757160186768,Phase_1_Yield_to_45,-0.09688312950092119,-0.600247544040476,0.22756068571173838,9.39383325630895,-6.186276534766286,0.6043206832062067,7.043357324073884,0.006365807160481962,2.212869359779617,0.025108856461798713,-0.22941642185090672,-0.600247544040476,0.09240298614555509,-1.7550585077861869,-1.761667664130855,0.7320241396536563,0.1895206199350633
Run_0615_222357,27.036863088607788,Phase_1_Yield_to_45,-0.09619656851899637,-0.6002459901702408,0.2273462241524135,9.051528170978472,-5.3733768888991555,0.8820307340420509,7.230422174677393,0.015366051234196727,2.2477199970858415,-0.0028537826327885755,-0.22877930270198713,-0.6002459901702408,0.09273681084866978,-1.7550845828711836,-1.76169260705955,0.7320534608179311,0.1895206199350633
Run_0615_222357,27.137582063674927,Phase_1_Yield_to_45,-0.09553554931239464,-0.6002504881650399,0.22707947002075302,9.079916333054904,-5.447311900668921,0.6781407274633409,7.23268959833501,0.015960611474795047,2.262553079785847,0.01920689585750273,-0.22812326788309784,-0.6002504881650399,0.09301559835674575,-1.7550320391257976,-1.7617449415479918,0.7320280926206547,0.1895206199350633
Run_0615_222357,27.23879313468933,Phase_1_Yield_to_45,-0.09486162093193543,-0.6002264967921566,0.2268858387314977,9.050571633585129,-5.845962872630235,0.7834448234285686,6.864676190114697,0.015371948673274542,2.2105008331130533,-0.02272692268392804,-0.22750981055755873,-0.6002264967921566,0.0933552196869202,-1.755069683085252,-1.7617169274250049,0.7319806781795223,0.1895206199350633
Run_0615_222357,27.3392653465271,Phase_1_Yield_to_45,-0.09419948111452464,-0.6001867084079248,0.22669780352559724,9.591115908005822,-6.381190930372122,0.09627471819548314,7.159653472730038,-0.0162865535454296,2.2561319739345023,0.06972911174161775,-0.22690864603337993,-0.6001867084079248,0.09369046227271097,-1.7550836817145146,-1.7615962988149851,0.7319767344844228,0.1895206199350633
Run_0615_222357,27.439875602722168,Phase_1_Yield_to_45,-0.09350317516730923,-0.6001878755144358,0.226441103427748,9.37514175625433,-6.293536582948853,0.3722603491710211,6.938739255901107,-0.0004914147241543656,2.220022158737731,0.05593169564109671,-0.22623476899640294,-0.6001878755144358,0.09400131054984706,-1.7550618242248595,-1.76164438970467,0.7319691324240741,0.1895206199350633
Run_0615_222357,27.540567874908447,Phase_1_Yield_to_45,-0.09286963929754535,-0.6001790814452956,0.226208647223486,9.633406762319472,-6.290768994018343,0.5230935410169492,7.2770271718296025,-1.906962316209788e-05,2.2950899943234293,0.038968858136095026,-0.22562242012840542,-0.6001790814452956,0.09428491670111946,-1.7550581365487248,-1.7616195409362134,0.7319536338318636,0.1895206199350633
Run_0615_222357,27.64116406440735,Phase_1_Yield_to_45,-0.09220261644622292,-0.6001660969848499,0.22597756603434158,9.202761640435412,-6.235191940817262,0.18075653998321067,6.766131120891042,-0.010800703166316752,2.233335660626652,0.06839730953298774,-0.22498736467118027,-0.6001660969848499,0.09459317400664727,-1.7551147152886792,-1.761590113652061,0.731934109393446,0.1895206199350633
Run_0615_222357,27.741661548614502,Phase_1_Yield_to_45,-0.09152966133945079,-0.6001751410485924,0.2257354094336659,8.966613619963276,-6.345571581064607,0.2671294651511093,6.329496264960129,0.012864331839983237,2.1914802451007533,0.02892868518475618,-0.22434028297730074,-0.6001751410485924,0.09489779455163311,-1.75513838726465,-1.7616139172422303,0.7319881246906477,0.1895206199350633
Run_0615_222357,27.842487812042236,Phase_1_Yield_to_45,-0.09085151740826104,-0.6001877158945628,0.22547236914102417,9.322336915907066,-6.519839110669354,0.4433763865731305,6.648389348142847,0.004683901350548844,2.2422183430300655,0.018664857483966575,-0.22367476523028368,-0.6001877158945628,0.09519131714934562,-1.7550602785981375,-1.7616778822217092,0.7319856803255286,0.1895206199350633
Run_0615_222357,27.943718671798706,Phase_1_Yield_to_45,-0.09022629250627094,-0.6001825371348214,0.2252572702528259,9.945038656991104,-6.24577035917107,0.4978330381816137,7.723102276652975,0.00551984772358843,2.343381313541858,0.03198373276254069,-0.22308056657984912,-0.6001825371348214,0.0954813200348388,-1.7550684511792345,-1.7616493986250015,0.7320013560337696,0.1895206199350633
Run_0615_222357,28.04502820968628,Phase_1_Yield_to_45,-0.08958460979863458,-0.6001884292224864,0.22501898421362962,9.463845309014038,-6.50620422102652,0.39542648069182285,6.861290881868469,0.003922958751733748,2.275334404699947,0.02293830262981184,-0.22245833471173154,-0.6001884292224864,0.09576656455460086,-1.7550961711149051,-1.761677569607349,0.7319703670125349,0.1895206199350633
Run_0615_222357,28.14632272720337,Phase_1_Yield_to_45,-0.08895339353880377,-0.6001563704941804,0.22477498250861133,9.154212429256123,-6.447156432549097,0.7025127876697376,6.460669850514619,0.00248644863817643,2.2327615261949325,0.016448276970346332,-0.22183946215377043,-0.6001563704941804,0.09604036659208293,-1.7550419598032436,-1.7616406085757055,0.7319537784477721,0.1895206199350633
Run_0615_222357,28.247793197631836,Phase_1_Yield_to_45,-0.08831756623545144,-0.6001530471541995,0.22454363996884902,9.197290397333738,-6.424130461284073,0.876746359322764,6.5231904993418475,-0.0007990035945441652,2.189896399058019,0.0076393123688743665,-0.22122628047726361,-0.6001530471541995,0.09632638051130407,-1.7551392720871897,-1.7616473220831173,0.7319540835917127,0.1895206199350633
Run_0615_222357,28.348990440368652,Phase_1_Yield_to_45,-0.08768639376635225,-0.6001581364474589,0.2243333843015741,9.555140942519948,-6.949824848757978,0.11684087844959216,6.556447301102195,0.0016917741355721833,2.243675157558274,0.053535661879490035,-0.2206313009361523,-0.6001581364474589,0.09662401363618936,-1.755080238853337,-1.7616205548997548,0.7320642722504769,0.1895206199350633
Run_0615_222357,28.450173377990723,Phase_1_Yield_to_45,-0.08708738708905576,-0.600145301643891,0.2241016397637689,9.54328900351641,-6.737631594982216,0.41952540691235596,6.745567724653697,-0.005599497586301212,2.2545024532038163,0.04825430422941717,-0.22004387111847495,-0.600145301643891,0.09688370718549674,-1.755065451197772,-1.7616128863779323,0.7320556619094664,0.1895206199350633
Run_0615_222357,28.551416397094727,Phase_1_Yield_to_45,-0.08648849987909091,-0.6001451737837717,0.2238436302105524,9.29106804719675,-6.4244252455097275,0.3764591404947625,6.701416584427181,0.008180258869537065,2.2176473379656207,0.04227552857806714,-0.2194379536064526,-0.6001451737837717,0.09712474408813848,-1.7551426598880917,-1.761619527429934,0.7320164423916339,0.1895206199350633
Run_0615_222357,28.65291929244995,Phase_1_Yield_to_45,-0.08589930779628971,-0.6001428345044811,0.2236023592680287,9.273861919484588,-6.774104175555834,-0.06053266856785531,6.33343219087561,0.002871596170300577,2.223880890256287,0.05398621528198075,-0.21885072756972065,-0.6001428345044811,0.09737076148574686,-1.755113121059341,-1.7616200202041483,0.7319923433108809,0.1895206199350633
Run_0615_222357,28.754044771194458,Phase_1_Yield_to_45,-0.08528891376109601,-0.6001428295271853,0.22333558676869708,9.47913027499373,-6.959594327505598,0.09802475320910044,6.434931912197122,-0.0030389541861585126,2.2328673686365,0.030117398001017252,-0.21823047716492794,-0.6001428295271853,0.09761373860391667,-1.7550701784266718,-1.7616734509742467,0.7320022292425586,0.1895206199350633
Run_0615_222357,28.85556197166443,Phase_1_Yield_to_45,-0.0847447049569579,-0.6001423377664055,0.22310823559342288,10.54357700633357,-8.565574668118774,-1.0200235632570285,6.062796271009635,0.016105636911820747,2.2441625666521503,-0.030023056977462603,-0.21768490187139333,-0.6001423377664055,0.09783779078195703,-1.7550522205796446,-1.7616629439824973,0.731980087685389,0.1895206199350633
Run_0615_222357,28.95564842224121,Phase_1_Yield_to_45,-0.08418750637513246,-0.60012781600265,0.2228828749650473,9.979930242619517,-7.07558925731399,0.866790493817654,6.984534239959159,-0.010357885085071706,2.2521985877043726,-0.025629919817962987,-0.2171315489471802,-0.60012781600265,0.09807243564909648,-1.755111674719508,-1.761634046100493,0.7319920635341491,0.1895206199350633
Run_0615_222357,29.05704426765442,Phase_1_Yield_to_45,-0.08362094459302216,-0.6001094620851158,0.22262709949737783,9.44366340474175,-6.86574734831069,0.17066405621395242,6.481910646648862,0.0023516610269911933,2.2495968470747583,0.04987284051815173,-0.2165500687014386,-0.6001094620851158,0.09829219475953757,-1.7550296890226798,-1.7616676213170492,0.7318961261492083,0.1895206199350633
Run_0615_222357,29.158873796463013,Phase_1_Yield_to_45,-0.08305134443920888,-0.600108391805598,0.22241151126236827,8.754120847318667,-6.49692024724419,0.940552279268254,5.791374665860523,-0.0025121201878488043,2.1615107117150965,-0.006045465897288405,-0.21599485666719304,-0.600108391805598,0.09854251898794456,-1.7550805716025075,-1.7616547916869922,0.7319187949742288,0.1895206199350633
Run_0615_222357,29.260286569595337,Phase_1_Yield_to_45,-0.08252439105170836,-0.6001153220430269,0.2221976381622848,9.26560592399784,-6.972547019627481,0.8732565687128759,6.039243674758257,0.004034212295259753,2.1632125512452327,-0.0030653384958593184,-0.2154710132341398,-0.6001153220430269,0.09876390018223297,-1.7551200194164593,-1.7616116894437264,0.7320092970298588,0.1895206199350633
Run_0615_222357,29.361440658569336,Phase_1_Yield_to_45,-0.08201444623606022,-0.6001131502113923,0.22195176657135185,9.598158074958333,-7.069023167341238,0.23082594124105862,6.4884720294019065,0.009412268842166279,2.2236048449001404,0.007219698212786998,-0.21493657032771427,-0.6001131502113923,0.0989506281501589,-1.7550866595869927,-1.7616348562097208,0.7319723242563076,0.1895206199350633
Run_0615_222357,29.462558031082153,Phase_1_Yield_to_45,-0.08148849593763702,-0.6000911532387618,0.22170449346064175,9.724438468351323,-7.0996735319488415,0.4154793515960682,6.632248198981503,0.012084118198835805,2.2347080491588875,0.00639589634852863,-0.2143898188117439,-0.6000911532387618,0.09914768267935281,-1.7550720114826994,-1.7616339860040757,0.7319550722034349,0.1895206199350633
Run_0615_222357,29.56352162361145,Phase_1_Yield_to_45,-0.08095250735697528,-0.6001107361664911,0.22150398541419658,9.596000173724851,-7.23583110652582,-0.007838452101934623,6.302849045521346,0.0021517157659434274,2.2079263759351164,0.03477095915932444,-0.2138690370523956,-0.6001107361664911,0.09938490324005345,-1.7550721149800919,-1.7616596994060494,0.732003395947137,0.1895206199350633
Run_0615_222357,29.664649486541748,Phase_1_Yield_to_45,-0.08046829720574124,-0.6001198980361531,0.22128225277455235,10.145371276812028,-7.515700951599222,0.39786332585301554,6.803271442801194,-0.0009765545243962505,2.263760660523391,0.029149605596462437,-0.21336986011783582,-0.6001198980361531,0.09957050286840757,-1.7550531379145535,-1.76164571560637,0.73207397769853,0.1895206199350633
Run_0615_222357,29.76570463180542,Phase_1_Yield_to_45,-0.08007633579184395,-0.6001007989511589,0.22105370975287342,10.203122632367268,-6.952840160847178,0.029995561438722906,7.467317149762004,-0.040068646272742335,2.3600835237183735,0.10451241596289265,-0.21293109722368356,-0.6001007989511589,0.09968605712171577,-1.7551639762558757,-1.7615929736844003,0.7320289041250853,0.1895206199350633
Run_0615_222357,29.867045640945435,Phase_1_Yield_to_45,-0.07948553356568971,-0.6001074596190203,0.22085488873995876,9.80483822105382,-6.973098234271633,-0.1441555197682232,6.891296883922216,-0.02122479763906721,2.305507273670077,0.1115830756787899,-0.21237274927675545,-0.6001074596190203,0.09996322969569521,-1.755128221406854,-1.7616414771652127,0.7320393292514928,0.1895206199350633
Run_0615_222357,29.96853542327881,Phase_1_Yield_to_45,-0.07897283228076196,-0.6000797589195843,0.22060712669474739,9.078688242088305,-6.731036381075384,0.2635686543213731,6.0865639730583005,-0.033414267968416,2.2265339574598575,0.08424223912703038,-0.21183502049917036,-0.6000797589195843,0.10015057002870104,-1.7550894392649266,-1.7616694549733722,0.7319270320504282,0.1895206199350633
Run_0615_222357,30.069320678710938,Phase_1_Yield_to_45,-0.07845981239966851,-0.6000886238990187,0.22043115247565598,9.688223967582674,-6.894398365358738,0.4771559704093364,6.789792118002203,-0.021568420328358467,2.2740929086364075,0.07915290307880381,-0.21134782809873215,-0.6000886238990187,0.10038889730187223,-1.7550664768218258,-1.7616376376800917,0.7319931566453739,0.1895206199350633
Run_0615_222357,30.171039819717407,Phase_1_Yield_to_45,-0.07789856333472127,-0.6000962622769778,0.220230073029006,9.889738224759693,-7.217057266165851,0.45088697791722565,6.746681221482186,-0.023307448336914567,2.312787842453695,0.06422625074567079,-0.2108087804386899,-0.6000962622769778,0.10064357568134757,-1.7550879292748465,-1.7616783717065538,0.7320649488429222,0.1895206199350633
Run_0615_222357,30.272074460983276,Phase_1_Yield_to_45,-0.07739826092825138,-0.6000724097745549,0.22001714288073462,9.675077443326433,-7.067799972275297,0.274055412768288,6.601380213031339,-0.028550445105616763,2.305473114989675,0.10647799449945829,-0.21030444886266933,-0.6000724097745549,0.10084677855384463,-1.7550379784094472,-1.761709541202167,0.7319259189936088,0.1895206199350633
Run_0615_222357,30.373890161514282,Phase_1_Yield_to_45,-0.07683219786875559,-0.6000995038402367,0.21984603480095638,9.7305309345934,-6.956565139555903,0.15261428992026724,6.801921978875294,-0.016001999553983393,2.3127429142907503,0.0812044958988924,-0.20978319015119365,-0.6000995038402367,0.10112605389826632,-1.755063779316951,-1.7617193838861673,0.7320352334693007,0.1895206199350633
Run_0615_222357,30.474899530410767,Phase_1_Yield_to_45,-0.0763785976375296,-0.6000468672740851,0.219647556933925,9.781224361779639,-7.048302740334336,-0.054392279330374195,6.781653189010498,-0.03876826280111777,2.32289974203274,0.12587024346073591,-0.2093221013060526,-0.6000468672740851,0.10130645265202065,-1.7550722319543115,-1.7616553075633385,0.7318869292434258,0.1895206199350633
Run_0615_222357,30.57612633705139,Phase_1_Yield_to_45,-0.07593041427564927,-0.6000776764786279,0.2195042567725842,9.48412527608152,-6.549748711917331,1.5442047867494035,6.683177061826645,-0.018004026226807374,2.3259724118201524,-0.01752870728577291,-0.20890385929582286,-0.6000776764786279,0.101522037630592,-1.7550697762338945,-1.7616735488295658,0.7319906072495128,0.1895206199350633
Run_0615_222357,30.67743492126465,Phase_1_Yield_to_45,-0.07535208061124112,-0.6001156429710202,0.21939229564163804,9.984335826862512,-6.850009146992038,1.357829042032529,7.135869735519894,-0.02883772699642511,2.410618070251153,-0.006237786763514814,-0.20841574716501005,-0.6001156429710202,0.10185181281156214,-1.7551843928810635,-1.7616093532459216,0.732205425690333,0.1895206199350633
Run_0615_222357,30.777658939361572,Phase_1_Yield_to_45,-0.07486332858190861,-0.6000638186658241,0.21916930480373426,10.454115525501898,-7.235133217777125,-0.020894698988193534,7.545922220187009,-0.05776039025999332,2.4122195539755564,0.1795919678957412,-0.20791246895712612,-0.6000638186658241,0.10203973435219763,-1.755105768441579,-1.761616448974045,0.7320036458272828,0.1895206199350633
Run_0615_222357,30.879358768463135,Phase_1_Yield_to_45,-0.07439713951848664,-0.6000353708525995,0.21896279110751235,9.47271801263545,-6.861772578916459,-0.5131375508145624,6.510388120233872,-0.07858545191492432,2.337480397602456,0.2195744934753158,-0.20743679627405903,-0.6000353708525995,0.10222335256525189,-1.7550434862057223,-1.7616091131173595,0.7318494085042232,0.1895206199350633
Run_0615_222357,30.981356143951416,Phase_1_Yield_to_45,-0.07383503875840322,-0.6000472454367867,0.21878755796230492,9.64663716542647,-6.942879467624545,0.46529811241124447,6.681132461343011,-0.01899017524906783,2.3620663248996365,0.09516474537923617,-0.20691542246962913,-0.6000472454367867,0.10249690927915217,-1.7550351698583904,-1.7616529024025707,0.7319340877176566,0.1895206199350633
Run_0615_222357,31.081907510757446,Phase_1_Yield_to_45,-0.07328254972767288,-0.600055071593037,0.2186993693288543,10.360364737844698,-6.645231765801208,1.1959179716044557,7.857978905873689,-0.020927423340826562,2.4938210272445493,0.07137357318665564,-0.206462394948732,-0.600055071593037,0.10282521923857627,-1.755128545044342,-1.761567766766993,0.7320275031385629,0.1895206199350633
Run_0615_222357,31.183419227600098,Phase_1_Yield_to_45,-0.07271326755702456,-0.6000545716720259,0.2185432405513669,10.346120030518373,-6.705353276224816,0.7488087025392337,7.8434509403652255,-0.032413272337368175,2.5242082905055816,0.11871007049384491,-0.20594945194815828,-0.6000545716720259,0.10311736280455058,-1.7551202023364936,-1.7616022513874743,0.7319959840992066,0.1895206199350633
Run_0615_222357,31.285179138183594,Phase_1_Yield_to_45,-0.07216537692280157,-0.6000283892016277,0.21836551793719836,10.242048761136179,-6.982273593305762,0.043312367553671294,7.493032919488148,-0.0426340507275107,2.4643502581866352,0.1502414380665446,-0.20543636589970182,-0.6000283892016277,0.10337911112170947,-1.755084406516074,-1.761627443595065,0.7318890003893553,0.1895206199350633
Run_0615_222357,31.38628339767456,Phase_1_Yield_to_45,-0.07170525571750787,-0.600040617079648,0.21827841085678115,9.475527822097034,-6.26898704271624,-1.0349877598610742,7.029525538934229,0.02859168130033838,2.426331094868085,0.16991985253555392,-0.20504941706801855,-0.600040617079648,0.10364287193888802,-1.75507717631953,-1.7616437147746218,0.7320347302352185,0.1895206199350633
Run_0615_222357,31.486855030059814,Phase_1_Yield_to_45,-0.07123540794674717,-0.6000968366889333,0.2181267305148382,9.544547234420854,-6.1103310593731806,-0.5258039257013801,7.313396371499854,0.0568759177035369,2.4854177565350417,0.11421859104180633,-0.2046099303248277,-0.6000968366889333,0.10386785028535772,-1.7551370075169919,-1.7616911160007898,0.7321366030665807,0.1895206199350633
Run_0615_222357,31.588637590408325,Phase_1_Yield_to_45,-0.07071364689132532,-0.6000688612460457,0.21797979081488944,9.385951676184975,-6.101799910707072,0.31680816555431646,7.124869072734797,-0.02247062816843913,2.4563005196016663,0.10223307978406726,-0.20413708748612058,-0.6000688612460457,0.10413288900754628,-1.7551299483113245,-1.7616001455451333,0.7320712038595211,0.1895206199350633
Run_0615_222357,31.690380573272705,Phase_1_Yield_to_45,-0.07027855157720367,-0.600019020676713,0.21776132113803054,10.281757676741327,-7.146532238631797,-0.21316985743311634,7.388922553208117,-0.06484385325944475,2.462777496998203,0.2037584623123613,-0.2036749472490521,-0.600019020676713,0.10428606646463365,-1.7550455255773432,-1.7616383430547402,0.7318608935118267,0.1895206199350633
Run_0615_222357,31.791937112808228,Phase_1_Yield_to_45,-0.06975852031999126,-0.600031945754344,0.21761550432597482,10.444606823065445,-7.628622087504777,0.3849535209641072,7.123604952631559,-0.028668339842049258,2.43129940583945,0.11793821172866474,-0.20320412156403264,-0.600031945754344,0.10455067603642187,-1.7550495149332503,-1.7616466993574322,0.7319212882358468,0.1895206199350633
Run_0615_222357,31.893362522125244,Phase_1_Yield_to_45,-0.06927894322182995,-0.6000405828354825,0.21748545018327564,10.316957395096118,-7.300678656792051,0.8549512524101409,7.239389435476711,-0.019820643665007777,2.4376131592118506,0.060927260916036875,-0.20277304717959704,-0.6000405828354825,0.10479782608840954,-1.7551069464952187,-1.7616112222628337,0.7319918260331714,0.1895206199350633
Run_0615_222357,31.993463277816772,Phase_1_Yield_to_45,-0.06879515304208529,-0.6000379880671226,0.2173213815912143,9.922154663152364,-7.327386542746664,0.17524644078763887,6.687888179214913,-0.0402596116018616,2.427597914507389,0.12667764032965065,-0.20231494184880183,-0.6000379880671226,0.10502390339115214,-1.755108963605668,-1.7616219098712624,0.7319875089579837,0.1895206199350633
Run_0615_222357,32.09517288208008,Phase_1_Yield_to_45,-0.06834883008492175,-0.6000110521736102,0.21713641801753258,9.997582642300477,-7.363330524622606,-0.014593801879395914,6.762603736412142,-0.03174056668711431,2.4265687676116454,0.11355057813131607,-0.2018685548619694,-0.6000110521736102,0.10520871238353888,-1.7550658613846923,-1.761616704718525,0.7318943186597968,0.1895206199350633
Run_0615_222357,32.19519019126892,Phase_1_Yield_to_45,-0.0679438152303979,-0.600007106852277,0.2169899735268431,9.985629088949949,-7.465063109362364,0.3519218588797474,6.62282206318146,-0.011697513679328217,2.3770960997506623,0.07094540100671141,-0.20147861421942034,-0.600007106852277,0.10539154924122002,-1.7550609813660552,-1.761613710502343,0.7319353149575847,0.1895206199350633
Run_0615_222357,32.29641890525818,Phase_1_Yield_to_45,-0.06750848328310981,-0.6000500164329471,0.21687524729946317,10.20087549878376,-6.9485566274645505,-0.11504190347346759,7.46740832531947,0.007793203658682052,2.445634880619491,0.15335322633084497,-0.2010896643540655,-0.6000500164329471,0.10561825171985428,-1.7551184803210456,-1.7616276101164885,0.7320903449608075,0.1895206199350633
Run_0615_222357,32.398305892944336,Phase_1_Yield_to_45,-0.06704371537678304,-0.600056855528908,0.2167328047449812,10.465431705279483,-5.9455583489665615,0.9011039166126992,8.565255888084621,-0.027529965330058095,2.587900368844876,0.08064290801072842,-0.20066030171962024,-0.600056855528908,0.10584617016189207,-1.755166376769508,-1.7615649519076462,0.7321692934120342,0.1895206199350633
Run_0615_222357,32.498966455459595,Phase_1_Yield_to_45,-0.06641392426508184,-0.6000523325967687,0.21659489836033166,9.888269825625606,-5.731364935834944,1.2833236813280355,7.955024603708164,-0.058659604725291456,2.660765874252019,0.07321193707483509,-0.2001174576140507,-0.6000523325967687,0.10619398518795237,-1.7550961206468276,-1.761680036934982,0.7320777228540213,0.1895206199350633
Run_0615_222357,32.6001091003418,Phase_1_Yield_to_45,-0.0660262405148331,-0.5999820820540694,0.21642421730201813,10.437142171571377,-7.433238197212177,-0.3773687798792092,7.317000711840339,-0.06250864307692772,2.5351779143226056,0.20294377404996675,-0.1997226340715404,-0.5999820820540694,0.10634742926295551,-1.7550433292299716,-1.7616227033529572,0.7317813809572195,0.1895206199350633
Run_0615_222357,32.70108771324158,Phase_1_Yield_to_45,-0.06546191323885867,-0.5999967311788023,0.2162936241869718,10.500166220798524,-7.1531197100785,0.4409856938545789,7.674105856417439,-0.0288504425912991,2.6172348741806792,0.09809297577424553,-0.19923125115066478,-0.5999967311788023,0.10665412562938004,-1.7550094163535868,-1.7616465397221264,0.7318633649440014,0.1895206199350633
Run_0615_222357,32.802101135253906,Phase_1_Yield_to_45,-0.06485230334738683,-0.6000529278428549,0.2162430604075064,10.782464209051545,-6.987764915961762,0.7281113520395572,8.17939666220942,-0.0360690438407342,2.6585069521359896,0.11622739549922803,-0.19876443787118425,-0.6000529278428549,0.10704943092617578,-1.755106925505281,-1.7616514157629277,0.7320624023774689,0.1895206199350633
Run_0615_222357,32.903547286987305,Phase_1_Yield_to_45,-0.06432586879751367,-0.6000260326142417,0.21610896295893986,10.520261324394728,-7.06609253400178,0.02251848683395373,7.793954551588719,-0.054885158186853196,2.6230739092937596,0.16047654705858322,-0.19829737121589686,-0.6000260326142417,0.10732685515102075,-1.7550918154982404,-1.7616284165901503,0.7319976152374132,0.1895206199350633
Run_0615_222357,33.0054087638855,Phase_1_Yield_to_45,-0.06381622217638801,-0.6000135149539295,0.21599227885369296,11.1578845652387,-7.40528326012348,0.46572953475901196,8.333262494904389,-0.05619307382848895,2.645927509601922,0.14860394258915333,-0.19785448851201332,-0.6000135149539295,0.10760472161075074,-1.7550975556275388,-1.7615937836079882,0.7319772980003341,0.1895206199350633
Run_0615_222357,33.10650873184204,Phase_1_Yield_to_45,-0.06325069060926876,-0.600035714881365,0.21592264884968101,10.880929586783934,-6.6421440265921845,1.7082570841885603,8.447390670312068,-0.05933719506688205,2.660125546922041,0.03605885815489343,-0.19740536145791734,-0.600035714881365,0.10795537696882493,-1.755097785671247,-1.7615884989443218,0.7320501023367652,0.1895206199350633
Run_0615_222357,33.20880436897278,Phase_1_Yield_to_45,-0.06279728673651026,-0.6000335544317685,0.21579835634980274,10.045873847388606,-5.874780499811114,1.7867670421275221,7.950723173010887,-0.03934371331560728,2.621022719950894,0.00397328376694841,-0.19699686843535902,-0.6000335544317685,0.10818809385235414,-1.7551221073920973,-1.7615959290472942,0.7320047251885858,0.1895206199350633
Run_0615_222357,33.310529708862305,Phase_1_Yield_to_45,-0.06218339134312344,-0.600029216791744,0.2156996576868364,11.078414819523932,-6.683726035117665,0.5586335801109925,8.817426479654374,-0.05900307431790912,2.753632411654311,0.15348008794315954,-0.19649298834587847,-0.600029216791744,0.10855239295407962,-1.7551041072452425,-1.761604000339161,0.7320708467192829,0.1895206199350633
Run_0615_222357,33.4122154712677,Phase_1_Yield_to_45,-0.061582437271316515,-0.6000251314990139,0.2156171360796234,11.104473413890158,-6.714173194402657,0.6731517235724129,8.819074490694,-0.05046035075078874,2.7704444844581935,0.1309785703641287,-0.19600969805846738,-0.6000251314990139,0.10891898006538123,-1.7551122131863763,-1.7616061708307047,0.7320429480925688,0.1895206199350633
Run_0615_222357,33.5136284828186,Phase_1_Yield_to_45,-0.06102810841565924,-0.5999901470323339,0.21548570237609466,10.579684635851043,-6.802156924963142,0.8077508334941562,8.062749329678313,-0.0825730331432404,2.688252591395244,0.13093013553322821,-0.1955247907025831,-0.5999901470323339,0.10921801209518223,-1.7550705732939682,-1.7616011391530577,0.7319175571497579,0.1895206199350633
Run_0615_222357,33.6146023273468,Phase_1_Yield_to_45,-0.06050874184171814,-0.5999651983589305,0.21530068495808205,10.220010750882828,-7.3530334251065845,0.22399974633297945,7.094458634107938,-0.08613028503601884,2.565141189203893,0.1866629180620625,-0.1950267160053134,-0.5999651983589305,0.10945443265062327,-1.7550281753360675,-1.7616483031818626,0.7318328701591628,0.1895206199350633
Run_0615_222357,33.71598935127258,Phase_1_Yield_to_45,-0.06005112209036115,-0.5999723907558181,0.21515352609103175,10.243685240569679,-7.396025617443521,0.822477949649276,7.039561236066136,-0.038692149100270086,2.5132800283630456,0.09892379880561698,-0.19459907294312098,-0.5999723907558181,0.10967396164720969,-1.7549955761431988,-1.7616310851225832,0.731852496764595,0.1895206199350633
Run_0615_222357,33.8178608417511,Phase_1_Yield_to_45,-0.05947291632297725,-0.6000115879844917,0.2150442660246369,10.230498688208487,-7.075051671731659,0.6915378453706801,7.357208890617604,-0.042958753294833,2.6112643498138604,0.10896759068597925,-0.19411296119022195,-0.6000115879844917,0.11000555633238732,-1.7550740854473146,-1.761604173657201,0.732018746866035,0.1895206199350633
Run_0615_222357,33.919689893722534,Phase_1_Yield_to_45,-0.05904803328974194,-0.5999933899300057,0.21486109498802947,10.777894839772888,-7.40559486526415,-1.0341335188838778,7.7621356425855605,-0.02682638042835083,2.6223689325098554,0.24337314336323823,-0.19368300203410807,-0.5999933899300057,0.11017647252429705,-1.755080268054647,-1.7616405228538237,0.7318838581896655,0.1895206199350633
Run_0615_222357,34.02141547203064,Phase_1_Yield_to_45,-0.05855310131508993,-0.6000232495640173,0.21479906061436285,11.511273526401018,-8.258767594294525,0.06497594713542351,8.018600510646817,-0.052344670400902654,2.664248058301476,0.1669283758873883,-0.19328916735231927,-0.6000232495640173,0.11048257735351319,-1.7551433546409594,-1.7615636637832583,0.7320063883525141,0.1895206199350633
Run_0615_222357,34.12304639816284,Phase_1_Yield_to_45,-0.057975350539487894,-0.600037625242827,0.21470223304306388,11.23812337056613,-7.47923219090642,-0.24257379293769732,8.384370022938732,-0.06806491950774024,2.692998549200082,0.21772568224584257,-0.19281216842878396,-0.600037625242827,0.11082264141250586,-1.7551636720855202,-1.7616104314242487,0.7320796613912535,0.1895206199350633
Run_0615_222357,34.22433257102966,Phase_1_Yield_to_45,-0.0574803591410689,-0.5999908729176548,0.2145056184779925,11.208779999699201,-7.2411176022761,-0.05294685073718415,8.555709297461027,-0.05858885353893705,2.7434689631071234,0.1883577151719293,-0.19232312916209085,-0.5999908729176548,0.11103362569471492,-1.7550135762066421,-1.7617037648826823,0.7318647400478637,0.1895206199350633
Run_0615_222357,34.325817823410034,Phase_1_Yield_to_45,-0.0568499629877721,-0.6000344851338764,0.2145189949129976,11.542213631329064,-6.808122235911424,0.2998710437871108,9.315698819156024,-0.03405303907148299,2.846645223405188,0.14563604248716377,-0.191886830335161,-0.6000344851338764,0.11148884165744521,-1.7551037421900517,-1.7616125347313438,0.7321039735323082,0.1895206199350633
Run_0615_222357,34.42721962928772,Phase_1_Yield_to_45,-0.05622914069822463,-0.6000319850393867,0.21438130149183393,11.23918900366396,-6.814313483676379,-0.02366539473325026,8.937781668588647,-0.05259384051273523,2.810161804947538,0.20513289558851017,-0.19135047873248062,-0.6000319850393867,0.1118304653564664,-1.7550677979960225,-1.7616725969707347,0.7320467131366842,0.1895206199350633
Run_0615_222357,34.52797985076904,Phase_1_Yield_to_45,-0.055659672639195315,-0.6000156172648727,0.21429928096381662,11.290131997738229,-6.64295631909184,0.21065000264676828,9.126545811279058,-0.03716435141872083,2.8436201162930965,0.16487173621678966,-0.19088980673471428,-0.6000156172648727,0.1121751428111176,-1.755074652443826,-1.761636014667624,0.7320503928468406,0.1895206199350633
Run_0615_222357,34.62975788116455,Phase_1_Yield_to_45,-0.05507820271640742,-0.6000050580554683,0.21421105452105202,11.286531609252847,-7.039054882218136,-0.21668732777986338,8.819895052310107,-0.04360143249561859,2.826271431227181,0.17365927671589393,-0.19041625989329614,-0.6000050580554683,0.11252391862061814,-1.7550666397922248,-1.7616356545584075,0.7320079509975926,0.1895206199350633
Run_0615_222357,34.73094129562378,Phase_1_Yield_to_45,-0.05463036009197437,-0.5999725265903415,0.2141096174473712,12.135908271590557,-8.132756492261471,0.023889883581840906,9.007661776926431,-0.07009372081030309,2.8505938051040514,0.20995720244914715,-0.19002786049399173,-0.5999725265903415,0.11276886433459571,-1.7550914148294396,-1.7615850343572563,0.7319249815077794,0.1895206199350633
Run_0615_222357,34.83257699012756,Phase_1_Yield_to_45,-0.054109650467449436,-0.6000346938433138,0.21403065782481198,12.105211425052419,-7.431812894105653,0.26433008816429865,9.551671600129248,-0.061703370733499845,2.8776326502847964,0.1562371678632882,-0.18960383030290948,-0.6000346938433138,0.11308122875657484,-1.755169643992807,-1.7615777570478643,0.7321842245500779,0.1895206199350633
Run_0615_222357,34.934041023254395,Phase_1_Yield_to_45,-0.05303233078593672,-0.6001003379090755,0.21398697249969767,10.479803063431737,-5.637222233971838,0.7060326591855637,8.806220279852766,-0.07043240793005447,2.9828549599672374,0.16339529090333366,-0.18881116006097945,-0.6001003379090755,0.11381211861925153,-1.755217753665729,-1.761662203507282,0.7325011103663691,0.1895206199350633
Run_0615_222357,35.036107540130615,Phase_1_Yield_to_45,-0.05258160590782977,-0.6000180965177876,0.21376786840545664,10.80140781470844,-6.254427469538827,-0.3588758123831543,8.799076994731267,-0.03434164985961713,2.9454478056423627,0.2614538163236348,-0.18833751945239696,-0.6000180965177876,0.11397589924618687,-1.755102719560373,-1.761674208080348,0.732021076456997,0.1895206199350633
Run_0615_222357,35.13757109642029,Phase_1_Yield_to_45,-0.05201951992583245,-0.599980745056854,0.2136265416958565,11.268633227573677,-5.750480837404768,0.6637618829915559,9.668168653830238,-0.03682332696249612,2.9612767600675043,0.12100147952292784,-0.18784013156819573,-0.599980745056854,0.11427342098094603,-1.7550057825210654,-1.7616776788671487,0.7319109695639342,0.1895206199350633
Run_0615_222357,35.23896884918213,Phase_1_Yield_to_45,-0.05133257638561474,-0.6000099985356214,0.21356006277871262,11.370697085946167,-6.207737187414049,0.881068647429727,9.485803564846668,-0.04144143936667048,2.9953223985491526,0.13459583776481632,-0.1873073814394971,-0.6000099985356214,0.1147121557234079,-1.7550169924117431,-1.7616728639426562,0.7320368531778058,0.1895206199350633
Run_0615_222357,35.34087872505188,Phase_1_Yield_to_45,-0.05070709095708012,-0.600009252793079,0.21345885283550947,11.817359276163625,-6.3447683575568234,0.9183404537240983,9.927262742666278,-0.05403931201043337,3.039828894339567,0.1470824476603159,-0.18679353021428446,-0.600009252793079,0.11508287447429566,-1.7550114978247067,-1.7616796664121563,0.7320065156196638,0.1895206199350633
Run_0615_222357,35.44154453277588,Phase_1_Yield_to_45,-0.050045458346372126,-0.6000164293810282,0.21337978402856034,11.442177592524079,-6.586308079563336,0.8187405842344784,9.32060286653531,-0.06630226356807974,3.020414920158247,0.17228218201292833,-0.1862697752190246,-0.6000164293810282,0.11549480929040737,-1.755070699982379,-1.761682925231638,0.7320052984933868,0.1895206199350633
Run_0615_222357,35.5429151058197,Phase_1_Yield_to_45,-0.04953886309821416,-0.5999650365323641,0.21320997453362256,10.731314533073366,-6.526471958863289,-0.00843015765619721,8.51857994682005,-0.06979811766338881,2.920837797588843,0.21918996367159382,-0.18579148483835486,-0.5999650365323641,0.11573295278031637,-1.7550298397158481,-1.7616488336571319,0.7318555773499046,0.1895206199350633
Run_0615_222357,35.64435386657715,Phase_1_Yield_to_45,-0.04917521200124612,-0.599942692766564,0.21306640828598722,10.782593447674676,-5.822147267235119,2.8200047316560535,8.62638371334715,-0.07110644146352488,2.918764611986684,-0.01679322049702137,-0.18543282801445038,-0.599942692766564,0.11588857626971596,-1.7549996779814658,-1.7615900378260443,0.7318243361291479,0.1895206199350633
Run_0615_222357,35.74526786804199,Phase_1_Yield_to_45,-0.04857113346941061,-0.600057416040905,0.213003598944322,10.670863724469287,-3.7451240233527088,0.25354156987572735,9.988848549670072,-0.023256771900871883,3.081482265824303,0.14386397815335575,-0.18496126707680693,-0.600057416040905,0.11627131138453273,-1.755177002955049,-1.761582381105628,0.7323567991272683,0.1895206199350633
Run_0615_222357,35.846919298172,Phase_1_Yield_to_45,-0.047828436199430606,-0.6000552491052036,0.21279594660231138,10.114308179744706,-5.147658383469325,-0.4581331142491119,8.694306020124726,-0.04837229773297714,3.028591033304012,0.23588143896698396,-0.18428926842167037,-0.6000552491052036,0.11664964528133934,-1.7551188241414124,-1.7617156273710384,0.7321772466672483,0.1895206199350633
Run_0615_222357,35.9481463432312,Phase_1_Yield_to_45,-0.04730701109254875,-0.6000124360970114,0.21261032302165794,11.188584400861757,-6.212570192700276,0.8127051787282947,9.269730459320126,-0.05588903406630555,2.9932432779371183,0.1399719992250183,-0.1837893095000851,-0.6000124360970114,0.11688709281766824,-1.7550220255544473,-1.7616927726033955,0.7319402084073641,0.1895206199350633
Run_0615_222357,36.05044674873352,Phase_1_Yield_to_45,-0.04667740258177785,-0.6000112439773468,0.21252941623076685,11.452016076667137,-6.196815717302457,0.5558273651061068,9.614530832351363,-0.05741972488309157,3.0196653159678988,0.16843587636649543,-0.1832868993121431,-0.6000112439773468,0.11727508352464397,-1.755051452464297,-1.7616308047121925,0.7319890568459058,0.1895206199350633
Run_0615_222357,36.15138053894043,Phase_1_Yield_to_45,-0.0460492841391139,-0.5999822394686477,0.21240758085169448,11.472947394764528,-6.585749500965658,0.6933763153953196,9.368866245112777,-0.06215449964890778,3.0214922724652133,0.18812530872304528,-0.18275660187921658,-0.5999822394686477,0.11763307971210948,-1.7550819194800373,-1.7615978514391468,0.7319583342981709,0.1895206199350633
Run_0615_222357,36.25302696228027,Phase_1_Yield_to_45,-0.04541785025413945,-0.5999933965468209,0.21226212773339084,11.768073389551436,-6.575174773339519,0.3818892685082682,9.752373484875692,-0.06455357546134133,3.044348801174477,0.21761121487303609,-0.18220725981098296,-0.5999933965468209,0.11797672000774864,-1.755075488275888,-1.7616129537440812,0.73197920479507,0.1895206199350633
Run_0615_222357,36.35404133796692,Phase_1_Yield_to_45,-0.044777802746635675,-0.6000058575548122,0.21213910454785598,11.799434077516754,-6.21294578416613,0.6703563570129817,10.008824685610607,-0.0403913695201008,3.0662136683276024,0.17317918019532236,-0.18166768734941063,-0.6000058575548122,0.11834231141185125,-1.7550490075065457,-1.7616594101916712,0.7320270994443938,0.1895206199350633
Run_0615_222357,36.45527911186218,Phase_1_Yield_to_45,-0.04419719493050523,-0.6000104526722522,0.21197890570338423,10.677310452084779,-4.675717725356863,-0.3435590294882466,9.592944773959642,-0.011704324570092359,3.080494913660506,0.24306021287971466,-0.18114385793615065,-0.6000104526722522,0.11863958544658276,-1.7550411709746805,-1.7616816843390128,0.7320599691482097,0.1895206199350633
Run_0615_222357,36.55612254142761,Phase_1_Yield_to_45,-0.04344012749618451,-0.6000500132250529,0.2118776860258495,10.968473673740485,-4.979114362349337,-0.15156835558471882,9.77204492067909,-0.022140021554537946,3.0948011458794693,0.1994949308224689,-0.18053695729915265,-0.6000500132250529,0.11910333984283214,-1.755160419731357,-1.7616746837024357,0.7322210830561018,0.1895206199350633
Run_0615_222357,36.65751838684082,Phase_1_Yield_to_45,-0.042579210383178925,-0.6000543334800993,0.2117613589906245,12.528892057756329,-4.946413534630359,1.4501211206151945,11.419425470437686,-0.030458241845270507,3.244527214320178,0.1464287227905332,-0.17984594133506393,-0.6000543334800993,0.11962984453603501,-1.7551788794755439,-1.7615892315533201,0.7323271763873362,0.1895206199350633
Run_0615_222357,36.75832462310791,Phase_1_Yield_to_45,-0.04206792130376143,-0.5999818107694778,0.21152127662937575,11.965570623378618,-6.185529503427575,1.0803015620266923,10.185629761598989,-0.06795416519464571,3.1027396731429144,0.17821258930726838,-0.17931464149417892,-0.5999818107694778,0.11982161664555546,-1.7550792938012296,-1.7616362949500264,0.7319883025556155,0.1895206199350633
Run_0615_222357,36.86052107810974,Phase_1_Yield_to_45,-0.04163388736653492,-0.5999423397128294,0.2112464490645947,11.122347838058829,-6.918732628313962,-0.13144743821914606,8.707495726077694,-0.07345588910366226,2.9955393475766754,0.2613011316608818,-0.17881340071918728,-0.5999423397128294,0.11993419255111976,-1.7549602128237722,-1.761655594756484,0.7317009473925402,0.1895206199350633
Run_0615_222357,36.960978746414185,Phase_1_Yield_to_45,-0.04097063935855866,-0.6000152496236709,0.21115649476249831,11.595993404848974,-5.996493921225854,0.6090512541982992,9.906471635641106,-0.033088425175381804,3.1300565533868707,0.16303859952472932,-0.17828080625812956,-0.6000152496236709,0.12033957241815899,-1.7550818133588995,-1.7615844551102893,0.7320793974091723,0.1895206199350633
Run_0615_222357,37.06265664100647,Phase_1_Yield_to_45,-0.040365445268913884,-0.5999745211963642,0.21094559501115517,11.734208230121919,-6.646692863266596,0.008814590501868093,9.670214013777366,-0.07437071595968592,3.0999204589718223,0.24571838246591368,-0.1777037407690824,-0.5999745211963642,0.12061838061855554,-1.7550435934554585,-1.7616497133833833,0.7319417237730523,0.1895206199350633
Run_0615_222357,37.16364765167236,Phase_1_Yield_to_45,-0.03978207975602242,-0.5999833746139455,0.21073639152206255,11.271404945319466,-6.6490075719557895,0.038648203928828305,9.101306173609354,-0.07390854118817473,3.0463618449854497,0.26053429306353515,-0.17714330985322121,-0.5999833746139455,0.12088295312284617,-1.7550194870708467,-1.7617129903889668,0.7318768197111244,0.1895206199350633
Run_0615_222357,37.2648549079895,Phase_1_Yield_to_45,-0.03917130743083384,-0.6000020974616253,0.2106320297973734,11.809556786063668,-6.4744223480796474,0.4849567283639881,9.864699879548478,-0.04254431386433285,3.157049701543489,0.19918014896275552,-0.17663763371709526,-0.6000020974616253,0.12124103949252407,-1.7551155866639463,-1.7615866321974274,0.7320134602684917,0.1895206199350633
Run_0615_222357,37.365318298339844,Phase_1_Yield_to_45,-0.03852070891918925,-0.6000084152619162,0.21045862061842838,12.215408706469924,-6.629193614675002,0.4036471247091608,10.25217395892049,-0.06399886151557514,3.2061841808593616,0.23056954866187807,-0.1760549722913295,-0.6000084152619162,0.12157846330558583,-1.755124086373682,-1.7616103281755713,0.7320443723245145,0.1895206199350633
Run_0615_222357,37.46714115142822,Phase_1_Yield_to_45,-0.03802257944383822,-0.5999911447773941,0.21026518021182647,11.522654493329048,-6.160678299145969,0.9778034339625078,9.688215001309537,-0.07202297846858054,3.157488153844873,0.1743056783668953,-0.1755659585381362,-0.5999911447773941,0.12179391101225176,-1.755085967487685,-1.761638031467878,0.7319114430233403,0.1895206199350633
Run_0615_222357,37.56735348701477,Phase_1_Yield_to_45,-0.03696303788247704,-0.6000285597116451,0.21015898164028735,10.868175066190158,-7.142492991055808,-0.571438718945865,8.171626578140097,-0.03892516202457522,3.1226462583925705,0.22572500614377308,-0.17474165578506107,-0.6000285597116451,0.12246802630515158,-1.7552081363207859,-1.7616213039649786,0.7320995927232615,0.1895206199350633
Run_0615_222357,37.66848421096802,Phase_1_Yield_to_45,-0.03651518883613593,-0.5999625049072786,0.20991870580333274,13.510358651642484,-9.079516519414607,0.6823626526744156,9.981310128431202,-0.11466033118819038,3.1684766207049346,0.25757022187795936,-0.17425507801377949,-0.5999625049072786,0.12261480272910144,-1.7551083620572745,-1.7615102188450127,0.7318310720972133,0.1895206199350633
Run_0615_222357,37.77032470703125,Phase_1_Yield_to_45,-0.03549102457463031,-0.6000226588009552,0.20968646566678958,12.882271809640635,-6.909739009070769,0.21691871828109552,10.870206073191381,-0.13830621617456615,3.274564211952851,0.2580920033995481,-0.17336666594400657,-0.6000226588009552,0.1231747776480476,-1.7550690828996018,-1.7616715579713413,0.7320926319924889,0.1895206199350633
Run_0615_222357,37.87231421470642,Phase_1_Yield_to_45,-0.03494146251424629,-0.5999645028479582,0.2094107904767316,12.320660894154035,-6.821456415594843,0.050154026686574704,10.25981977485392,-0.12398363316589807,3.281158306746807,0.3012217633346601,-0.1727831350881313,-0.5999645028479582,0.12336844491133311,-1.754957560169683,-1.7617379605005186,0.73179122325476,0.1895206199350633
Run_0615_222357,37.97246551513672,Phase_1_Yield_to_45,-0.03435149509189369,-0.5999864769014391,0.20920890473268136,10.482734284255317,-4.304156739364454,0.9986001633540246,9.5060375841375,-0.051474589709845454,3.241763674134912,0.17804932220140288,-0.1722232103444638,-0.5999864769014391,0.12364286009771497,-1.7549653259927718,-1.7617294235713599,0.7319027834715487,0.1895206199350633
Run_0615_222357,38.07296824455261,Phase_1_Yield_to_45,-0.03373346552736871,-0.6000061850996055,0.20907628174320633,12.907477965810733,-6.683500428374668,-1.257147938929881,10.970569197696605,-0.03646078339787341,3.3536585757066213,0.2986032144582356,-0.1716924188332154,-0.6000061850996055,0.12398609437856534,-1.7550736779553184,-1.761633306164614,0.7320213171049857,0.1895206199350633
Run_0615_222357,38.174100160598755,Phase_1_Yield_to_45,-0.033018129939798996,-0.6000226371566001,0.20886958948585452,13.884798254512939,-8.244868639741563,-0.5062955389795959,11.160350734145455,-0.06260975540974163,3.432545897196825,0.2587249450659183,-0.17104044669162857,-0.6000226371566001,0.1243457595265677,-1.7550728629604877,-1.7616212722156053,0.7321116889116162,0.1895206199350633
Run_0615_222357,38.276214599609375,Phase_1_Yield_to_45,-0.032000238637861673,-0.6000124815530167,0.20873980333308334,13.711575044098547,-7.732540795670311,-0.6430680299675328,11.304935494821459,-0.054516012201837105,3.4557414635437667,0.24988086426229816,-0.17022891618078928,-0.6000124815530167,0.12497374469994979,-1.7551534563567002,-1.761604055172868,0.732174773613342,0.1895206199350633
Run_0615_222357,38.37859654426575,Phase_1_Yield_to_45,-0.030975765098714424,-0.5999866587489887,0.20845427220536664,13.932375577069907,-6.739124318900451,-0.8427330289418032,12.164912399062688,-0.06313098059709467,3.5548951225168706,0.3100031941588175,-0.16930260299746375,-0.5999866587489887,0.12549625588997865,-1.7551620634836462,-1.7615150897210716,0.7321584434700226,0.1895206199350633
Run_0615_222357,38.47917079925537,Phase_1_Yield_to_45,-0.02991710189074534,-0.5999717168900726,0.20814826295706,13.871360893471104,-5.973396689785998,0.5797219869285257,12.505882913303035,-0.06504270381060355,3.619848837774514,0.25460742934836655,-0.16833763384953268,-0.5999717168900726,0.12602846260874287,-1.7552004525456462,-1.7615359925339005,0.7321650863034888,0.1895206199350633
Run_0615_222357,38.57993292808533,Phase_1_Yield_to_45,-0.028995257641431245,-0.5999702186488731,0.20774938229027634,13.101958374960212,-4.935851958836195,0.9970474885979825,12.095642810744842,-0.06863086768350068,3.5642415985213254,0.2403903658912553,-0.16740374030527794,-0.5999702186488731,0.12639825370426377,-1.7552128006003807,-1.761514288388706,0.7320001011603131,0.1895206199350633
Run_0615_222357,38.68152594566345,Phase_1_Yield_to_45,-0.028164702466004127,-0.5999450406012317,0.2072648561841036,13.09182455387909,-6.379216597818394,0.7699537493721176,11.40651730246781,-0.11945758427367464,3.583385083362134,0.309059908564996,-0.16647383741324717,-0.5999450406012317,0.1266429332056212,-1.7550856275474123,-1.761549460811387,0.7319244579415628,0.1895206199350633
Run_0615_222357,45.89777183532715,Phase_2_Seat_Peg_for_Search,0.06470254654813995,-0.600405048222504,0.2868997099744443,2.1401727750471955,-1.830294879389245,-0.20183914028204591,1.090697539643749,0.00967208952728831,0.10562840938851917,-0.029500468110142918,-0.15711712101915531,-0.600405048222504,0.24862033986761137,-1.755707942543008,-1.7595328639934351,0.7330115803737162,0.1895206199350633
Run_0615_222357,45.998626947402954,Phase_2_Seat_Peg_for_Search,0.06475371850068297,-0.6004966991013878,0.28431321000926424,2.922311955622547,-0.7796441258142751,0.608739688091992,2.7498178476399913,0.016891008876440503,0.18822710911184554,-0.024358270635674743,-0.15525200531958802,-0.6004966991013878,0.2468275922373435,-1.7553865535085125,-1.7598298478753762,0.7329559916429282,0.1895206199350633
Run_0615_222357,46.100467681884766,Phase_2_Seat_Peg_for_Search,0.06477137114095823,-0.6004337592294333,0.2793725548306609,1.1850357421394457,-0.5749727242432943,0.5357798220193414,0.8869363330257445,0.02523348417730045,0.10013366990935996,-0.043963836139825636,-0.15174595223764867,-0.6004337592294333,0.24334650375869313,-1.7556177497379102,-1.759678919529591,0.7330472297525917,0.1895206199350633
Run_0615_222357,46.20195698738098,Phase_2_Seat_Peg_for_Search,0.06468338691395488,-0.6004150492834661,0.2743023639905461,1.6245469933533487,-1.110451414618875,0.07914239678816708,1.1831259740259992,0.02361153876587278,0.09339420828199747,-0.02858709230108962,-0.14822300015624507,-0.6004150492834661,0.23969912319018646,-1.755587214677169,-1.7595749935756302,0.7329404323263989,0.1895206199350633
Run_0615_222357,46.30309081077576,Phase_2_Seat_Peg_for_Search,0.06470709408849054,-0.6003910966632466,0.2693402471926188,1.5335206822815388,-0.9744837417286001,0.10451967213449295,1.179467150127023,0.014294360544104028,0.1083496901179226,-0.03181051689470042,-0.1446974902155141,-0.6003910966632466,0.23620714025720937,-1.7556712499574596,-1.7595288618189766,0.7330139232563313,0.1895206199350633
Run_0615_222357,46.4042284488678,Phase_2_Seat_Peg_for_Search,0.06462174009505484,-0.6003998906041277,0.26415600927845406,1.3921215405300533,-0.9011217950404818,0.501805584788413,0.9349722184032785,0.017801646878141328,0.0842630314411661,-0.023794683991709486,-0.14109203481868354,-0.6003998906041277,0.23248097608525933,-1.7555648187503443,-1.7595523305781302,0.7327999789335106,0.1895206199350633
Run_0615_222357,46.50485682487488,Phase_2_Seat_Peg_for_Search,0.0647287919111913,-0.6004294094052338,0.25928685871585944,4.239428469399188,-0.871153899401545,0.7442227734084685,4.081663520459524,0.022593791562051314,0.3952445308437242,-0.02024555240753794,-0.13757332837212616,-0.6004294094052338,0.2291136637689588,-1.7557622505832635,-1.7594424367860284,0.7331620340908467,0.1895206199350633
Run_0615_222357,47.09128952026367,Phase_2_Lateral_Search,0.06471385283616975,-0.600400350104558,0.2555818597944453,9.674989699446442,0.3352324551652192,-2.107807986289367,9.436640841863879,0.05687632607194688,-0.10526929391340757,0.2073001479482557,-0.1349640620317578,-0.600400350104558,0.22648327038608565,-1.7557347690002671,-1.7595171618666416,0.7330434235389304,0.1895206199350633
Run_0615_222357,47.19188666343689,Phase_2_Lateral_Search,0.062255670029973696,-0.6003324052234603,0.255699443136147,9.073292060230541,1.1882590252534881,-0.817978326943867,8.957878139146365,-0.2470789473705337,-0.2682345507663129,0.12716352401677575,-0.13678540374168702,-0.6003324052234603,0.22482821663270008,-1.7555441828809195,-1.7596316443215008,0.7326750526733369,0.1895206199350633
Run_0615_222357,47.294007778167725,Phase_2_Lateral_Search,0.059250862562445765,-0.6004140973406197,0.25610385097339977,9.156551027876027,0.8763580541569271,-1.4255410043828862,9.002347256790022,-0.23365987790439796,-0.38807980689951127,0.134699415483724,-0.13919608300222241,-0.6004140973406197,0.22298945642033752,-1.7555468165645227,-1.75966899023924,0.7328435849940687,0.1895206199350633
Run_0615_222357,47.39406180381775,Phase_2_Lateral_Search,0.05631077398635753,-0.6003903871551676,0.25622172274785937,8.625821076777479,-0.13007133256515402,-1.2771755673634306,8.529753411860932,-0.2690431120100243,-0.479923617852557,0.2192088604053641,-0.14135838750269436,-0.6003903871551676,0.2209938477819273,-1.7555559701105365,-1.7595875641959033,0.7330474337479503,0.1895206199350633
Run_0615_222357,47.49473214149475,Phase_2_Lateral_Search,0.05331128382458527,-0.6003713520086325,0.2562251653534907,9.81651520294716,-1.8416551592239607,-2.2594703560287517,9.373743687258779,-0.2678435621242137,-0.3974764993634968,0.2828221254093662,-0.14348178162597275,-0.6003713520086325,0.21887532223822267,-1.755605775289721,-1.7595725008296113,0.7330564254661484,0.1895206199350633
Run_0615_222357,47.59556436538696,Phase_2_Lateral_Search,0.05031907860825799,-0.6004282254970985,0.25635810517986113,9.20859169302409,-1.6053911556970095,-2.73867652358641,8.644103834707144,-0.1980107240435443,-0.5601017872713981,0.1547407467207815,-0.14569159287785582,-0.6004282254970985,0.21685351629177219,-1.7558154001293933,-1.7595117416921044,0.7331369254709509,0.1895206199350633
Run_0615_222357,47.69597005844116,Phase_2_Lateral_Search,0.04726984475632616,-0.6004026589685945,0.2563300901552986,6.610610826340152,-1.1265541559227423,-1.8959086265982898,6.231900329007919,-0.2545779479893703,-0.7025378585601532,0.1644317906935686,-0.14782791719813715,-0.6004026589685945,0.21467757274380436,-1.7557288108265834,-1.7595448557580171,0.733095640983429,0.1895206199350633
Run_0615_222357,47.79737687110901,Phase_2_Lateral_Search,0.04425195877494225,-0.60039249923129,0.25637331019567533,6.989091175016424,0.10939595464052437,-1.3257067085842438,6.8613358539438565,-0.2803891405120533,-0.6905849191741967,0.17684001522282408,-0.14999244602405504,-0.60039249923129,0.2125741662851535,-1.7556780567467738,-1.7594957746572344,0.7330972040467546,0.1895206199350633
Run_0615_222357,47.898311614990234,Phase_2_Lateral_Search,0.041176887293976866,-0.6003801558037876,0.25624928446082335,7.251615337117721,-0.9693014482340436,-0.5174162107492345,7.167890914685174,-0.2863789657808005,-0.6348884892725164,0.17163796368574638,-0.15207915048272352,-0.6003801558037876,0.21031206295017402,-1.7556579185361656,-1.7595441583301492,0.7329931033497226,0.1895206199350633
Run_0615_222357,47.99837636947632,Phase_2_Lateral_Search,0.03819017729267687,-0.6004266787623536,0.2562758069461997,8.429035065571723,0.6382186717676915,-1.696146842656752,8.231913201181747,-0.26915775247462076,-0.5618129313742322,0.23694651471509706,-0.15420982760734403,-0.6004266787623536,0.2082188942840807,-1.7557596672758609,-1.7594709255717438,0.7331825898921674,0.1895206199350633
Run_0615_222357,48.099472999572754,Phase_2_Lateral_Search,0.03517439936928596,-0.6004231508838399,0.2562951638050181,8.942148053439734,0.6433835293318112,-3.078064640896649,8.370996805057468,-0.2303601133215741,-0.6158953323443901,0.26672214995596755,-0.15635599199365935,-0.6004231508838399,0.20610010463003123,-1.7556751147075398,-1.7595357722728042,0.733100326043574,0.1895206199350633
Run_0615_222357,48.200318574905396,Phase_2_Lateral_Search,0.03209827508987827,-0.6004123676361298,0.25622690106130425,8.249443322374189,-0.22860421265055428,-1.8311834374621137,8.040386959679674,-0.24675544602804975,-0.6540635140637059,0.1691800680631117,-0.15848287128241867,-0.6004123676361298,0.20387668724330701,-1.7556572940369484,-1.7595512827304913,0.7329974692034298,0.1895206199350633
Run_0615_222357,48.301135778427124,Phase_2_Lateral_Search,0.029085283105702655,-0.60037404470759,0.2561873668036059,7.396289037080838,-0.34727892156637147,0.1850417771065586,7.3858139978883255,-0.26081084468840326,-0.6542301408976419,0.025327330086958182,-0.16058542340438225,-0.60037404470759,0.20171822523792804,-1.7557172081123233,-1.7594808356806058,0.7329418772230302,0.1895206199350633
Run_0615_222357,48.402392864227295,Phase_2_Lateral_Search,0.025997742661007902,-0.6003939624646538,0.2558753668916767,4.515421801744616,-0.9476441508980126,-1.9800462412118516,3.9459373403035936,-0.2781479997754204,-1.2417727969476438,0.1750008977101972,-0.16254802693655893,-0.6003939624646538,0.19931438719884192,-1.7555756641700122,-1.7596839224065952,0.7327639893059499,0.1895206199350633
Run_0615_222357,48.50471091270447,Phase_2_Lateral_Search,0.02299740451931984,-0.6004610609500715,0.25524369246453876,7.748190868475339,0.002932756911380295,-5.114560477340733,5.8202855820728985,-0.28998047450462117,-1.3387804249430093,0.41919935186849394,-0.16422292511146783,-0.6004610609500715,0.19674616648207027,-1.7556843380147173,-1.7596081928165472,0.7330996562625334,0.1895206199350633
Run_0615_222357,48.60632634162903,Phase_2_Lateral_Search,0.0199458371288886,-0.6003515371321921,0.25437459858287487,2.300788530172682,-1.4620434229525958,0.387693947952552,1.7337099794072224,-0.2600072287159143,-1.650045694125656,-0.05435041928330088,-0.1657661669292772,-0.6003515371321921,0.19397384030983633,-1.755657132902877,-1.759521362711188,0.7329704104696054,0.1895206199350633
Run_0615_222357,48.70702028274536,Phase_2_Lateral_Search,0.016945918145230138,-0.6004783605294991,0.25367313599637414,8.520067030645032,0.40662574498141846,-5.274368509456972,6.678864764063682,-0.30162503074795477,-1.3544585741423019,0.4782514202469114,-0.16739142103396903,-0.6004783605294991,0.19135656830181785,-1.7557750185515493,-1.759505192026783,0.7332422965118969,0.1895206199350633
Run_0615_222357,48.80920958518982,Phase_2_Lateral_Search,0.013836452418805866,-0.6003480942393182,0.25279649258102627,2.0618208472021466,-1.6311238744770695,0.6378497697097957,1.0879741648354762,-0.2677190685155071,-1.7050312275549329,-0.0628263640971701,-0.16897026483131578,-0.6003480942393182,0.18853796349712107,-1.7556186237244709,-1.7595582577938287,0.7327910556903648,0.1895206199350633
Run_0615_222357,48.91053366661072,Phase_2_Lateral_Search,0.010836342221752874,-0.6004543779410139,0.25209739757039445,9.024786449367602,0.23595610527669175,-4.758867362552916,7.664481495750406,-0.2953318771104975,-1.2884311582040824,0.4339367546599995,-0.17059732827324742,-0.6004543779410139,0.18592223040976655,-1.7557363719545973,-1.7594617428999153,0.733294127364485,0.1895206199350633
Run_0615_222357,49.01281499862671,Phase_2_Lateral_Search,0.007794048776096291,-0.6003655107887412,0.25125923909386394,1.6800695223876565,-1.4388559833288057,-0.37542399053745285,0.7819104083101328,-0.26889465788252503,-1.7307273268346384,-0.038074069030413764,-0.17215588705656687,-0.6003655107887412,0.1831783365415197,-1.7556824226526009,-1.7595882722364082,0.7329859134860693,0.1895206199350633
Run_0615_222357,49.113500356674194,Phase_2_Lateral_Search,0.0047680531892745626,-0.600416583043973,0.25049855185216835,8.497199087043146,0.05883161712891933,-3.848987865995845,7.575237525852877,-0.2861870237659874,-1.2947257777354682,0.3632099633757991,-0.173757701948884,-0.600416583043973,0.18050074743527242,-1.7556842652221363,-1.759514930432627,0.7331488923740261,0.1895206199350633
Run_0615_222357,49.21472454071045,Phase_2_Lateral_Search,0.0017441733385688562,-0.6005164806120845,0.2499401839144154,8.786613780324753,1.6671114395752689,-5.325566968762885,6.787021263695276,-0.46344737118820034,-1.0330263621020956,0.6619333918453335,-0.17550108214162913,-0.6005164806120845,0.1779677157321628,-1.755971416454711,-1.759263961052736,0.7336234416119629,0.1895206199350633
Run_0615_222357,51.24386715888977,Phase_2_Seat_in_Hole,0.010915578892098566,-0.601108552541017,0.25130946030822154,0.1433415469521596,-0.13819504950520164,0.01109765636013375,-0.036411116409764493,-0.007134141137237983,-0.005434287367198244,-0.001141850993507151,-0.1699841437050953,-0.601108552541017,0.1854211034154546,-1.7555310452079658,-1.760220142097113,0.7329018539922983,0.1895206199350633
Run_0615_222357,51.34505534172058,Phase_2_Seat_in_Hole,0.011043381437232446,-0.6011663143000788,0.2488765401388897,2.185778266513211,0.07454877180005566,0.606851399365689,2.098523407082348,0.058446300758799676,0.12651171768020594,0.00013113768808772035,-0.16817343930895817,-0.6011663143000788,0.1837911391119516,-1.7554197056956848,-1.7603922177884077,0.7331452098842418,0.1895206199350633
Run_0615_222357,51.44728064537048,Phase_2_Seat_in_Hole,0.010922202982181252,-0.601101772458084,0.24389597604390562,2.576260372553074,-0.8903224050249504,-1.0639865678993394,2.170800798237295,-0.045773321600102036,0.5262874197859965,0.22610694751031613,-0.1647373347705611,-0.601101772458084,0.18018366235895372,-1.7555922168463387,-1.7600954967211155,0.7329958946481212,0.1895206199350633
Run_0615_222357,51.97919249534607,Phase_3_Arc_Pivot,0.010934262675695099,-0.6011347155549139,0.2429020009000617,13.871332733296537,3.1922024974728664,-2.1683996142316566,13.32372913736811,0.018118293261567966,0.935438268775947,0.3184076792902263,-0.1640259607149555,-0.6011347155549139,0.17948934328547347,-1.7555744176256562,-1.7602375802792125,0.7329534515938289,0.1895206199350633
Run_0615_222357,52.0802948474884,Phase_3_Arc_Pivot,0.009745175238703689,-0.6009544004401516,0.24403305195947125,6.886701758465166,-0.07045625457272911,-3.7783700881486357,5.757222985365641,-0.49198391974960687,-0.45330017781577964,0.6591766449258487,-0.1656665463790526,-0.6009544004401516,0.17944830536932985,-1.755369146315717,-1.7605344365821434,0.7323474248656512,0.1895206199350633
Run_0615_222357,52.18247056007385,Phase_3_Arc_Pivot,0.008295544807499966,-0.600979694474234,0.2452024687272713,5.7561788170263375,-0.005318811996490828,-4.58747721064891,3.4768691556626874,-0.44548154014224456,-0.9199526738051247,0.6347443939385203,-0.1675184924137158,-0.600979694474234,0.17925016438775598,-1.7553499660690302,-1.7604114121926222,0.732477199055649,0.1895206199350633
Run_0615_222357,52.284472942352295,Phase_3_Arc_Pivot,0.006979982819989834,-0.6009483993738466,0.24610832301986457,6.465965023828935,1.4012046131288196,-4.359124796252087,4.565452916439489,-0.4056801110332231,-0.8139085295237434,0.5826932963555491,-0.1690892709292151,-0.6009483993738466,0.17896045729837595,-1.7553564132109176,-1.7602507388220385,0.7328609211248532,0.1895206199350633
Run_0615_222357,52.38511347770691,Phase_3_Arc_Pivot,0.005601364309593481,-0.6009095073550715,0.24705860562158907,8.22388624915233,2.619278602264496,-3.90202413854107,6.748769685280344,-0.4230747825028416,-0.5293034900654916,0.5750780520186138,-0.17073605269830866,-0.6009095073550715,0.1786575780727284,-1.7553958121893736,-1.7601704691467865,0.7329698230951235,0.1895206199350633
Run_0615_222357,52.48538279533386,Phase_3_Arc_Pivot,0.004196567178354173,-0.6008880453201999,0.24804959540994603,7.89894992817113,2.1288050559452083,-3.3596681585516195,6.824531402664302,-0.4472443327786594,-0.5972977755641576,0.5311235497607142,-0.1724301298754332,-0.6008880453201999,0.1783649720944715,-1.7554912240912888,-1.7601764803487836,0.7329867523253977,0.1895206199350633
Run_0615_222357,52.58749532699585,Phase_3_Arc_Pivot,0.002758174796044138,-0.6008634523527122,0.24903937761193262,8.21091137440187,2.2667460043314964,-3.5599151410716288,7.04328988033988,-0.44636042245767654,-0.6667781171583888,0.5325434480626876,-0.17414710858989418,-0.6008634523527122,0.17804775679385548,-1.7554939625321186,-1.7602192280839495,0.7330024999414495,0.1895206199350633
Run_0615_222357,52.68946719169617,Phase_3_Arc_Pivot,0.0012770454716482889,-0.6008117826613695,0.2500441765381475,7.844044207444342,2.1605533835591126,-3.857306380702618,6.479369266411915,-0.45782940393821653,-0.7948410711344575,0.6059387495706412,-0.1759049253134442,-0.6008117826613695,0.1777109403392164,-1.7555618882801758,-1.7602066816250324,0.7329753273505816,0.1895206199350633
Run_0615_222357,52.79066205024719,Phase_3_Arc_Pivot,-0.00019728875886211838,-0.6007824970831864,0.2510418053256493,7.532698543223577,2.589480894430657,-3.87078093433614,5.920573536308881,-0.4605942210603193,-0.8338884900618329,0.635607118949798,-0.177652867126323,-0.6007824970831864,0.17737385868783648,-1.7555081434310222,-1.760237267265613,0.7329679563219867,0.1895206199350633
Run_0615_222357,52.89229607582092,Phase_3_Arc_Pivot,-0.0017033402649819392,-0.60075964814737,0.252040510062424,7.228749224478336,2.467057444848243,-3.7776074945129627,5.647842466961565,-0.47892082460755275,-0.9365263374679978,0.6015331009127659,-0.17942399725089309,-0.60075964814737,0.17701511034681947,-1.7555725255104504,-1.7602267284866002,0.7329491354131157,0.1895206199350633
Run_0615_222357,52.99376630783081,Phase_3_Arc_Pivot,-0.0031296737790804524,-0.600753585010079,0.25295366109852446,6.4919087905064,2.4699533574497057,-3.5495312366823124,4.842007657583137,-0.47956686957460953,-1.022147982190411,0.6155355669044305,-0.18107826264081994,-0.600753585010079,0.17665223553664094,-1.755518159262498,-1.7603465534637177,0.7329827902945715,0.1895206199350633
Run_0615_222357,53.093825817108154,Phase_3_Arc_Pivot,-0.004696426036238941,-0.6006985824638192,0.2539698457661812,6.442526731452724,2.3798045744982286,-3.722205913918457,4.689121880168043,-0.4870601675344931,-0.9879451148804734,0.6364211212920501,-0.18290467485573392,-0.6006985824638192,0.1762629254606027,-1.755607872181595,-1.760110961717654,0.7329642099499242,0.1895206199350633
Run_0615_222357,53.1946222782135,Phase_3_Arc_Pivot,-0.006201359867411794,-0.6007275682587713,0.2548226762763871,6.009523751106432,2.3214172129635324,-1.7377534573274371,5.263611949984106,-0.5022358909858669,-0.7873839028448677,0.5397696622275312,-0.18457186600996267,-0.6007275682587713,0.1758018187803127,-1.755502191209504,-1.760209701558008,0.7329307386530503,0.1895206199350633
Run_0615_222357,53.29608106613159,Phase_3_Arc_Pivot,-0.007676879729145909,-0.6015373072540158,0.2558368377896518,7.982966095021231,3.47688024237779,-5.171473044366684,4.989480735087596,0.06942230299037495,-1.2677081359813736,-0.050663259171625986,-0.18633233659321818,-0.6015373072540158,0.17547558916355296,-1.755738689567759,-1.7601454103105545,0.7332160657991666,0.1895206199350633
Run_0615_222357,53.39837455749512,Phase_3_Arc_Pivot,-0.009382724098560002,-0.6018990270724521,0.25675957980867076,8.599223348201903,2.8991454994365147,4.8043684225028,6.516106324041659,-0.13441187929223306,-0.5855330102708969,-0.589485581570157,-0.18819102785341382,-0.6018990270724521,0.17492185218122544,-1.7554167407669032,-1.7601448177014207,0.7327487570872641,0.1895206199350633
Run_0615_222357,53.49851608276367,Phase_3_Arc_Pivot,-0.010874513403789875,-0.6023453281125194,0.2577355370210011,10.152918944231773,2.2018125054067004,-7.3298626757296335,6.671349034050063,0.22878685966578416,-1.1092839108461365,0.08435096556044964,-0.18993598815023013,-0.6023453281125194,0.17455710381038253,-1.755723893262434,-1.7601886411683256,0.7330828343817415,0.1895206199350633
Run_0615_222357,53.6008415222168,Phase_3_Arc_Pivot,-0.012494698606222812,-0.6023100720884347,0.2586181461247833,8.217526161147441,2.704314697990481,-1.3533964197427586,7.640859660692817,0.0070539088027952905,-0.8462175108251684,-0.2407227812331588,-0.19170573097606997,-0.6023100720884347,0.17403555874938548,-1.7555168242961878,-1.7601780539227248,0.7329619378323781,0.1895206199350633
Run_0615_222357,53.70162105560303,Phase_3_Arc_Pivot,-0.014077671018685161,-0.6020930780454091,0.2594720404010294,6.453297047706419,2.1437178018468446,-1.4467926985762156,5.912385953177268,-0.14862227277418538,-0.9450142357926895,-0.03718952441982261,-0.1934288559365033,-0.6020930780454091,0.17352002265525213,-1.755565245662041,-1.7601862423110626,0.7328708250561345,0.1895206199350633
Run_0615_222357,53.803826332092285,Phase_3_Arc_Pivot,-0.015678357278395717,-0.6018937576418387,0.260407630268885,5.952209099834741,2.079494405566185,-2.563284725100237,4.9531876204563705,-0.25259108569806404,-1.0785178986783315,0.17192009017143667,-0.19522227398526693,-0.6018937576418387,0.1730497284864288,-1.7555952630623313,-1.7602287257099487,0.7329224167248289,0.1895206199350633
Run_0615_222357,53.9046471118927,Phase_3_Arc_Pivot,-0.017301252067289098,-0.6017461031843439,0.2612884866094999,6.750047824457814,3.033082204455271,-4.031510002544913,4.484471548896787,-0.26179051891974064,-1.1136686592460572,0.28398121680783694,-0.19699269338734568,-0.6017461031843439,0.1725250280677499,-1.755667215813625,-1.7602492555862594,0.7329753272447485,0.1895206199350633
Run_0615_222357,54.00672936439514,Phase_3_Arc_Pivot,-0.018927823542713187,-0.6015967423747978,0.2621253164126573,8.153498185910712,3.1407707364353668,-4.694759854418098,5.879993346777245,-0.31420839988026456,-0.9501249306075572,0.4230903009534621,-0.19873458113621428,-0.6015967423747978,0.17196659637590456,-1.7555532386544015,-1.7602300724457831,0.7330633551125004,0.1895206199350633
Run_0615_222357,54.10675096511841,Phase_3_Arc_Pivot,-0.020587197444084184,-0.6013984192195897,0.2629060561762407,9.451185117391535,3.331644538762535,-3.373281438040514,8.175941360498395,-0.4111836420737224,-0.6008581468983152,0.4857336644300726,-0.20046000205556946,-0.6013984192195897,0.1713453082188929,-1.755434660618771,-1.7601963167001298,0.7329231970150413,0.1895206199350633
Run_0615_222357,54.20806407928467,Phase_3_Arc_Pivot,-0.022174201669379567,-0.6020485056593781,0.263757189519268,5.58100837156857,1.9334329341964867,-1.9803684631661693,4.846404056883794,-0.0020861950909597643,-1.2112835444528174,-0.06701142034304265,-0.20218402566359614,-0.6020485056593781,0.17082496892796345,-1.7555681492702844,-1.7602363727941868,0.7329644473272331,0.1895206199350633
Run_0615_222357,54.31003022193909,Phase_3_Arc_Pivot,-0.02392893596276687,-0.6023244935827847,0.26458085457964947,10.660293384829506,2.607468767284203,2.519601495670911,10.024697999505523,-0.14395946673573778,-0.12722571103746994,-0.41875156172988826,-0.20400722933125304,-0.6023244935827847,0.17016660355955085,-1.7554160981270592,-1.7600220988730426,0.7328211812458448,0.1895206199350633
Run_0615_222357,54.41214179992676,Phase_3_Arc_Pivot,-0.025578366109581845,-0.6028713982246934,0.26550294203076574,5.552569418106335,3.0873795377658944,-1.579517293610275,4.3363855746301265,0.29985376105428063,-1.4264830930285417,-0.5423456462856947,-0.20582556686269077,-0.6028713982246934,0.16965229460717582,-1.75564846618424,-1.7602676196317533,0.7329620352012811,0.1895206199350633
Run_0615_222357,54.512736558914185,Phase_3_Arc_Pivot,-0.027374247377035577,-0.602885301769723,0.26622723142156557,8.303709048852896,1.6408106140511418,1.2515451111790987,8.043193354103972,0.0047101413878535055,-0.2632037638303154,-0.3480888925366179,-0.2076075966248892,-0.602885301769723,0.16889456472452938,-1.7552794761306172,-1.760148404503586,0.7327175428698357,0.1895206199350633
Run_0615_222357,54.61455512046814,Phase_3_Arc_Pivot,-0.0289680706946752,-0.603063725388172,0.26709752332668163,4.4432622635758126,1.7190414077850318,1.3448941386645321,3.8702371938969193,0.12920088668787444,-1.6273694350155086,-0.6405383852729188,-0.20934998920852477,-0.603063725388172,0.16838295075633253,-1.7557696530949476,-1.7602893818408605,0.7329780799030361,0.1895206199350633
Run_0615_222357,54.71499729156494,Phase_3_Arc_Pivot,-0.030676104311258664,-0.6027052309782163,0.2677818021303537,6.005386582375852,2.428085270943114,-0.8209988508502709,5.4309327751051715,-0.07207992546780011,-0.87480519553476,-0.12549188687136353,-0.21104160954360424,-0.6027052309782163,0.1676590467858505,-1.7555768737467872,-1.760165812891696,0.7330523280424118,0.1895206199350633
Run_0615_222357,54.816970109939575,Phase_3_Arc_Pivot,-0.03242527144800845,-0.602429634413588,0.2685712544139422,7.942017650017564,2.408235034474865,-3.413058724473788,6.754781899899634,-0.17799208895511173,-0.7371409396890376,0.14934332272081866,-0.2128366845505773,-0.602429634413588,0.1669804259051747,-1.7556260907769035,-1.7601241210482506,0.7331128460320301,0.1895206199350633
Run_0615_222357,54.91788172721863,Phase_3_Arc_Pivot,-0.034152643256049005,-0.602174107873327,0.26929182457885303,10.102010187641522,2.4316124140861994,-4.510507283148726,8.705928724009706,-0.2715171999375603,-0.7304933199701111,0.36528850085027686,-0.21456764091960243,-0.602174107873327,0.16626850963600792,-1.7555685722249992,-1.7601582531931597,0.7330866853015724,0.1895206199350633
Run_0615_222357,55.018367290496826,Phase_3_Arc_Pivot,-0.03586882556045755,-0.6022370971997566,0.2700406002792857,11.785989651738607,3.0294024045333647,-8.92823150833346,7.072408025269657,-0.07081665258900065,-1.1277004222463622,0.5163179219402739,-0.2163106294401657,-0.6022370971997566,0.16558444986617196,-1.7557067069999244,-1.7602103227431838,0.7331409203973616,0.1895206199350633
Run_0615_222357,55.12012815475464,Phase_3_Arc_Pivot,-0.03767133741164703,-0.6025461908104989,0.27065019704257315,10.103044619856876,2.470837191767474,6.022171761228751,7.726572425135003,-0.19129624184640262,-0.48223115101493835,-0.5451307147774289,-0.21801624779842083,-0.6025461908104989,0.16474093151813665,-1.755210746960831,-1.7602504101574241,0.7327610254286777,0.1895206199350633
Run_0615_222357,55.22029733657837,Phase_3_Arc_Pivot,-0.039442645205837415,-0.6030662778978464,0.27149950677446544,9.861561858684976,2.3141026765379733,-6.618743522741228,6.934519830188755,0.27807857777342154,-1.030714080799045,0.05563299857695384,-0.21986930422201018,-0.6030662778978464,0.1640889804360448,-1.7556908323277134,-1.7600990352740884,0.7330759043117913,0.1895206199350633
Run_0615_222357,55.32222867012024,Phase_3_Arc_Pivot,-0.04124728368065946,-0.6030930624141471,0.2721278033664847,7.476610838373784,2.7251283869687826,3.6332422100046644,5.939102284559989,0.048015210360404896,-0.8253915105725653,-0.6375932832436437,-0.22158964910596024,-0.6030930624141471,0.16325718111372123,-1.755385448611471,-1.7602244983987199,0.7327539943402993,0.1895206199350633
Run_0615_222357,55.42232608795166,Phase_3_Arc_Pivot,-0.0430327263585854,-0.6033792618572105,0.2728979460053576,10.040637528801987,1.2955621441726035,-6.721873455585443,7.345225521552732,0.29157512334761115,-1.1224928041656252,0.08717004817352474,-0.22339672081336948,-0.6033792618572105,0.16253925557116786,-1.7556746882351932,-1.760151318249446,0.7329839712872498,0.1895206199350633
Run_0615_222357,55.52239394187927,Phase_3_Arc_Pivot,-0.04476340260585362,-0.6032296722223981,0.2734449384205326,8.333064794100403,2.7074678714333325,4.884784116041607,6.184534802836788,0.02303916533568373,-0.7364386469982244,-0.7654467737811338,-0.22500727576987917,-0.6032296722223981,0.16170226470671387,-1.7555037664921225,-1.7601122734894594,0.732954286686137,0.1895206199350633
Run_0615_222357,55.623289823532104,Phase_3_Arc_Pivot,-0.04657600733656219,-0.6031654261753323,0.2741049613054058,6.116681517203119,1.8112108266014277,-1.2014069337646873,5.717510778651682,0.02825204309766145,-1.0893346689769587,-0.2627583558786388,-0.22675568752420616,-0.6031654261753323,0.16088726626765115,-1.7556597919326222,-1.7602240178855866,0.73295963000184,0.1895206199350633
Run_0615_222357,55.723965883255005,Phase_3_Arc_Pivot,-0.04834616289714863,-0.6028207381915826,0.27473870783227594,5.211243936817348,1.376317291882906,-2.3360911070917636,4.450336214315324,-0.12714711700209164,-1.3216879771890242,-0.06013779309730181,-0.22845550299155523,-0.6028207381915826,0.16008370373370873,-1.7556849381219612,-1.7602176545691346,0.7330715058071864,0.1895206199350633
Run_0615_222357,55.82563591003418,Phase_3_Arc_Pivot,-0.050201775471121535,-0.6025653732930989,0.2753602997744854,8.869257900616905,2.876567444224706,-4.886798526061653,6.819699085162306,-0.1969191040966748,-0.9171443741046428,0.27585970527066395,-0.23020715110333367,-0.6025653732930989,0.15921111937686466,-1.7556410854719382,-1.7601287053312322,0.7332440891553498,0.1895206199350633
Run_0615_222357,55.925862312316895,Phase_3_Arc_Pivot,-0.0520864120359214,-0.6026506947835575,0.2759656791912771,5.956200509792216,2.142006749783173,-2.3793665799939943,5.022623445445624,-0.09301530968821371,-1.2640193054253825,0.02713753186958601,-0.23196785828917998,-0.6026506947835575,0.15830654797262675,-1.7555586081610453,-1.7602464264974562,0.7328967383209507,0.1895206199350633
Run_0615_222357,56.02813458442688,Phase_3_Arc_Pivot,-0.05401939793356587,-0.6028872720187279,0.27654700859686643,8.778943807491434,2.461641771405003,1.1474299670398578,8.348268002113082,-0.08665054196988362,-0.49265134838357816,-0.3592162445670659,-0.23374574769013767,-0.6028872720187279,0.15735078250125972,-1.75537536651971,-1.7601166653594584,0.7327372288919172,0.1895206199350633
Run_0615_222357,56.129865646362305,Phase_3_Arc_Pivot,-0.05580241190228448,-0.6034090327155821,0.27714626855537605,4.841280834877957,2.031072295428861,-1.8928640401183459,3.966082598550464,0.3030525147179126,-1.4855029338857482,-0.3061621004869424,-0.2354302697387247,-0.6034090327155821,0.15651374201338417,-1.755586451110955,-1.7602870666199133,0.7329192901798098,0.1895206199350633
Run_0615_222357,56.23107051849365,Phase_3_Arc_Pivot,-0.05777106388738004,-0.6034799137930897,0.27761607198507765,8.970330787020572,0.7912652387098764,1.4064874419428155,8.823974548140745,0.0823288221037682,-0.3665588996183819,-0.38080158717341395,-0.23715451809814883,-0.6034799137930897,0.15545389603589346,-1.7552998239864082,-1.7601774029690012,0.7327141427013848,0.1895206199350633
Run_0615_222357,56.33250308036804,Phase_3_Arc_Pivot,-0.059505653589186615,-0.6037040225165744,0.27844252811747,5.814954131845416,2.9434378795352143,-0.06756818652303352,5.014508903666769,0.41455775457120964,-1.3174905830650607,-0.6928976700881013,-0.23896545097444044,-0.6037040225165744,0.15481174863073752,-1.7557648520745577,-1.7601600520700065,0.733176181467435,0.1895206199350633
Run_0615_222357,56.43366980552673,Phase_3_Arc_Pivot,-0.061436382885826,-0.603494803082806,0.2791850139601594,8.464181620353983,1.3505532373101388,-2.061564361450005,8.097427297551274,0.14965457989538705,-0.7819886168661302,-0.2705684974158944,-0.24085569952703034,-0.603494803082806,0.15397153362674895,-1.7556879805356362,-1.760183616267094,0.7330775789012763,0.1895206199350633
Run_0615_222357,56.5358145236969,Phase_3_Arc_Pivot,-0.06334159198069937,-0.6030777482820212,0.27975349544338546,7.928825100565883,1.777352536272216,-2.9292071302833826,7.150316847879351,-0.06025853175242778,-1.0299702325888034,0.03629075663937662,-0.24260486290936173,-0.6030777482820212,0.15302632446795383,-1.7557228555465403,-1.7601374613712335,0.7331377753112981,0.1895206199350633
Run_0615_222357,56.63759112358093,Phase_3_Arc_Pivot,-0.06524715265236286,-0.6027269143640975,0.2802553388663137,6.614016616669618,1.2266662057434006,-2.067883459949178,6.16152284921005,-0.2679989811327674,-1.029367859130581,0.15201385392072309,-0.2443071546697038,-0.6027269143640975,0.15203374648250462,-1.7556023557329115,-1.7602324693626499,0.7330550217415661,0.1895206199350633
Run_0615_222357,56.739349603652954,Phase_3_Arc_Pivot,-0.06719704387330308,-0.602497992627823,0.2808028297826347,7.475522474797049,2.26345254027041,-0.30637980778548635,7.1180299439185095,-0.3386093469717973,-0.8114932868693303,0.11403004229032113,-0.24607307051417537,-0.602497992627823,0.1510420997171703,-1.7554820388684678,-1.7601677425610212,0.733042823817378,0.1895206199350633
Run_0615_222357,56.84007167816162,Phase_3_Arc_Pivot,-0.06909659308022963,-0.6030194432145662,0.28137478475200894,11.50019085587967,2.2193909652635595,-8.836416048605136,7.017581127491042,0.10873228778690418,-1.1967562362592215,0.45167923743753613,-0.24782068787696854,-0.6030194432145662,0.15010334882913287,-1.7556840209602094,-1.7602423958725875,0.733128714461576,0.1895206199350633
Run_0615_222357,56.94188690185547,Phase_3_Arc_Pivot,-0.07113299785018441,-0.6031749365812041,0.28177631182128504,8.506498244175447,2.6348970555079028,3.1165402194346097,7.463578695617956,-0.06099733191715468,-0.809643460531934,-0.49119785724927906,-0.24954456601255925,-0.6031749365812041,0.1489473157205723,-1.755396171988271,-1.7601972169250188,0.7327393490819053,0.1895206199350633
Run_0615_222357,57.043530225753784,Phase_3_Arc_Pivot,-0.07308772842637698,-0.6035128920837298,0.2823700146880732,8.928285961109994,1.832306609428919,-2.3555926256055026,8.41475644772859,0.11849943239820016,-0.8820829654401702,-0.05739672174238415,-0.25134658058149356,-0.6035128920837298,0.14798492379786968,-1.7555506773804554,-1.7601577892649192,0.7328544465739247,0.1895206199350633
Run_0615_222357,57.14488887786865,Phase_3_Arc_Pivot,-0.0749776074019523,-0.6038954835616946,0.2827852947435831,5.942410759895326,1.3037258780922931,-1.2363830028667933,5.664265313730839,0.24939458740561934,-1.1584548733255178,-0.3941120563123761,-0.2529765741640873,-0.6038954835616946,0.14694222490196102,-1.7555580704666087,-1.76023709310366,0.7329261231216012,0.1895206199350633
Run_0615_222357,57.246493339538574,Phase_3_Arc_Pivot,-0.07696049703370156,-0.6040410441579454,0.28325285276984596,10.004474807484996,1.9960318594832942,1.3712556577223463,9.706957860766373,0.15830231107345,-0.5015500479721821,-0.5310525841780617,-0.2547093023200104,-0.6040410441579454,0.1458707236479753,-1.755347962899945,-1.7601293843237549,0.7328013792090698,0.1895206199350633
Run_0615_222357,57.348552227020264,Phase_3_Arc_Pivot,-0.07891208124376037,-0.6043273870947206,0.2837014927341022,7.579210237998137,2.003779701930497,-3.0173258900432267,6.657705251149374,0.3529069914241044,-1.1912806059318612,-0.2953993601095432,-0.2564065171100364,-0.6043273870947206,0.144807981580023,-1.7555632321729353,-1.7602374706954786,0.7329039328015622,0.1895206199350633
Run_0615_222357,57.45013117790222,Phase_3_Arc_Pivot,-0.08080579233262682,-0.6038423532711189,0.28412766582681487,7.541773736199668,1.6484740556681299,-3.9846876099068447,6.187337798057825,0.019665292973113774,-1.1421205713306644,0.06232912393008519,-0.2580469229463984,-0.6038423532711189,0.14377027551129373,-1.755731911725341,-1.760242931632975,0.733126735256812,0.1895206199350633
Run_0615_222357,57.55163788795471,Phase_3_Arc_Pivot,-0.08282927952543893,-0.6033517544494439,0.28451541294413185,8.497088831591752,1.3549356667523442,-3.3643043196284466,7.684147603726325,-0.23297029760977803,-0.8676584545496723,0.22998587328206904,-0.2597519230781204,-0.6033517544494439,0.14261363261165258,-1.7556176892871878,-1.76012320337472,0.7330923771604902,0.1895206199350633
Run_0615_222357,57.65333819389343,Phase_3_Arc_Pivot,-0.08481015582058794,-0.6029696613316291,0.28491251103216564,9.252789831556715,1.6119290219706806,-3.8194468476333223,8.272099508177586,-0.3682700781434031,-0.7834401416295673,0.3618931050111204,-0.2614334048899568,-0.6029696613316291,0.1414937323015059,-1.7555276640943742,-1.7601487002319438,0.7330917679906165,0.1895206199350633
Run_0615_222357,57.754722356796265,Phase_3_Arc_Pivot,-0.08681004830434581,-0.6025951062783573,0.28527232920183704,9.793956623040822,1.2056259499337603,-4.839018032696254,8.429232283078452,-0.4875042151951459,-0.8513963671402626,0.5335930491640104,-0.2631019722946348,-0.6025951062783573,0.14033402463236547,-1.7555056587706261,-1.7601603267870383,0.7329309201854387,0.1895206199350633
Run_0615_222357,57.85708951950073,Phase_3_Arc_Pivot,-0.08884488600809508,-0.602630053891879,0.28568201291937884,12.878070621163637,1.8639184132469842,-9.737398798879301,8.219098229369253,-0.2745727528866484,-1.0646959764001018,0.7790337616939179,-0.2648305099683855,-0.602630053891879,0.13918486722824583,-1.755632980035938,-1.7602334151683543,0.7330463686340645,0.1895206199350633
Run_0615_222357,57.95777153968811,Phase_3_Arc_Pivot,-0.09082680220567858,-0.6029321017585064,0.28591518801742394,9.63880011090186,0.40309803470875144,2.895432329764129,9.184794563630279,-0.3492645742771294,-0.3644644619651511,-0.12101490497474639,-0.2663968160444718,-0.6029321017585064,0.13794832053822262,-1.75529176031038,-1.7601543093651821,0.7327507173038285,0.1895206199350633
Run_0615_222357,58.05786895751953,Phase_3_Arc_Pivot,-0.09277625244030857,-0.6036015486358167,0.28634460806085343,10.546911974651135,2.187500752847921,-7.176699235857468,7.412636557620514,0.2389025846618843,-1.3497497132658183,0.1428408555999701,-0.2680789313496508,-0.6036015486358167,0.13687349688241648,-1.7557662708646886,-1.760102458453716,0.733136221392361,0.1895206199350633
Run_0615_222357,58.158087491989136,Phase_3_Arc_Pivot,-0.09478825049272226,-0.6036771101572599,0.2865187237986848,9.07436928200055,0.9229756392208844,3.146411456230023,8.461228562308458,-0.17166405667979157,-0.5332743200669247,-0.3552104899574172,-0.2696247472351785,-0.6036771101572599,0.13557391783475248,-1.7553814531771221,-1.7601497032150455,0.7327365461261771,0.1895206199350633
Run_0615_222357,58.26039791107178,Phase_3_Arc_Pivot,-0.09672079806690222,-0.6041333228967853,0.28686174616133797,11.650270652219305,0.3875615369988805,-8.625914582835273,7.821265878016886,0.1513106778373741,-1.1823423930762123,0.4221908940477913,-0.27123381816857745,-0.6041333228967853,0.1344499537788149,-1.755706941890053,-1.7601814672184206,0.7331758994580138,0.1895206199350633
Run_0615_222357,58.36175179481506,Phase_3_Arc_Pivot,-0.09879888399385114,-0.6042677267689711,0.28703867001887146,9.539784852466607,1.7735915895946557,4.3204062835412484,8.318410752650275,-0.023609153078158057,-0.7091941176760014,-0.612616158118542,-0.27282835087882695,-0.6042677267689711,0.1331056291873966,-1.7553725583606399,-1.7601292623140368,0.7328201524002063,0.1895206199350633
Run_0615_222357,58.46397399902344,Phase_3_Arc_Pivot,-0.10076654006041345,-0.6044028324828724,0.287308599554222,9.476206853866083,0.961609741829219,-1.3769392058795606,9.326191155288928,0.059841473347347976,-0.73520131932048,-0.12421742269334624,-0.2744105628314249,-0.6044028324828724,0.13190515524457644,-1.7554705534601744,-1.7602389943134917,0.7330039517875365,0.1895206199350633
Run_0615_222357,58.56602454185486,Phase_3_Arc_Pivot,-0.10281681833430573,-0.6044895920209388,0.2875029663681185,7.296359519134918,1.128434861856361,-3.6705766251328824,6.204060302257389,0.1857922254852825,-1.2686989586917503,-0.03755870662702526,-0.27599776659435743,-0.6044895920209388,0.13059282766593158,-1.7556258008708168,-1.7601873984165164,0.7330380063315002,0.1895206199350633
Run_0615_222357,58.66733241081238,Phase_3_Arc_Pivot,-0.10483937182000773,-0.6039900347954353,0.2876722010864567,9.094097936185385,0.775863236053556,-3.713303055343354,8.265109432490867,-0.1779081073368902,-0.8705263160568958,0.18731306897366395,-0.27754759489635894,-0.6039900347954353,0.12928233339782835,-1.7556681751381928,-1.7601477192192927,0.7330969604620693,0.1895206199350633
Run_0615_222357,58.76766753196716,Phase_3_Arc_Pivot,-0.1068386499825305,-0.6035407815559861,0.28785591087712736,10.360715269131173,1.2623295368984557,-4.3324117333163725,9.326368725356305,-0.3909231820606278,-0.6789780778324105,0.4203959375574326,-0.27909120048131053,-0.6035407815559861,0.12799853269038391,-1.7556000712931203,-1.7601233494555322,0.7331187659833075,0.1895206199350633
Run_0615_222357,58.8700692653656,Phase_3_Arc_Pivot,-0.10886378411431417,-0.603902750964909,0.2880728097915033,6.098889999210885,1.355324216361613,-3.619349119000335,4.718036397253611,-0.03258835490647449,-1.4413015376657032,0.1289397443003658,-0.28067655725189433,-0.603902750964909,0.12671991730617457,-1.7556814051068812,-1.7602222163060302,0.7330146850523009,0.1895206199350633
Run_0615_222357,58.97138214111328,Phase_3_Arc_Pivot,-0.11094427141327481,-0.6040347797505558,0.287974165166906,11.382277807668642,0.44265691170488464,1.3332839441248718,11.295249305517995,-0.17258809223234614,-0.20762414252148811,-0.149370889801931,-0.28207793164618156,-0.6040347797505558,0.12517903834592667,-1.7553072691619045,-1.7600994201841875,0.732848310874594,0.1895206199350633
Run_0615_222357,59.07325029373169,Phase_3_Arc_Pivot,-0.11295610668218468,-0.604484567920399,0.2881604998788374,9.480887190621248,1.7848214909321818,-5.674782632936726,7.382308327055462,0.25784537054526135,-1.3585214786142958,0.01963473500021735,-0.2836322725458351,-0.604484567920399,0.12388821452302737,-1.7557658536525107,-1.7601346637215605,0.7331219667676395,0.1895206199350633
Run_0615_222357,59.17343878746033,Phase_3_Arc_Pivot,-0.11504389562558293,-0.6044117713232398,0.28809078065167104,9.469407701403393,-0.5124190756006198,1.4271115289784078,9.347216783097277,-0.10685014110181461,-0.28581818390744307,-0.1388501475136161,-0.28505926332708986,-0.6044117713232398,0.12236262586515576,-1.7552773323365118,-1.7601711507118867,0.7326097617096305,0.1895206199350633
Run_0615_222357,59.273942947387695,Phase_3_Arc_Pivot,-0.11696286882065378,-0.6048278379283999,0.2883333715955227,9.487401359859996,1.9348823215270214,-5.745786818621899,7.2974618053037,0.29965449385411386,-1.4198327775044908,-0.009064060724148885,-0.28658771998769167,-0.6048278379283999,0.1211772446074579,-1.7557032634864995,-1.7601954132548563,0.7330927120390828,0.1895206199350633
Run_0615_222357,60.354631185531616,Phase_3_Final_Insertion,-0.1183224725065951,-0.6047229811185294,0.28831674750115444,0.6489237897301092,-0.3493950650087429,-0.2173283692776084,-0.5017903479864463,-0.02516258237418203,-0.03275421130908172,0.03831129570221161,-0.2875373499638881,-0.6047229811185294,0.12020410461154368,-1.7555412932020589,-1.7602342565983433,0.7329900882717466,0.1895206199350633
Run_0615_222357,60.45670175552368,Phase_3_Final_Insertion,-0.11850859960888992,-0.6045907488342362,0.28668239077731394,5.169567512799717,-0.34015512385716234,2.3058984870586756,4.614277292110703,0.36004599016869954,0.7702850888028541,-0.15334778668281576,-0.28651329697777794,-0.6045907488342362,0.11891682815304297,-1.7552965626226424,-1.7601304060882808,0.7325393095584246,0.1895206199350633
Run_0615_222357,60.55740761756897,Phase_3_Final_Insertion,-0.11842789058457012,-0.6046870247806767,0.28424402149032213,14.39845022191145,0.35524285414528123,-1.4948872396123258,-14.31623146810238,0.6922008640995877,-1.9420349386428766,-0.14046729301013366,-0.28473203962150956,-0.6046870247806767,0.11724971059357353,-1.7555682338192096,-1.761118150559079,0.7319863296605025,0.1895206199350633
Run_0615_222357,60.65750193595886,Phase_3_Final_Insertion,-0.118425440028781,-0.6046745507294757,0.28206741305487487,10.488626431929237,-0.5891371799044789,1.8935342250070564,-10.29945289569042,0.6809815881613969,-1.7949811187091518,-0.40182101023616534,-0.2831912122322008,-0.6046745507294757,0.1157123488134971,-1.7553142790506733,-1.7604650021401416,0.7325416717774721,0.1895206199350633
Run_0615_222357,60.7575626373291,Phase_3_Final_Insertion,-0.11840739204769525,-0.6046812392854114,0.27974082365734404,9.790088921710637,-0.8846246909667764,1.9399227605818457,-9.555102298463884,0.6926494170686338,-1.7304105818709026,-0.4353336296764153,-0.28153330324235754,-0.6046812392854114,0.11407996352327879,-1.7555293808222436,-1.7602104723465444,0.7327707395960925,0.1895206199350633
Run_0615_222357,60.85902786254883,Phase_3_Final_Insertion,-0.11837369336057366,-0.6046907817715288,0.2771839694099764,10.472192431898383,-0.6295503396655725,1.5914135489151795,-10.331402790370044,0.6995073697847966,-1.8327916895896958,-0.41953833744647806,-0.2797015056953575,-0.6046907817715288,0.11229582311664027,-1.755448994253477,-1.7603291663370897,0.7327573566731083,0.1895206199350633
Run_0615_222357,60.95963263511658,Phase_3_Final_Insertion,-0.11833050695331634,-0.6047135343284314,0.27469292908828813,9.927071554556194,-0.5434578466399193,1.9231483638814981,-9.723831733874468,0.7080544744453849,-1.741145538023251,-0.46072408652952246,-0.2779095367902559,-0.6047135343284314,0.1105649290143921,-1.755485921858307,-1.7603168115578003,0.7328522897045976,0.1895206199350633
Run_0615_222357,61.06184768676758,Phase_3_Final_Insertion,-0.1183470384066111,-0.604723964582307,0.272194006543602,9.891315792737908,-0.592962678067457,1.497080269411831,-9.759368526755367,0.7259297971930199,-1.751152106488407,-0.44443355091356845,-0.27615422121597594,-0.604723964582307,0.10878623443465699,-1.7555255510258476,-1.7602307184830626,0.7329058095137974,0.1895206199350633
Run_0615_222357,61.16272950172424,Phase_3_Final_Insertion,-0.1183259564140151,-0.6047272996681058,0.26967595319587473,9.853528136559252,-0.2971792529175563,2.4475386138030983,-9.5400867901473,0.7521901587363881,-1.7305424628903379,-0.5401966594608323,-0.27435878139848296,-0.6047272996681058,0.1070206090570151,-1.7555280885915026,-1.7602449371159834,0.7329200780140166,0.1895206199350633
Run_0615_222357,61.2628071308136,Phase_3_Final_Insertion,-0.11836797829301143,-0.6047042516932192,0.2671768187073554,10.414428091500582,-0.7426598354271525,2.170995694052792,-10.158520883390652,0.7421541262950611,-1.7699173732310869,-0.5440867982214155,-0.27262134041015024,-0.6047042516932192,0.10522374015748939,-1.7555663267408925,-1.760217262052247,0.7328428864504544,0.1895206199350633
Run_0615_222357,61.36501407623291,Phase_3_Final_Insertion,-0.1183399227836159,-0.6047195719309247,0.26470985603439073,9.673838733331527,-0.6057561344560201,2.3302049141257375,-9.36943757128775,0.7643994894138377,-1.6796395072020947,-0.5961628519259444,-0.2708570961342196,-0.6047195719309247,0.10349917236344522,-1.7555777683012561,-1.7601729752741773,0.7329534231194093,0.1895206199350633
Run_0615_222357,61.46648383140564,Phase_3_Final_Insertion,-0.11834003023200215,-0.6047211658747942,0.2620894492978455,10.088211219228256,-0.3588242060052297,2.7342783298415783,-9.70396685937799,0.7872124879932025,-1.6595636198005561,-0.6370695453241751,-0.26900426473882416,-0.6047211658747942,0.10164618901308464,-1.7554768827951588,-1.7602941055637087,0.7328582233638684,0.1895206199350633
Run_0615_222357,61.56769394874573,Phase_3_Final_Insertion,-0.11831536579272871,-0.6047263511071822,0.25989670714872626,7.224661107915044,1.1656602310617894,4.459226674968819,-5.563475695209583,0.8064670649802422,-0.8469820312473328,-0.9176990928569795,-0.2674363215035239,-0.6047263511071822,0.10011312656231328,-1.7555250364638557,-1.760059717312461,0.7330743812556353,0.1895206199350633
Run_0615_222357,61.66865348815918,Phase_3_Final_Insertion,-0.11814173570502845,-0.6043220459032657,0.2580145069443952,4.256905932301566,3.6624916690757585,2.0852819248334233,0.5991679100034878,0.6401916962390201,-0.3761912717835847,-0.7679866882450144,-0.2659826299630599,-0.6043220459032657,0.09890498504671094,-1.7558230101777732,-1.7600645354385902,0.7337123993941584,0.1895206199350633
Run_0615_222357,61.76971650123596,Phase_3_Final_Insertion,-0.11820684899732728,-0.6033758185094521,0.2559340507579141,5.181106494891332,2.0945154798080865,3.896078832171085,2.6976729137828848,-0.0519410712854829,0.9255216006390695,-0.14228765609070085,-0.2645575673361675,-0.6033758185094521,0.09738783831875877,-1.7556972350994398,-1.759741144016567,0.7336417882601239,0.1895206199350633
Run_0615_222357,61.870485067367554,Phase_3_Final_Insertion,-0.11795687413986726,-0.6031995516722057,0.2539325306843536,11.566290793879427,6.785950056658799,0.13701239509887003,9.365425359304385,0.1421442182382057,1.357538046605608,-0.09425847372229845,-0.26296552000263573,-0.6031995516722057,0.09614930881889927,-1.7556122314781768,-1.7597132753964086,0.7335417926732615,0.1895206199350633
Run_0615_222357,61.97185492515564,Phase_3_Final_Insertion,-0.11733588577726116,-0.6031834671580201,0.25195313565983324,6.080910019781538,2.923484155395491,4.3424521845842445,3.09415838095443,0.004789811419381792,0.4578669656159652,-0.41657277758213906,-0.26112677127591377,-0.6031834671580201,0.0951887702566507,-1.755730798133587,-1.7602903278068527,0.7329751866066797,0.1895206199350633
Run_0615_222357,62.07284712791443,Phase_3_Final_Insertion,-0.11685114632007863,-0.6031255547022278,0.2501570354641071,8.960962069933487,5.9820537234361515,-0.36520099398476963,6.6618693099386785,0.13660311604896583,1.1104099974299046,-0.11351176262903612,-0.2595139740905429,-0.6031255547022278,0.09426149818584473,-1.7554561132724886,-1.760133770056206,0.7333404118388553,0.1895206199350633
Run_0615_222357,62.17399287223816,Phase_3_Final_Insertion,-0.11650262624707826,-0.603105567502839,0.247952101320939,6.16829741299085,4.999121170865565,2.578459844081437,-2.5314472790427325,0.04796181308092914,0.17386186114498034,-0.5469677700515193,-0.25770840929884076,-0.603105567502839,0.092948815208139,-1.7554589756924628,-1.7604722408911573,0.7327075479023345,0.1895206199350633
Run_0615_222357,62.274993896484375,Phase_3_Final_Insertion,-0.11623827119106077,-0.6031687298567833,0.24612842057495182,7.160336709608961,3.0272086242024168,3.232747838841682,-5.6263461634521414,0.08685459050154583,-0.4651773055720721,-0.696424449938374,-0.25623194502388297,-0.6031687298567833,0.09184620543868305,-1.7557737010448322,-1.760330555960049,0.7327535226511032,0.1895206199350633
Run_0615_222357,62.37669920921326,Phase_3_Final_Insertion,-0.11567075890514891,-0.6032507405877937,0.2440158676383736,8.709921880207425,2.9344679183949935,4.193059875320227,-7.04768657626076,0.11533953511979561,-0.3183364305758236,-0.8658343762196982,-0.254336852731038,-0.6032507405877937,0.09075369671738798,-1.7556174720227513,-1.7605017890305246,0.7327238279638771,0.1895206199350633
Run_0615_222357,62.479010581970215,Phase_3_Final_Insertion,-0.11553101335087572,-0.6032225670445239,0.24203570055007884,5.754279402823783,3.888964348101334,4.146145027679141,-0.8928432977910119,0.13336420333428015,0.3851367620632369,-0.9034919802539962,-0.2528378481259551,-0.6032225670445239,0.08945232217043958,-1.7555045025638518,-1.7602323048192048,0.7327307405906351,0.1895206199350633
Run_0615_222357,62.57962346076965,Phase_3_Final_Insertion,-0.11526135519541932,-0.6026942128649647,0.23998263410562445,5.265347611955381,2.711756116300711,-0.10280147467035759,4.512171993312701,-0.15585590469451596,0.7855742732027069,-0.16555803150121623,-0.2511954338105294,-0.6026942128649647,0.0881912620756648,-1.7554651517099271,-1.7600290327486174,0.733039924731468,0.1895206199350633
Run_0615_222357,62.68014311790466,Phase_3_Final_Insertion,-0.11522668441404627,-0.6026073583964383,0.23767113988690103,4.728372502733558,3.695364778066467,2.143679158141384,2.0264316787355128,-0.14393898100903213,0.6444308699937452,-0.35751061819488705,-0.24953644462917862,-0.6026073583964383,0.08658130478354989,-1.7551796507190893,-1.7600561736919125,0.7328700507496654,0.1895206199350633
Run_0615_222357,62.780301094055176,Phase_3_Final_Insertion,-0.1145322861326058,-0.6028142479063584,0.23562256583505234,6.3582596919890655,5.475955473654668,1.6577720241656582,-2.773656409366174,0.1211618727711934,-0.12827398844276713,-0.5018142987466317,-0.2475968702917028,-0.6028142479063584,0.08562375791337573,-1.755540660059096,-1.7603009397474323,0.7331582132611971,0.1895206199350633
Run_0615_222357,62.8820538520813,Phase_3_Final_Insertion,-0.11455139635166992,-0.6027591771214479,0.23346166515992137,6.9140861591517515,4.334879878445589,4.864498400514888,-2.313019491273144,-0.010434213316944203,-0.1459798695532641,-0.7897107185423309,-0.24608239573633728,-0.6027591771214479,0.08408225742702982,-1.7554657227371742,-1.7602408451923277,0.7327386398345821,0.1895206199350633
Run_0615_222357,62.98392391204834,Phase_3_Final_Insertion,-0.11442910555712278,-0.6024537168421008,0.231337835881508,8.000693970926026,2.1186687740428165,3.768784532098628,-6.731909817646258,-0.23461023357227676,-0.6349970100009986,-0.6308243593491214,-0.24449414900138766,-0.6024537168421008,0.08266695599228216,-1.7557022659728438,-1.7602420973798538,0.7327843471317564,0.1895206199350633
Run_0615_222357,63.08566617965698,Phase_3_Final_Insertion,-0.11416134034224634,-0.6025673202437868,0.22919756034418529,5.032962191760664,3.4501796856487617,3.0794966313135395,-1.9858673314593505,-0.03721815382140402,-0.12119015002661415,-0.7694979305647015,-0.2427914070561341,-0.6025673202437868,0.08134289124543861,-1.7555318775929247,-1.7601151424926875,0.7329190619693863,0.1895206199350633
Run_0615_222357,63.187543869018555,Phase_3_Final_Insertion,-0.11413170120559019,-0.6026017983731021,0.22691964318996763,8.420331751723229,5.568759401052965,5.158690213580131,-3.6440116386443084,-0.009005289797180691,-0.331794637045281,-1.035724988584313,-0.24115971835488756,-0.6026017983731021,0.07975311861322823,-1.7555056370862498,-1.7602098654633465,0.732706155832091,0.1895206199350633
Run_0615_222357,63.287835121154785,Phase_3_Final_Insertion,-0.11374278734100594,-0.6023396207605769,0.22462478358088567,11.742210541889333,3.1422838595178413,1.814634892908371,-11.167482292876496,-0.23154374695099222,-0.8853954125782242,-0.39263339187974,-0.2392620039324896,-0.6023396207605769,0.07840541145272023,-1.755643465615484,-1.760407976008487,0.732828882965286,0.1895206199350633
Run_0615_222357,63.38915991783142,Phase_3_Final_Insertion,-0.11375474837922676,-0.6022140059875378,0.22249881450712067,7.772672835372945,4.696746393854595,3.4032163500202657,-5.174276257846415,-0.1945102257202963,-0.6332462627556849,-0.6212180226504576,-0.23776717451507345,-0.6022140059875378,0.07689366657283214,-1.7555010204163783,-1.7601939395049038,0.7328326423875706,0.1895206199350633
Run_0615_222357,63.49083161354065,Phase_3_Final_Insertion,-0.11346108729407231,-0.6023778795574078,0.22027166498926404,9.045228005895618,3.9408543751000784,4.271365245356167,-6.931179943823162,-0.1006218116907926,-0.6029008777393958,-0.8605235811877936,-0.2359846922435974,-0.6023778795574078,0.07552648379072269,-1.7555946482178255,-1.760276209758235,0.7330444223587924,0.1895206199350633
Run_0615_222357,63.59216618537903,Phase_3_Final_Insertion,-0.11339631318614972,-0.6022369783121094,0.2181136936333395,10.94863430553278,4.104188458452141,5.374597715321037,-8.610570808736398,-0.22007343655867376,-0.8264089977569573,-0.7935736567799179,-0.23441297385325943,-0.6022369783121094,0.07404636982229948,-1.7556465508156003,-1.7603415196182042,0.7328696603662171,0.1895206199350633
Run_0615_222357,63.69343686103821,Phase_3_Final_Insertion,-0.11345208476609277,-0.6019555424006348,0.215895629132165,5.456152487839608,4.860554969783438,-2.4225522353134252,0.5252104563408762,-0.16430949465500985,-0.15186353966943797,-0.03324559477351999,-0.232884001865745,-0.6019555424006348,0.07243852491003464,-1.755613626935375,-1.7601351093405573,0.7332854643609722,0.1895206199350633
Run_0615_222357,63.7949743270874,Phase_3_Final_Insertion,-0.1133570237503421,-0.6020924664479396,0.21370504851310285,7.718319017258444,3.3955019273769858,3.934803300932477,-5.706166672672944,-0.17228345759878258,-0.5264264113673013,-0.7735859169562918,-0.23126780916640655,-0.6020924664479396,0.07095676878842375,-1.7556448931976067,-1.7601248679358752,0.733196514258484,0.1895206199350633
Run_0615_222357,63.896270990371704,Phase_3_Final_Insertion,-0.11327660121269764,-0.6020346985980175,0.21139313947236837,5.166708218543603,4.429212095094342,2.399804522320842,1.1479948984574961,-0.1841698910411983,0.08615451249676889,-0.5991392307301557,-0.2295761752844881,-0.6020346985980175,0.06937886954996253,-1.7554564370595724,-1.7600494188762525,0.7331445407720669,0.1895206199350633
Run_0615_222357,63.99819850921631,Phase_3_Final_Insertion,-0.11298016845419652,-0.6022031355427825,0.20907986267318565,9.310792679683757,2.4432772690301627,5.565813377487143,-7.052870192884476,-0.14983421858537257,-0.6913572180350145,-1.145227918348618,-0.2277308319593225,-0.6022031355427825,0.0679527454522009,-1.7554236306035258,-1.7603752591108337,0.7328018780935619,0.1895206199350633
Run_0615_222357,64.099036693573,Phase_3_Final_Insertion,-0.11283111742876009,-0.6018850279742214,0.2069345323403028,5.950430522497466,5.6886963065226235,1.692269364639881,-0.42729630553828374,-0.18795088797070184,-0.27466089527819193,-0.4713352716990673,-0.22610845934222695,-0.6018850279742214,0.06654116281676314,-1.7554566545776125,-1.7602272288552534,0.7330134049781283,0.1895206199350633
Run_0615_222357,64.20095658302307,Phase_3_Final_Insertion,-0.11307475990803388,-0.6020617983392265,0.20471628301632203,7.2479239671039055,3.8216703924284725,4.574285660387272,-4.123487351954679,-0.15740375225192071,-0.5140611870913673,-1.1155110801478703,-0.22471220145215726,-0.6020617983392265,0.06480034242813423,-1.7554765576801683,-1.7601970041016335,0.732786174049136,0.1895206199350633
Run_0615_222357,64.30177783966064,Phase_3_Final_Insertion,-0.11288103697320191,-0.6016910039792447,0.20246557654104644,8.188113001623655,5.0875096652999385,3.075189509747208,-5.6307769811970685,-0.3659716984379592,-0.6810672938250439,-0.67546485638994,-0.22298372884013837,-0.6016910039792447,0.06334583541789746,-1.755580664976675,-1.7602493085351842,0.732941286335887,0.1895206199350633
Run_0615_222357,64.40316367149353,Phase_3_Final_Insertion,-0.11277313634492424,-0.6017051890526248,0.20038541610214267,5.9175795080656854,3.143027677525474,1.75822494654445,-4.69550522201142,-0.3302784463319094,-0.6020584417164339,-0.5303000522116366,-0.2214365360218841,-0.6017051890526248,0.06195123713154205,-1.7555184155752317,-1.7601869607656249,0.7329658683001228,0.1895206199350633
Run_0615_222357,64.50443649291992,Phase_3_Final_Insertion,-0.11281586047252286,-0.6017640674454326,0.19805178108972357,9.765332365150309,8.036066117146333,5.3741329008910075,-1.3791494212976299,-0.30224353777973256,-0.11059301227682349,-0.9810536858217567,-0.21981661740013347,-0.6017640674454326,0.06027089746910089,-1.7554347539962498,-1.7601506661904691,0.7330267171556001,0.1895206199350633
Run_0615_222357,64.6055314540863,Phase_3_Final_Insertion,-0.11274377105070876,-0.6017485201429688,0.1957405624469491,9.345560478073846,4.713956006642304,4.429892575817011,-6.744936707152865,-0.22939865101353005,-0.7460318315854613,-0.9814814677780772,-0.2181313641060063,-0.6017485201429688,0.058687594013006855,-1.7555087180042266,-1.7602872814488681,0.7328948359316328,0.1895206199350633
Run_0615_222357,64.70618915557861,Phase_3_Final_Insertion,-0.11285034867987404,-0.6016525098312603,0.19357049661622447,10.850241907650764,8.168049462114919,4.293866799969558,-5.707313320915916,-0.236185606482143,-0.7620075155245686,-1.0813470519045907,-0.21667225760578526,-0.6016525098312603,0.05707776398417472,-1.7554480835864088,-1.7603418291844286,0.7329340227574325,0.1895206199350633
Run_0615_222357,64.80716729164124,Phase_3_Final_Insertion,-0.11287649889837018,-0.601271939660601,0.19146744664973625,10.88777016743555,4.630805407498456,1.884002581384463,-9.672110150847088,-0.5796943972681513,-0.9372653129340536,-0.23765191385764306,-0.21520366771013544,-0.601271939660601,0.05557219209486863,-1.7555562608961022,-1.7602784585267839,0.733014958973029,0.1895206199350633
Run_0615_222357,64.90760612487793,Phase_3_Final_Insertion,-0.11256181293196428,-0.6017899360565738,0.18943298359673297,11.088330092333061,7.127536051631402,6.190923497917534,-5.8156478841283095,-0.08075907677518548,-0.8094887784166894,-1.3318346026827785,-0.21354256850849346,-0.6017899360565738,0.05435612605480636,-1.7555303189348577,-1.7602323034451495,0.7330121676062387,0.1895206199350633
Run_0615_222357,65.00839948654175,Phase_3_Final_Insertion,-0.11275143124480085,-0.6016406944685015,0.1872799784334448,14.91504048080635,4.116700058558053,6.420210280781053,-12.817648502065952,-0.3199784657308225,-1.2306632556178363,-1.176815682677439,-0.21215424435244665,-0.6016406944685015,0.05269964110907174,-1.7554795267919123,-1.7602904014672713,0.7325677221986173,0.1895206199350633
Run_0615_222357,65.11051058769226,Phase_3_Final_Insertion,-0.11245226782337803,-0.6016847503554517,0.18566336571129702,9.428371246948135,7.759445523284696,3.958640862242261,-3.6075409998004555,-0.04803276714164015,-0.8112541633058019,-1.44965191242517,-0.21079958605009247,-0.6016847503554517,0.05176806377465967,-1.7555619677595993,-1.7602333396612349,0.7331832119195374,0.1895206199350633
Run_0615_222357,65.21197152137756,Phase_3_Final_Insertion,-0.11275273350226551,-0.6014609921473308,0.1838373820262655,17.111792790157732,5.495147202120117,8.418283790943565,-13.847357427879963,-0.44442820961112195,-1.332972392315255,-1.1486702749228568,-0.20972088192312582,-0.6014609921473308,0.05026443700958272,-1.7554223239890256,-1.760433277863224,0.7328425699438542,0.1895206199350633
Run_0615_222357,65.31334948539734,Phase_3_Final_Insertion,-0.11279923992344887,-0.6014888048030161,0.18256227397051158,8.591858792252609,7.023215452817015,-1.0219135607227043,-4.842538062187202,-0.10950030469151462,-0.877261236570581,-0.9991237630059571,-0.2088521293759441,-0.6014888048030161,0.04932991445082607,-1.7556141369225224,-1.760262694244434,0.7332028034051418,0.1895206199350633
Run_0615_222357,65.41481351852417,Phase_3_Final_Insertion,-0.11293166366387933,-0.6012809147728037,0.1814162312402477,15.212111865074052,4.087993428985037,6.456531990847367,-13.153320940783983,-0.5009449302555086,-1.476685989365314,-1.040354981252779,-0.20813539251469343,-0.6012809147728037,0.04842590213987846,-1.7556349763075298,-1.760244581474674,0.7329295715326596,0.1895206199350633
Run_0615_222357,65.51587200164795,Phase_3_Final_Insertion,-0.11312445198528266,-0.6015597963324639,0.1804640365925028,9.107899693299563,8.131377687937526,1.7106660533387648,-3.729363936822528,-0.1198273082991501,-0.7479954505881041,-1.257159583635609,-0.20759841115166133,-0.6015597963324639,0.04761627691805062,-1.7555083142860375,-1.7601322480699777,0.7330324597555387,0.1895206199350633
Run_0615_222357,65.61631655693054,Phase_3_Final_Insertion,-0.11292687546489967,-0.6015359093106303,0.17965363214899224,18.05438998179533,7.599117579212813,10.432241884547526,-12.624687675120628,-0.2815230484452633,-1.8144167245684193,-1.7672453604887977,-0.20688566097678526,-0.6015359093106303,0.047182942137906664,-1.755585961351355,-1.7603455338565814,0.7329012572307366,0.1895206199350633
Run_0615_222357,65.71734023094177,Phase_3_Final_Insertion,-0.11303316693004153,-0.6016075948276483,0.1791762872372131,12.75895138497903,9.873453607966391,3.8263223662551837,-7.117935897792918,-0.06936887501982866,-1.2121933069106061,-1.480798696288281,-0.20662328656848541,-0.6016075948276483,0.04677024889803866,-1.7556093778174073,-1.7600831792680098,0.732881307244851,0.1895206199350633
Run_0615_222357,65.817946434021,Phase_3_Final_Insertion,-0.11292517570183513,-0.6016368343728196,0.1789546787033969,14.111176632047917,9.02940907523284,7.00838149955493,-8.275123349512937,-0.09817957849831416,-1.0188062088859693,-1.6728207103080288,-0.20639022434168175,-0.6016368343728196,0.04668990933078185,-1.7556162189617115,-1.760026364051579,0.7330024864727649,0.1895206199350633
Run_0615_222357,65.91980314254761,Phase_3_Final_Insertion,-0.11287319504976792,-0.601625475925597,0.1787284189249181,13.207787500535572,9.273058589077381,8.437359162328317,-4.15535864020379,-0.16998315968969685,-0.39074881803718137,-1.8077567398187795,-0.20619347864644239,-0.601625475925597,0.046566675378676925,-1.7554842402192932,-1.7600839249102394,0.7329235535402473,0.1895206199350633
Run_0615_222357,66.02111077308655,Phase_3_Final_Insertion,-0.11279042454215318,-0.6017577225850258,0.17851235414708327,14.77126474462103,8.243278618706828,5.573132615546655,-10.916904901096517,-0.05408913650118168,-1.666903587750825,-1.7381838980702868,-0.2059821701896432,-0.6017577225850258,0.046472422096311,-1.7556687914945555,-1.7602884828204437,0.7328690982897483,0.1895206199350633
Run_0615_222357,66.12253642082214,Phase_3_Final_Insertion,-0.11284311206684815,-0.6016879116538428,0.17830830891902608,13.915411199172413,8.039334598641137,9.390756768008359,-6.38916703313114,-0.20497134676792783,-0.7997749336110485,-1.9103101679402132,-0.20587514413121097,-0.6016879116538428,0.04629088462588726,-1.7553709905449606,-1.7601901159642992,0.7328510018302753,0.1895206199350633
Run_0615_222357,66.22338676452637,Phase_3_Final_Insertion,-0.11278562581714571,-0.6018663646703664,0.17829656578527284,15.875523340300687,9.127494966715853,7.322503983755,-10.728560591659107,0.06860954352576608,-1.625384979239125,-2.118464127076796,-0.20582619156471207,-0.6018663646703664,0.04632322989336751,-1.755640488315475,-1.7601680563163162,0.7329353744642162,0.1895206199350633
Run_0615_222357,66.3243100643158,Phase_3_Final_Insertion,-0.11283089181666658,-0.6017626977723081,0.1781806311724547,12.661348117542943,7.942069212643622,8.193642685469626,-5.486118146561977,-0.1659087141291872,-0.6044661122888754,-1.8936810574544627,-0.20577622130903253,-0.6017626977723081,0.0462092438472512,-1.7553825399999363,-1.7601551010879068,0.7329092397616422,0.1895206199350633
Run_0615_222357,66.4251811504364,Phase_3_Final_Insertion,-0.1127500325676825,-0.6019730256613325,0.17825952527748193,18.096560965761014,9.95900900946503,10.985156773306006,-10.374487409158526,0.13345600908886412,-1.6220795071558074,-2.609976310590488,-0.20577483174241462,-0.6019730256613325,0.04632220652718988,-1.7556559000468361,-1.7601599022675558,0.7329494725891019,0.1895206199350633
Run_0615_222357,66.52647042274475,Phase_3_Final_Insertion,-0.11279250646654124,-0.601406672664218,0.17812910775652963,9.256949062501556,6.586534689942195,1.5882753656582858,-6.307618257851337,-0.38412826651676685,-0.8073208579836817,-0.7826331255617799,-0.20571264621087015,-0.601406672664218,0.046199953831832535,-1.7555763608017338,-1.7602388430107279,0.7330902620222163,0.1895206199350633
Run_0615_222357,66.62703847885132,Phase_3_Final_Insertion,-0.11285334761149429,-0.6017546894791249,0.1782075381239527,17.115608251978614,9.683580248392168,10.096969581646896,-9.860199018044453,-0.13030555931866653,-1.7056501169073268,-2.3868026641839855,-0.20581112604169743,-0.6017546894791249,0.0462123912903169,-1.7555013969445712,-1.7603629748741476,0.7330342633170837,0.1895206199350633
Run_0615_222357,66.72765135765076,Phase_3_Final_Insertion,-0.11295238664334419,-0.6016607389742611,0.17814746018767982,11.774737541877423,7.280367972900784,4.9552165562051265,-7.815786284205111,-0.34519275016370665,-0.706423707041115,-1.3775318181273766,-0.20583867569658237,-0.6016607389742611,0.046099878603155425,-1.7553631448988676,-1.7603079260782726,0.7328768905223095,0.1895206199350633
Run_0615_222357,66.8279013633728,Phase_3_Final_Insertion,-0.11281418656935813,-0.6019686817331323,0.1782716866915204,17.32643033232531,10.396371418725485,10.163101788364806,-9.425073550066674,0.09893238485952376,-1.7745596628237106,-2.7974078724838876,-0.20582879489037514,-0.6019686817331323,0.046285442215900224,-1.7557402238038948,-1.7602013816117827,0.7330592478980825,0.1895206199350633
Run_0615_222357,66.9285500049591,Phase_3_Final_Insertion,-0.11287047912470635,-0.6018371696495205,0.17815055610294833,12.628219305129086,7.138445525620845,7.583031156253625,-7.142279522635997,-0.13234517768422543,-0.5900440873332284,-1.6849945852971502,-0.20578294747740378,-0.6018371696495205,0.046159985107694756,-1.755497200242165,-1.7601168758861854,0.7328315060787208,0.1895206199350633
Run_0615_222357,67.02952337265015,Phase_3_Final_Insertion,-0.11282474724894487,-0.6015603558677581,0.1781993957545784,13.562743043361092,9.065717644197065,5.492880555396973,-8.461029822667898,-0.14355712003269508,-1.5330624946550693,-1.7487281555679264,-0.20578514500679485,-0.6015603558677581,0.046226857276020494,-1.7557396030301102,-1.7601689024783045,0.7331594387533296,0.1895206199350633
Run_0615_222357,67.1309962272644,Phase_3_Final_Insertion,-0.11295760159559186,-0.6014198974093216,0.1781455014745052,12.377259045691295,8.56662185228885,2.919496211515044,-8.443108041176744,-0.402940984399064,-1.053628262280106,-0.9007168625298758,-0.2058409782053121,-0.6014198974093216,0.04609480605568936,-1.7555390013144674,-1.7602752203017045,0.7331006164786592,0.1895206199350633
Run_0615_222357,67.23200011253357,Phase_3_Final_Insertion,-0.11294660669057618,-0.6015138525022322,0.17817535616588565,14.115550377248944,9.296851508099342,-0.26160705410384016,-10.618327374791516,-0.27576179200595685,-1.5809250381132345,-1.1465909927022384,-0.20585431408814236,-0.6015138525022322,0.04612369108230979,-1.7555753618629077,-1.7603940945894687,0.7331735627287506,0.1895206199350633
Run_0615_222357,67.33272409439087,Phase_3_Final_Insertion,-0.11297447343839137,-0.6015336951311784,0.17817983362526668,15.250341121953257,8.015945352353459,9.565660605530772,-8.764454439599659,-0.4092173473164039,-1.1672650946654983,-1.5611422466553824,-0.20587718489638293,-0.6015336951311784,0.04610715235785087,-1.755402645531897,-1.7603093370757157,0.732898044573739,0.1895206199350633
Run_0615_222357,67.43399000167847,Phase_3_Final_Insertion,-0.11300438275282951,-0.6017512236804547,0.17822722706449243,13.20652216092593,8.77095467602102,2.8478368722495575,-9.453698049296294,-0.047184857565674615,-1.5719822893755677,-1.8090166018306424,-0.20593184619770305,-0.6017512236804547,0.046119515501051284,-1.755550881957407,-1.7601889077991524,0.7328177913992265,0.1895206199350633
Run_0615_222357,67.53480625152588,Phase_3_Final_Insertion,-0.11299539417024548,-0.6017578670286318,0.17815626937796358,18.78094717098417,8.621600790282777,14.259663009963717,-8.663370435030826,-0.2123726650986771,-1.0440591480523633,-2.3957814967606725,-0.20587531564868278,-0.6017578670286318,0.04607569672742787,-1.7553603262934712,-1.760207217749209,0.7326300324959623,0.1895206199350633
Run_0615_222357,67.63555264472961,Phase_3_Final_Insertion,-0.1128213152503953,-0.6014749341164011,0.1781954331726218,11.455364634144251,6.810057567726712,-3.0543480068463045,-8.690192925276458,-0.16495320396732052,-1.373402236940966,-0.7346895551190141,-0.2057799162487749,-0.6014749341164011,0.046226482096895394,-1.7557930274217481,-1.7601188225694593,0.7331511539210952,0.1895206199350633
Run_0615_222357,67.73605942726135,Phase_3_Final_Insertion,-0.11288217361837805,-0.6015264382874717,0.17812944775841769,13.82696920231013,7.414585582261521,7.57586171314263,-8.877799122997324,-0.25346799834094474,-1.160785218961551,-1.4672989089718196,-0.20577629087962432,-0.6015264382874717,0.04613678999835971,-1.755563493237354,-1.7601901257422972,0.7328720474762271,0.1895206199350633
Run_0615_222357,67.8364360332489,Phase_3_Final_Insertion,-0.11292645161346562,-0.601741211158246,0.17818971872062866,11.97622136307244,8.948363289893747,3.9629365896250435,-6.903028766853409,-0.09599401274070608,-1.1472293317566744,-1.7609873439642567,-0.20585021815629612,-0.601741211158246,0.04614809873386397,-1.755558559341707,-1.7601640201889062,0.7330397241229096,0.1895206199350633
Run_0615_222357,67.93715453147888,Phase_3_Final_Insertion,-0.11292153238988481,-0.6018007017137016,0.17814518319590147,17.630629493131266,8.765703897301753,11.842238699604978,-9.68312522331902,-0.17057045168404344,-1.153840767205618,-2.332833689069451,-0.20581524836840565,-0.6018007017137016,0.04612008577867782,-1.7553911618679545,-1.760306832302552,0.7328343577119968,0.1895206199350633
Run_0615_222357,68.03801274299622,Phase_3_Final_Insertion,-0.11287000194619894,-0.6016402060443222,0.1781601292052272,13.610184899609946,8.615398623939496,7.067305506812902,-7.814424638165247,-0.2623834304180372,-1.1412939649260332,-1.7668326882522485,-0.2057893792667837,-0.6016402060443222,0.04616709172939154,-1.7554988370261575,-1.7602862614184913,0.7330170957507541,0.1895206199350633
Run_0615_222357,68.13937067985535,Phase_3_Final_Insertion,-0.11285405639592755,-0.6015326324596377,0.17815418991623785,13.330925739215413,7.447785318320357,3.956875302727171,-10.32410832737411,-0.253075262651991,-1.4663468925052965,-1.2560838215877301,-0.20577390434853726,-0.6015326324596377,0.04617416722459841,-1.755574378968375,-1.7603322258054348,0.7331086964418401,0.1895206199350633
Run_0615_222357,68.23977446556091,Phase_3_Final_Insertion,-0.11295301409659961,-0.6015699685665046,0.17816474565114493,12.35332102268139,8.573385413372353,6.480062258197143,-6.091830264631893,-0.27169574015977555,-1.0799733110084895,-1.6599770966570888,-0.2058513420414663,-0.6015699685665046,0.046111657595135774,-1.755463039067335,-1.760231023989161,0.7329486770713272,0.1895206199350633
Run_0615_222357,68.34065175056458,Phase_3_Final_Insertion,-0.11295563045328212,-0.6016997100694023,0.17815514232079258,13.753470576884038,8.129874630684105,4.61441876097838,-10.088123259402845,-0.1250465767774773,-1.6393360712664622,-1.6519494582337515,-0.20584640150500438,-0.6016997100694023,0.04610301697156943,-1.7556101922110352,-1.7602826357270014,0.7329523168283556,0.1895206199350633
Run_0615_222357,68.44131684303284,Phase_3_Final_Insertion,-0.11295794790559946,-0.6016951432568725,0.17818881704767864,15.40452711080275,8.643562354795444,10.351098775620091,-7.446008290592768,-0.24211691856111955,-0.9166749534749487,-2.1232601999669045,-0.2058718518189888,-0.6016951432568725,0.04612518991305653,-1.755449145548793,-1.760202004781227,0.7329200015719514,0.1895206199350633
Run_0615_222357,68.5420548915863,Phase_3_Final_Insertion,-0.11289557828417089,-0.6018844966397433,0.1781858247516408,16.43088774587309,9.471140792613474,7.0578605133871655,-11.421828626693088,0.04282832136543602,-1.7794180540385736,-2.169134083313597,-0.20582563396391695,-0.6018844966397433,0.046167176022489015,-1.7555852545176605,-1.760270682512494,0.7329314230491955,0.1895206199350633
Run_0615_222357,68.64242029190063,Phase_3_Final_Insertion,-0.11288028222319882,-0.6017968836900991,0.17814653988447673,14.219799573347519,8.014523688153355,9.745218243432612,-6.557501913539271,-0.10911365883954098,-0.699015582593474,-2.213554688781424,-0.20578703941950843,-0.6017968836900991,0.04615021337495809,-1.7554670441587283,-1.760085420036454,0.7328141719967889,0.1895206199350633
Run_0615_222357,68.74351835250854,Phase_3_Final_Insertion,-0.11280153747094407,-0.601533045526814,0.17815320960127673,12.768796158021004,7.902260037102969,1.5566306054536083,-9.908246201486037,-0.10192621594204247,-1.6157030460825836,-1.1909944629816511,-0.2057360746731841,-0.601533045526814,0.046210610525238144,-1.7557828482553464,-1.7601487367526492,0.7331236693451619,0.1895206199350633
Run_0615_222357,68.84436249732971,Phase_3_Final_Insertion,-0.11302236267249181,-0.601464263865269,0.17809620075813332,10.418082327859208,7.737262159520454,4.8172427639839235,-5.04632399056479,-0.4170803351716775,-0.5356143414895543,-1.2374485433335631,-0.20585191033108108,-0.601464263865269,0.04601415218819255,-1.7553966432491475,-1.7601649709133662,0.7329132565148014,0.1895206199350633
Run_0615_222357,68.94509530067444,Phase_3_Final_Insertion,-0.11291456082189706,-0.6017940079768986,0.17818767844625802,16.80034245498232,9.481278783693211,8.258273282454988,-11.142611077429763,-0.049150579234840654,-1.8235385225434413,-2.183308981408889,-0.20584036740510134,-0.6017940079768986,0.046155064101372795,-1.7556189795601331,-1.7603094512613857,0.7330884739172502,0.1895206199350633
Run_0615_222357,69.04573702812195,Phase_3_Final_Insertion,-0.11301855659297906,-0.6016864038119372,0.17811178956730442,12.766927888916964,8.420119435058096,7.008030512013351,-6.556183704172161,-0.2974608390760299,-0.7427418907614471,-1.7778406568459897,-0.2058602419791234,-0.6016864038119372,0.04602786644550125,-1.75535481395551,-1.7602826381360497,0.7328505949363017,0.1895206199350633
Run_0615_222357,69.14702773094177,Phase_3_Final_Insertion,-0.1128767670328471,-0.6019658515111822,0.1782143063168666,18.516780474248275,10.260969548922269,11.731382179250248,-9.997916543558555,0.13323347654900303,-1.8072765065472831,-2.9000535081350787,-0.20583247190845327,-0.6019658515111822,0.046200617093772656,-1.7556120723788626,-1.7601966064717032,0.7329365405059961,0.1895206199350633
Run_0615_222357,69.24771404266357,Phase_3_Final_Insertion,-0.11282342719369347,-0.6015340223971805,0.17813296277519147,11.318954559771882,6.97587557982916,1.15453306657573,-8.838718550735004,-0.23017508606606626,-1.076887265801737,-1.0643793776825237,-0.2057372363765561,-0.6015340223971805,0.04618081548582137,-1.7556358585414171,-1.760170583163552,0.7330037633031891,0.1895206199350633
Run_0615_222357,69.3487913608551,Phase_3_Final_Insertion,-0.11283327712758583,-0.6015791048461723,0.17817346626204697,14.90430438709092,9.71472104872252,6.663762320333424,-9.129992110986175,-0.06447274528929868,-1.7640309132380507,-1.988695914692049,-0.20577284162182286,-0.6015791048461723,0.04620249082098904,-1.7557334901790944,-1.7601673448202668,0.733023024280525,0.1895206199350633
Run_0615_222357,69.44967746734619,Phase_3_Final_Insertion,-0.1129218260061165,-0.6014472719991689,0.1780559445991647,10.169272543240057,6.610116382390766,4.11268596029605,-6.542650813082498,-0.36947768250040003,-0.503272557685244,-0.9081097331990563,-0.20575235476953802,-0.6014472719991689,0.04605677694375321,-1.755324285879799,-1.7602218474887512,0.732874510881023,0.1895206199350633
Run_0615_222357,69.55077075958252,Phase_3_Final_Insertion,-0.11288047177857605,-0.6017428408225214,0.17816553073002217,14.29920127723428,9.665804743585763,5.969040232952311,-8.683889366126795,0.0034922120632774082,-1.6670192377609505,-2.177831548223195,-0.20580060201106673,-0.6017428408225214,0.04616350789473109,-1.7556849542897588,-1.760195913419558,0.7330380561839324,0.1895206199350633
Run_0615_222357,69.65177631378174,Phase_3_Final_Insertion,-0.1129485226925909,-0.6016397887659055,0.17808153680495656,13.323033133574105,6.83574469258458,9.33303795013237,-6.608343892194484,-0.2979758852211369,-0.6745603392278268,-1.6068078652232995,-0.2057893285998402,-0.6016397887659055,0.046055995957972856,-1.7553822459431645,-1.7601589977751542,0.7328863220330766,0.1895206199350633
Run_0615_222357,69.75322675704956,Phase_3_Final_Insertion,-0.11291007099448648,-0.6019369216786122,0.1781692283578666,14.36172172770809,10.045293341013403,4.838791668360939,-9.051918463359863,0.08511415601852851,-1.5231676264056222,-2.2768152969003426,-0.2058241464350779,-0.6019369216786122,0.04614519270616613,-1.755620918579049,-1.7602146167902308,0.7331236748856115,0.1895206199350633
Run_0615_222357,69.85473918914795,Phase_3_Final_Insertion,-0.11284916265363036,-0.6014804920076189,0.17811668000595277,15.476261202716225,8.505555671840995,9.101640603321753,-9.183154243280343,-0.34455756666534954,-1.2480503967131495,-1.6317774665648406,-0.20574392043824924,-0.6014804920076189,0.046151104111037844,-1.7555762804861916,-1.760243949324485,0.7330206052993007,0.1895206199350633
Run_0615_222357,69.95495104789734,Phase_3_Final_Insertion,-0.11285831112408187,-0.6015278533876602,0.1780828704690945,12.294665334934693,8.427240893638439,0.39796069353863883,-8.943267518364362,-0.14436444208758376,-1.5305685734634766,-1.2145935405911945,-0.20572648243096175,-0.6015278533876602,0.046120728212762835,-1.755577818057012,-1.7603232856860365,0.7330293511910283,0.1895206199350633
Run_0615_222357,70.05607676506042,Phase_3_Final_Insertion,-0.1130442855306327,-0.6015934714976334,0.1779895892504026,16.563774560886245,8.302211504582935,9.30484428617988,-10.90191655843039,-0.28830935446551165,-1.390304295317192,-1.8903683112458625,-0.20579202641266658,-0.6015934714976334,0.04592326466646923,-1.7554040420522914,-1.7603704994158988,0.7328447577016897,0.1895206199350633
Run_0615_222357,70.15709328651428,Phase_3_Final_Insertion,-0.11305057182421183,-0.601751462356247,0.17808487639245552,14.218314727572462,9.308860580017098,5.5927153868608395,-9.17753360090159,-0.11834400478087345,-1.5083789899754558,-1.9474402762440635,-0.20586384967779042,-0.601751462356247,0.04598619776995641,-1.7554955750930956,-1.7602292438430995,0.7329631718593576,0.1895206199350633
Run_0615_222357,70.25797748565674,Phase_3_Final_Insertion,-0.11303204579297094,-0.6017792815283931,0.1780274231468804,16.82690762081525,8.459862255339692,7.629994198326404,-12.383809560617223,-0.07607210416798561,-1.7406540365197096,-2.0830007793822385,-0.20581012421592418,-0.6017792815283931,0.04595867207272797,-1.755532252108086,-1.7602146508126066,0.7328094378128958,0.1895206199350633
Run_0615_222357,70.35894107818604,Phase_3_Final_Insertion,-0.11297117074750439,-0.6018726156407457,0.17808506302194715,16.372188658792055,9.103423328165164,10.95940053593452,-8.066460505094886,-0.014792455049587788,-1.2872285034073714,-2.492668619863825,-0.20580783660499619,-0.6018726156407457,0.046042474776708836,-1.7555636224641902,-1.7600279617658854,0.7328408131486256,0.1895206199350633
Run_0615_222357,70.46032977104187,Phase_3_Final_Insertion,-0.11285226951490293,-0.6015552439719685,0.17802216740717708,13.959224035899537,7.244853103877299,1.6748384806386931,-11.813845912802769,-0.14746168845596186,-1.901701525067273,-1.1981396795742412,-0.20567928682142145,-0.6015552439719685,0.04608207672886197,-1.7558143654029406,-1.7601596645560953,0.7331124433094612,0.1895206199350633
Run_0615_222357,70.56154704093933,Phase_3_Final_Insertion,-0.11296168655241082,-0.6015451857468096,0.17797935366451295,14.14813187868421,8.336649597212034,8.882366150946991,-7.19537912207939,-0.3161968121076689,-0.9310388574621258,-1.792564682038024,-0.20572638246285485,-0.6015451857468096,0.04597443331189702,-1.7553871897950954,-1.7602229214648677,0.733010076895719,0.1895206199350633
Run_0615_222357,70.66299366950989,Phase_3_Final_Insertion,-0.11295804995994288,-0.6018058456935382,0.17800369602884197,16.840088124147705,9.680935679246193,6.997602221894864,-11.870198631341037,-0.029763692356472613,-1.895633268388269,-2.0832509969533235,-0.20574102365454752,-0.6018058456935382,0.04599421742197868,-1.755512613572901,-1.7603418571454268,0.7330324999185709,0.1895206199350633
Run_0615_222357,70.76429033279419,Phase_3_Final_Insertion,-0.11297339701833599,-0.6017441022956307,0.1779605475808871,13.098000255016354,8.171286174463283,7.171942244111958,-7.3041726008190695,-0.21714204175858884,-0.9631537722335035,-1.8728776793340487,-0.20572136510346198,-0.6017441022956307,0.04595285485277106,-1.7553967288400818,-1.7602659242071037,0.7328738310439946,0.1895206199350633
Run_0615_222357,70.86548161506653,Phase_3_Final_Insertion,-0.11289391458016201,-0.6020105045933827,0.17804221935121103,19.295435061757523,9.507704420008874,11.687460452242915,-12.054901039058889,0.1593972233441814,-2.015317295749665,-2.766073592559085,-0.2057229131950715,-0.6020105045933827,0.046066808086416694,-1.7555997391075886,-1.7602282646400735,0.7328451343003765,0.1895206199350633
Run_0615_222357,70.96658825874329,Phase_3_Final_Insertion,-0.11289899720640646,-0.6013391333438011,0.1779377584056581,10.948702307979906,5.911549451329478,1.400339927212732,-9.108606556521393,-0.37450497463905497,-1.2180344127154097,-0.7716964795172141,-0.20565264211158552,-0.6013391333438011,0.04598934908396335,-1.7556182578948516,-1.7601703893774334,0.7329623575129715,0.1895206199350633
Run_0615_222357,71.06768131256104,Phase_3_Final_Insertion,-0.1129948185006233,-0.6016859326459323,0.1780269773710561,17.435845516590287,9.45118794256989,9.55757991168822,-11.105693205933473,-0.11049008808660449,-1.955532330972346,-2.359017738523401,-0.2057834853339517,-0.6016859326459323,0.045984680532483946,-1.7555286987230132,-1.7602416658157156,0.7329428463762084,0.1895206199350633
Run_0615_222357,71.16903328895569,Phase_3_Final_Insertion,-0.11307278673927798,-0.60163334012777,0.17794883947362763,13.334193706696952,7.028588405205299,6.813689507423946,-9.053910875105359,-0.32264991790975556,-0.9773332019874831,-1.4943500451489882,-0.20578336536708228,-0.60163334012777,0.04587429682507471,-1.7553990957166077,-1.7602096884645704,0.73280463231054,0.1895206199350633
Run_0615_222357,71.27016949653625,Phase_3_Final_Insertion,-0.11289212517705224,-0.6019768635218767,0.17807468890673156,16.732465362741127,10.610386423362417,7.244130514718124,-10.719965958340902,0.16146338418060663,-1.9622935567923274,-2.6124926232823094,-0.20574460733888897,-0.6019768635218767,0.04609103282838056,-1.755613489974252,-1.760255735083108,0.7330050574306713,0.1895206199350633
Run_0615_222357,71.3714349269867,Phase_3_Final_Insertion,-0.11291304358620875,-0.6015087651358589,0.1779842284191814,14.677554374385556,7.93582223612882,6.204304231070497,-10.675201958648307,-0.2933089683559996,-1.45427893634921,-1.441996146754509,-0.205695433663679,-0.6015087651358589,0.046012276055238194,-1.7556224021242424,-1.7601618387613769,0.7329340313142948,0.1895206199350633
Run_0615_222357,71.47278809547424,Phase_3_Final_Insertion,-0.11285776518473954,-0.6016122758330391,0.17801000499319342,14.420548012966227,9.646469065970695,1.9534048955243322,-10.53954690049227,0.012443591335666528,-1.8106477241783352,-1.7125011011851785,-0.20567457272142664,-0.6016122758330391,0.04606959057804988,-1.7556628014206295,-1.7602204591293242,0.7330198448191325,0.1895206199350633
Run_0615_222357,71.57397508621216,Phase_3_Final_Insertion,-0.11286716476594272,-0.6015517138200985,0.17793567278856334,19.16992061497248,8.462744258849138,14.567547869964441,-9.14627602087086,-0.2720094692459704,-1.0788173262373237,-2.3391351409812247,-0.20562865842308126,-0.6015517138200985,0.04601038326448634,-1.7553550249607346,-1.7602161022733303,0.7327570042195558,0.1895206199350633
Run_0615_222357,71.67506742477417,Phase_3_Final_Insertion,-0.11196787749680241,-0.6013555742286204,0.17793163149498464,17.302048197355305,14.66767553500317,0.16005046675309537,-9.175758828106126,-0.06829203316234675,-1.4965985429867104,-1.3408487866749725,-0.20498990867074313,-0.6013555742286204,0.0466434177646359,-1.7557665340397837,-1.7603956944132337,0.7336151129193125,0.1895206199350633
Run_0615_222357,71.77589654922485,Phase_3_Final_Insertion,-0.11112091002370324,-0.6012105918276966,0.17786944504029814,19.89934517978877,13.309744192864807,9.29643415905596,-11.506996134144725,-0.357796073148092,-1.2846065301167109,-1.5553191668992075,-0.2043470397632635,-0.6012105918276966,0.04719834174450199,-1.755578538757421,-1.760308969491374,0.7330593687717035,0.1895206199350633
Run_0615_222357,71.87708711624146,Phase_3_Final_Insertion,-0.10989083372929062,-0.601256076074889,0.17779728710046727,20.55547209457215,18.472173520262952,3.561210486772652,-8.283961512279683,-0.29372413794845487,-1.1738229218046226,-1.5870533286269302,-0.20342622110553665,-0.601256076074889,0.048017113665087124,-1.755533894401393,-1.760388081267524,0.7332298752646492,0.1895206199350633
Run_0615_222357,71.9784255027771,Phase_3_Final_Insertion,-0.1084834622081278,-0.6009377455102384,0.17763382354044593,18.087062337931616,11.418575746558313,9.311488881972963,-10.490668555303255,-0.5808444818917695,-1.35587004410368,-2.1930150279472653,-0.20231547296750563,-0.6009377455102384,0.048896689419582196,-1.7554505505390334,-1.7602460066612773,0.7327886851174807,0.1895206199350633
Run_0615_222357,72.07951784133911,Phase_3_Final_Insertion,-0.1079323844790864,-0.6004328628831808,0.17760021477634763,14.309715875422398,10.3277223719382,5.098023171891964,-8.492130403045847,-0.8328196350970019,-1.0029386533102778,-1.4055672552247989,-0.20190203718333835,-0.6004328628831808,0.04926259523374704,-1.7556351704837618,-1.7600006723942359,0.7327095212088555,0.1895206199350633
Run_0615_222357,72.18016171455383,Phase_3_Final_Insertion,-0.10816829312460083,-0.6006171621160303,0.17759627142594303,12.804705420972812,8.651299803989906,6.806596541280562,-6.541080655641102,-0.6492943420332149,-0.6850337016992762,-1.7395346357053212,-0.20206606141651046,-0.6006171621160303,0.04909299426095157,-1.7555421587346052,-1.7598285681714818,0.732660807740393,0.1895206199350633
Run_0615_222357,72.28043055534363,Phase_3_Final_Insertion,-0.10863987020504008,-0.6008728015904822,0.17714248682218606,16.935224242710486,4.810078402193486,5.3889428152002585,-15.317449567409787,-0.7378395776921354,-2.156778317771862,-1.5518462023200998,-0.20207864259742658,-0.6008728015904822,0.04843866473900621,-1.7554282392200613,-1.7605574402665425,0.7323458738015727,0.1895206199350633
Run_0615_222357,72.38152170181274,Phase_3_Final_Insertion,-0.10940485852963389,-0.6009474794873447,0.17691827695380566,21.083979127615407,12.579897085076798,3.752108622815197,-16.498546786465596,-0.8573083732715254,-2.645529079959079,-1.4826883028151674,-0.2024610307109347,-0.6009474794873447,0.04773919598881668,-1.7553863547498998,-1.760479792578345,0.7328195624720688,0.1895206199350633
Run_0615_222357,72.48216843605042,Phase_3_Final_Insertion,-0.11001292698446766,-0.6011521568848475,0.17643139468788777,20.72397719994836,3.4921014496532656,3.6476123119672472,-20.099337871454722,-0.6557615048335944,-3.291699141102471,-1.343093860731802,-0.20254672228690326,-0.6011521568848475,0.04696494890910807,-1.7551806123089326,-1.7604401857519185,0.7325360572576273,0.1895206199350633
Run_0615_222357,72.58277344703674,Phase_3_Final_Insertion,-0.11054169743415135,-0.6014017246938707,0.17637102003315464,21.8109329296944,4.840136656561197,4.837723970478445,-20.709570232018297,-0.28346523272494434,-3.602505304536285,-1.7492320651865862,-0.20287792812979208,-0.6014017246938707,0.04654836041067209,-1.755526090718537,-1.760222606568778,0.7330979342366991,0.1895206199350633
Run_0615_222357,72.68333148956299,Phase_3_Final_Insertion,-0.11163737416554961,-0.6010550250706004,0.17600387940082557,21.533113751413943,7.757077321132847,6.118737616894947,-19.132793555591757,-0.657505759608583,-3.323188300138146,-1.503974968369161,-0.2033930809457831,-0.6010550250706004,0.04551399233314307,-1.7555173691455175,-1.7600869442940166,0.732746888271072,0.1895206199350633
Run_0615_222357,72.78487753868103,Phase_3_Final_Insertion,-0.11207558393239561,-0.6012011052880135,0.17580321182982728,24.515923282061358,5.994898507753425,2.526126083484203,-23.637055088652534,-0.5264878107970575,-4.205907418118194,-1.6693305790468718,-0.20356104864328495,-0.6012011052880135,0.045062237835206964,-1.7555852719294929,-1.7602970436342134,0.7329196837318592,0.1895206199350633
Run_0615_222357,72.8851625919342,Phase_3_Final_Insertion,-0.11149868811939594,-0.6012264741312513,0.17566464174068663,25.686649829183985,15.636455695840562,6.115750279748275,-19.439723023615635,-0.3644894360334989,-3.3464789159770465,-1.7902105096373364,-0.20305513785217377,-0.6012264741312513,0.04537218092691617,-1.755429609067421,-1.760518663470141,0.7334880968978499,0.1895206199350633
Run_0615_222357,72.98686742782593,Phase_3_Final_Insertion,-0.10991646989366836,-0.6010976324115639,0.1756498567862964,25.087700179595604,14.956554933087524,4.561959272561115,-19.618427368938374,-0.22245815758338466,-3.589808467850555,-1.8600695371123923,-0.201925886073936,-0.6010976324115639,0.04648052362213623,-1.75575045084946,-1.760357064194545,0.7333486962173509,0.1895206199350633
Run_0615_222357,73.08919429779053,Phase_3_Final_Insertion,-0.10912718718221313,-0.6007382521161673,0.17502720392322194,26.795431040540077,8.97431444786319,3.0579996040217634,-25.06203190607289,-0.7266207265330643,-3.956698866378834,-1.2101243865612776,-0.20092749685458752,-0.6007382521161673,0.046598348717874355,-1.7553606886071285,-1.7603656863525723,0.7322773455967767,0.1895206199350633
Run_0615_222357,73.19097757339478,Phase_3_Final_Insertion,-0.10884612480744517,-0.6008347195498213,0.17468955101421943,27.441835499457444,11.322867763678092,6.235356374518324,-24.206762114506265,-0.5689690193035035,-4.376229091496425,-2.247817950858767,-0.20048999908180964,-0.6008347195498213,0.04655833316736613,-1.7553231356284213,-1.7602146625179687,0.7322560182489234,0.1895206199350633
Run_0615_222357,73.29161357879639,Phase_3_Final_Insertion,-0.1088160943003706,-0.6007536877911159,0.17429196532881505,28.348092374194266,4.045763495751881,5.946731686025407,-27.420476313272058,-0.561604947369088,-5.046365963565133,-1.9835852402682697,-0.20018762877236262,-0.6007536877911159,0.04629843240830889,-1.7554073549277196,-1.7602153074983824,0.7324311648375825,0.1895206199350633
Run_0615_222357,73.39295697212219,Phase_3_Final_Insertion,-0.10991268081429027,-0.6011981152872344,0.17383871324459466,32.225717520911445,4.18996263323204,4.9277522608933335,-31.569896112039373,-0.5524212144624202,-5.680152017028784,-1.896197532762689,-0.20064253491017375,-0.6011981152872344,0.04520253102581939,-1.755456171199708,-1.7602602566117975,0.7326961014413993,0.1895206199350633
Run_0615_222357,73.4952871799469,Phase_3_Final_Insertion,-0.11026533071847129,-0.6011933949801468,0.1733482028731692,32.26488797491241,4.8854961676836215,3.5847613945328485,-31.6907622024694,-0.46925559389693977,-5.738759546616851,-1.7143455434085193,-0.20054505283892768,-0.6011933949801468,0.04460632667731093,-1.7554008462125208,-1.76044215140727,0.7328963102761653,0.1895206199350633
Run_0615_222920,6.49187970161438,Phase_0_Cal_Plunge,0.1006813679527429,-0.5993648549884177,0.30094410888788403,0.40934249798035177,-0.35418679646536994,-0.021310415955766063,0.20410502206997538,-0.0017254147542258486,0.01055364693444395,-0.00518989132279758,-0.14160714213424305,-0.5993648549884177,0.283992098171288,-1.7558232041553292,-1.759149159794216,0.7331272325375185,0.18809970222979883
Run_0615_222920,6.592833995819092,Phase_0_Cal_Plunge,0.10088180994291979,-0.5994290803349622,0.2985171367857865,1.7084429024835297,-0.6787635808512915,-0.11597751394885968,1.563523702607198,0.03061507947198193,0.0867371184445407,-0.0018869284743393486,-0.13974927981261076,-0.5994290803349622,0.2824177036306329,-1.7558228361561516,-1.7593933261672177,0.7334448298163786,0.18809970222979883
Run_0615_222920,6.694333791732788,Phase_0_Cal_Plunge,0.1007924362285476,-0.5993828833298028,0.29346608857731427,0.2716384417562944,-0.23759131184916166,-0.05027723853356832,-0.12169638802783277,0.024384204761736222,-0.012492858099694741,0.0099554970585054,-0.13624084613179227,-0.5993828833298028,0.2787828764308296,-1.7558957170135392,-1.7592717634164652,0.7332493082799972,0.18809970222979883
Run_0615_222920,6.794422388076782,Phase_0_Cal_Plunge,0.10071898918372747,-0.5993637373731341,0.2884288748058376,0.6656533057367903,-0.6260683962489412,0.16868876539281807,-0.15058813727130854,0.016079887860494663,-0.009267391701670473,-0.007338853418243269,-0.1327309330191453,-0.5993637373731341,0.27516909351128177,-1.7557596784086646,-1.759276147338314,0.7331090436320706,0.18809970222979883
Run_0615_222920,6.896543741226196,Phase_0_Cal_Plunge,0.1007299057881564,-0.5993714828674854,0.2833773627277973,0.29664362171716624,-0.22675545449322204,-0.1735377922848735,0.08039923390145967,0.01399140926577656,0.007029579067587229,-0.010693796254632851,-0.129151255368498,-0.5993714828674854,0.27160485427067294,-1.7558378047690284,-1.7591781092777667,0.7332274087503677,0.18809970222979883
Run_0615_222920,6.996838569641113,Phase_0_Cal_Plunge,0.10068359022366388,-0.5993660099295954,0.2783915615974176,0.7090650727242281,-0.3819292160794246,0.4762111432273647,0.3607302292967107,0.02161377797763763,-0.007721426326784523,-0.017197048212780907,-0.12565851162928612,-0.5993660099295954,0.2680466104320068,-1.7558343372257275,-1.7591112519870673,0.7331549363976095,0.18809970222979883
Run_0615_222920,7.0986223220825195,Phase_0_Cal_Plunge,0.1006843943873412,-0.59936101419469,0.2732850088860011,0.41748628030270196,-0.05849838537816245,0.3467017898803958,-0.2251013150624938,0.020682408444230613,-0.013197453440626773,-0.017686775851315714,-0.12204706494896753,-0.59936101419469,0.264436301010867,-1.7558876991560284,-1.7591470513144774,0.7331346508884466,0.18809970222979883
Run_0615_222920,7.199837923049927,Phase_0_Cal_Plunge,0.10068364111745365,-0.599377646441654,0.26814003079557813,0.2646090129770922,-0.22117696429951358,0.11154795168454379,0.09303620094858425,0.006733679338398494,0.006644998596664585,0.008041928429525908,-0.11840954869441879,-0.599377646441654,0.26079771947182717,-1.7557150776178152,-1.759199748273831,0.7331159448180701,0.18809970222979883
Run_0615_222920,7.301044464111328,Phase_0_Cal_Plunge,0.10073370762173216,-0.599378263224709,0.26306466114703736,0.22683118560519802,0.01345159901244441,0.06817685622005844,0.21592442548960894,0.017780785596128494,-0.0013879020058452552,0.018575645119323234,-0.1147853180342216,-0.599378263224709,0.25724429354100126,-1.7557275518706983,-1.7593117446327544,0.7331317053124569,0.18809970222979883
Run_0615_222920,7.402849197387695,Phase_0_Cal_Plunge,0.1006826654863968,-0.5993655896330569,0.2580590187569701,0.4349973958801071,-0.3718376473894913,0.07811561253312939,0.21179577305720004,0.021274473581472903,-0.01121358257124035,0.0027196210039823364,-0.1112818865960321,-0.5993655896330569,0.253668677622768,-1.7558831175656064,-1.7591472380934972,0.7331103930548606,0.18809970222979883
Run_0615_222920,7.504309177398682,Phase_0_Cal_Plunge,0.10071286708406256,-0.599366395721582,0.25299437778139616,0.505628835037392,-0.45775174651370176,-0.00725984306402827,0.21464191590556472,0.008712003160212763,-0.0018414371072605603,0.006154804731385771,-0.10767928886341635,-0.599366395721582,0.2501087913991765,-1.7558596368146016,-1.7591599095677957,0.7331957900418149,0.18809970222979883
Run_0615_222920,7.6059675216674805,Phase_0_Cal_Plunge,0.10068664000813803,-0.5993556099831713,0.24785391899543435,0.5393661744981676,-0.23625723571097287,0.4647368622349024,0.13826799212780563,0.004401751700662229,-0.006610749561365009,0.0019869097019127296,-0.10406298094068972,-0.5993556099831713,0.24645539278997602,-1.755798992294917,-1.759173026211193,0.7331176812863613,0.18809970222979883
Run_0615_222920,7.70598840713501,Phase_0_Cal_Plunge,0.100689489199462,-0.5993572916101417,0.24289568673053985,0.4327099609155488,-0.1600346614517365,0.29069167021632075,0.27771418810786325,0.012892336949948142,0.00018598401478330076,-0.014757779187075853,-0.10055496660097882,-0.5993572916101417,0.24295140781527727,-1.755897126256953,-1.7590890605626073,0.733175645586208,0.18809970222979883
Run_0615_222920,7.807649850845337,Phase_0_Cal_Plunge,0.1007717754969421,-0.5993848020859704,0.2378526893262969,0.49381774026248326,-0.3298582766616561,0.3381242612179898,0.14394951160575825,0.01749398839505465,-0.008680380710644335,0.0005263879500929623,-0.09693084373998556,-0.5993848020859704,0.23944365535217785,-1.7558022664849178,-1.7592664978275299,0.7332575099535895,0.18809970222979883
Run_0615_222920,7.909233808517456,Phase_0_Cal_Plunge,0.1007504835718553,-0.5993607818883305,0.23278992185530623,0.42043219381006874,-0.3732116656767368,-0.07568033062717354,-0.17818184461640454,0.010064488004751345,-0.005496416538364359,0.006634748247864118,-0.09336598219429076,-0.5993607818883305,0.23584868247725627,-1.7558450762746836,-1.7592168351563402,0.7332527913460134,0.18809970222979883
Run_0615_222920,8.011318683624268,Phase_0_Cal_Plunge,0.10070290409475323,-0.599373068346979,0.22764223246781606,0.3474232845644475,-0.2713184009008874,0.2164054393286266,-0.016060816265636334,0.002269899835097275,-0.004380031593746122,0.01713421807143988,-0.08975965989185862,-0.599373068346979,0.23217507263301576,-1.7558248130781733,-1.7592089029606228,0.7331356492746288,0.18809970222979883
Run_0615_222920,8.112777471542358,Phase_0_Cal_Plunge,0.10072642195719503,-0.5993853252389459,0.22256672506769234,0.50456757957536,-0.48540931215476646,-0.03815269745894131,0.13232767552020366,0.010041390244952412,-0.0027966626451428203,0.011581769938055634,-0.08615410455125702,-0.5993853252389459,0.22860277657243738,-1.7558838852987113,-1.7591911205712714,0.7332135724990092,0.18809970222979883
Run_0615_222920,8.213276147842407,Phase_0_Cal_Plunge,0.10065142734862084,-0.5993660960661555,0.21754848959557319,0.617398887703045,-0.6065147913199005,-0.09406384712290335,-0.06688188926438658,0.01612950399404494,-0.0020244290790202737,-0.0053444197547158085,-0.08265870541560595,-0.5993660960661555,0.22500131904423581,-1.7558127423352274,-1.75914397091015,0.7330436335478919,0.18809970222979883
Run_0615_222920,8.31510853767395,Phase_0_Cal_Plunge,0.10070568950768008,-0.5993629466771498,0.21245149044243755,0.27877259629879064,-0.2533446212362984,0.11620834677875139,0.005126741338751657,0.010514789963053979,0.0013791412848077715,0.0008978925317008434,-0.07901621361008902,-0.5993629466771498,0.2214355655199841,-1.755787528637451,-1.7592257744598216,0.7331184199013822,0.18809970222979883
Run_0615_222920,8.416992902755737,Phase_0_Cal_Plunge,0.10072936816736686,-0.5993690929963659,0.2073417556512835,0.42003227022198636,-0.25523953185402165,0.12888379389049343,0.30768304646042566,0.006382076646608666,-0.00909390663651193,-0.0024756853774356583,-0.07538634214836525,-0.5993690929963659,0.2178391807399282,-1.7558222519954798,-1.7592239026390655,0.7331852745651347,0.18809970222979883
Run_0615_222920,8.518744945526123,Phase_0_Cal_Plunge,0.1006841374962322,-0.599363900660331,0.20227693378819936,0.2838946309130962,-0.2750888172693651,-0.04859083032484884,0.05060864830211045,0.01664484471171125,-0.004081818378410569,0.00639743163588217,-0.07183695517775351,-0.599363900660331,0.2142258279407626,-1.7559026839481362,-1.7591165739534635,0.7331590181727144,0.18809970222979883
Run_0615_222920,8.619322061538696,Phase_0_Cal_Plunge,0.10070795933192918,-0.5993607684115513,0.19728667025929056,0.2825810218784646,-0.2759863231240506,0.013450213286046975,0.059183402545851284,0.009579304542444626,-0.0065188392713834255,-0.010901713455474287,-0.06829146141499254,-0.5993607684115513,0.2107140233411249,-1.7559113833735762,-1.7591389771567643,0.7331802455706885,0.18809970222979883
Run_0615_222920,8.721242904663086,Phase_0_Cal_Plunge,0.10067122554612354,-0.5993530505177871,0.19219913594756807,0.3127327031447007,-0.21561287147682653,0.05756362922750758,0.21908733842891742,0.015764058937668576,-0.000960109218561325,-0.02125972250287412,-0.06472000611269615,-0.5993530505177871,0.20709061862074488,-1.7558935353211342,-1.7591111183902504,0.7330865504852361,0.18809970222979883
Run_0615_222920,8.82138442993164,Phase_0_Cal_Plunge,0.10066272334718152,-0.5993486411453398,0.18715876350419247,0.6896480393226518,-0.287469273713423,0.501994783835497,0.37546913563461864,0.016460021901111718,0.017054110666787296,-0.007056054757568712,-0.06116193654080637,-0.5993486411453398,0.20352052512380128,-1.7557848882808396,-1.75913841323067,0.7330874966025913,0.18809970222979883
Run_0615_222920,8.923190832138062,Phase_0_Cal_Plunge,0.10071128171401765,-0.5993763687137004,0.18194568300954056,0.26948203212389277,-0.0389980780489081,-0.1721837010699987,-0.20359884241309276,0.02407282201989733,-0.01255066401369732,0.003953376870886627,-0.057441396021693486,-0.5993763687137004,0.19986865650563476,-1.7556205196162964,-1.759302001992633,0.7331226725656943,0.18809970222979883
Run_0615_222920,9.023273468017578,Phase_0_Cal_Plunge,0.10069058968036333,-0.5993846180247536,0.17704329010066563,0.2836267680874302,-0.1988341271499312,-0.10709482377109909,0.1715803956682789,0.019064131000734806,-0.004748084960680502,-0.004635816472195881,-0.0539895122291007,-0.5993846180247536,0.19638750975841496,-1.7558279260178133,-1.7591973238834293,0.7331110568390804,0.18809970222979883
Run_0615_222920,9.124325037002563,Phase_0_Cal_Plunge,0.10075612822552449,-0.5993886321884412,0.17197688495671193,0.31586903484762385,-0.31515031516567277,0.018343068222078106,0.010819328756754357,0.014256384479373066,-0.007217643548908114,-0.01626647157148291,-0.050360680045860085,-0.5993886321884412,0.19285136307459944,-1.7558741058338572,-1.759243301292555,0.7332313821209713,0.18809970222979883
Run_0615_222920,19.943110942840576,Phase_1_Yield_to_45,-0.15916621892796967,-0.5997560717209404,0.26059559842856794,0.2949836030224442,0.18304296674930948,-0.17936301193232357,0.14608048578191168,-0.0027275929244352792,0.0025934700945409775,-0.0020319130429312595,-0.2968164275359968,-0.5997560717209404,0.07172140205641686,-1.755148070756147,-1.7616205116455026,0.732138366827976,0.18809970222979883
Run_0615_222920,20.045265913009644,Phase_1_Yield_to_45,-0.1575543247176388,-0.5997283654764208,0.25970961769781875,0.4149270088537509,-0.3074125488651754,-0.19575279988500657,0.198350167163321,0.043275523528154974,0.02037501517866019,-0.014497606625140737,-0.2950501632266031,-0.5997283654764208,0.07223470040038377,-1.7548682235048234,-1.7618858888402718,0.731983884023978,0.18809970222979883
Run_0615_222920,20.14729404449463,Phase_1_Yield_to_45,-0.15576118448125598,-0.5996450718349962,0.25898433332425247,0.26979712269947614,0.12219854104592749,-0.1802901775474319,0.1592276856048547,0.029274868244165954,0.012090961926519166,0.020016584379743674,-0.293269368107001,-0.5996450718349962,0.07298978852231117,-1.754977137281657,-1.7617494907619011,0.7317727849947769,0.18809970222979883
Run_0615_222920,20.24811100959778,Phase_1_Yield_to_45,-0.1538328511932776,-0.5997214125965549,0.25828047606159893,0.502566333577511,0.27413946485413726,-0.3606652088620339,0.21758005554630883,0.02772470151532848,-0.002582229886167975,0.003018026372270593,-0.29140812831927404,-0.5997214125965549,0.07385562382321872,-1.7550364768669187,-1.7617725887371942,0.7320219975583687,0.18809970222979883
Run_0615_222920,20.34935760498047,Phase_1_Yield_to_45,-0.1519720986571792,-0.5996884935826753,0.25750943683801136,0.4454120840368947,-0.0904616148058149,-0.08965494194607647,0.426814493940236,0.03614630523696377,0.006010483899298422,-0.0065330324002084075,-0.2895471705193292,-0.5996884935826753,0.0746261674960444,-1.7550822167176803,-1.761679366852389,0.731994098450909,0.18809970222979883
Run_0615_222920,20.449952125549316,Phase_1_Yield_to_45,-0.15016109888158002,-0.5996797550752914,0.25672992237032966,0.41988089481548774,0.332178700896769,-0.2552457848752193,0.028405383381021596,0.03537108330380112,-0.00963425713425535,0.0025187973292134826,-0.28771540033114495,-0.5996797550752914,0.0753555377519671,-1.7551084622569724,-1.7616805555704715,0.7319523931414686,0.18809970222979883
Run_0615_222920,20.551029443740845,Phase_1_Yield_to_45,-0.14822330156876568,-0.5996869070452859,0.2559992169342313,0.8505240419782858,-0.3251453951902772,-0.19599314863070064,0.7610902073075592,0.039710282440528724,0.07910699833984845,-0.009251246625766053,-0.2858284839417738,-0.5996869070452859,0.07620908060350817,-1.7551469050134825,-1.7616345926341772,0.7321288669635024,0.18809970222979883
Run_0615_222920,20.651936769485474,Phase_1_Yield_to_45,-0.14635914006543788,-0.5996786876308658,0.2551584362073911,1.1364468616838905,-0.8685892036662218,-0.045219936764424914,0.7314502184186316,0.02792710202886414,0.2089031432746279,-0.003732564519033378,-0.28391580094810415,-0.5996786876308658,0.0769327200902985,-1.7550492820543415,-1.7617709217889035,0.7320639561327063,0.18809970222979883
Run_0615_222920,20.753698587417603,Phase_1_Yield_to_45,-0.1445448203278622,-0.5996682695471177,0.2543716224359745,2.275285973917794,-1.542074341667831,-0.2566180972910991,1.6532029941962563,0.022269799956894893,0.33527585618867756,-0.0011062701527007142,-0.28207652180512416,-0.5996682695471177,0.07765927652667923,-1.755082419293697,-1.7616781134933912,0.7320110172707587,0.18809970222979883
Run_0615_222920,20.855392932891846,Phase_1_Yield_to_45,-0.14270306091157245,-0.599617252629342,0.25356669648103064,2.3691376339590406,-1.779295396556851,0.0949514899286981,1.561379273268657,0.02348387083809092,0.4580693580853576,-0.002648819907829543,-0.2802050326314577,-0.599617252629342,0.07839242849815803,-1.7550642827255671,-1.761670824296466,0.73188557477977,0.18809970222979883
Run_0615_222920,20.955591440200806,Phase_1_Yield_to_45,-0.14081227415763145,-0.599610925853979,0.2528310561285043,2.514268578284499,-2.085307687982519,-0.04546029677243677,1.4039129928906264,0.029962993808942445,0.4679992872105264,-0.013420294936846662,-0.27834786821418245,-0.599610925853979,0.07920924035186158,-1.7550896306645358,-1.7616258152656223,0.7320000900686647,0.18809970222979883
Run_0615_222920,21.05653476715088,Phase_1_Yield_to_45,-0.13891349570025951,-0.5996242324227338,0.2520446215142463,2.48172666345835,-2.112059286029201,-0.07907080811015575,1.3007384870613863,0.021014855801384315,0.48871887582778434,-0.006126854190493505,-0.27644913584230213,-0.5996242324227338,0.07999578622633852,-1.7550677494736264,-1.7616940636413727,0.7320373477661588,0.18809970222979883
Run_0615_222920,21.158624172210693,Phase_1_Yield_to_45,-0.13707861448435166,-0.5995940763738907,0.25124334062911696,3.208205653330822,-2.499686825990357,-0.04565443765552672,2.0104887361923858,0.022972277217979217,0.6155098996318468,-0.0013358509048039904,-0.27458508774435175,-0.5995940763738907,0.08072665202926871,-1.755065340564738,-1.7616228402770204,0.7319564409432251,0.18809970222979883
Run_0615_222920,21.260133028030396,Phase_1_Yield_to_45,-0.1351901787030148,-0.5996010924005618,0.25047027023757923,3.614737853277793,-2.7055005217901806,0.45546955595329464,2.3535386459780336,0.03425149127017172,0.6387459810029625,-0.02537940722939062,-0.2727031186813423,-0.5996010924005618,0.08151533445989642,-1.7551065904724756,-1.761689728999768,0.7320213223239124,0.18809970222979883
Run_0615_222920,21.361621856689453,Phase_1_Yield_to_45,-0.13330782937926242,-0.5995893749413502,0.24970603854619203,2.88044850298847,-2.611865513099026,-0.7332040194112212,0.9682737142831624,0.03982759055281358,0.5733571785434134,0.003040950123496935,-0.27083170329857753,-0.5995893749413502,0.08230596301990611,-1.7551960007868208,-1.7616221612776801,0.7320546056034557,0.18809970222979883
Run_0615_222920,21.4633469581604,Phase_1_Yield_to_45,-0.13146283493087388,-0.5995801350948454,0.24886989809966467,2.9615762892900195,-2.6294641513795978,-0.34484559133973136,1.3183072145854184,0.03228285109646774,0.6073132794771429,-0.013141368733420002,-0.2689358546331066,-0.5995801350948454,0.08301933052584934,-1.7550562556489557,-1.7616887389695712,0.7319691237791531,0.18809970222979883
Run_0615_222920,21.564154386520386,Phase_1_Yield_to_45,-0.12960446143663779,-0.599572122266742,0.24807975109275482,3.087342923502616,-2.9022543998959867,-0.7508790931282902,0.7380964117843298,0.03308532207215409,0.6076569683293214,0.03719474136522407,-0.2670630678266347,-0.599572122266742,0.0837746807188808,-1.7550786098913236,-1.7617263809827746,0.7319434249022934,0.18809970222979883
Run_0615_222920,21.665525674819946,Phase_1_Yield_to_45,-0.12765285244469235,-0.599597706537218,0.2473349672760563,3.1864594074073627,-2.796601225356784,-0.24847769794283509,1.5069187021909465,0.02536237341846292,0.6798228714745561,-0.012676654027196031,-0.26515643018689994,-0.599597706537218,0.08462803498400454,-1.755063514093334,-1.7617245681039566,0.7321417932814875,0.18809970222979883
Run_0615_222920,21.766350984573364,Phase_1_Yield_to_45,-0.1258487019372821,-0.5995609361569585,0.24654872618642937,3.612977924587008,-3.074136091533612,-0.3984494185611567,1.8559458060869582,0.020236158314620983,0.7032242756653827,0.012126714184185598,-0.2633247467227063,-0.5995609361569585,0.08534780563595279,-1.7550478548493265,-1.7617217577344946,0.7320406852892185,0.18809970222979883
Run_0615_222920,21.867310285568237,Phase_1_Yield_to_45,-0.1240096217142306,-0.5995278005410366,0.24582019654685008,5.219514978781182,-2.73405830136559,-0.003450402176332144,4.446150010197569,0.027809562624863626,1.0093772453705847,0.005778832578829822,-0.2615091723773986,-0.5995278005410366,0.08613308348437668,-1.755065497894256,-1.7615222794685947,0.7320791827505215,0.18809970222979883
Run_0615_222920,21.96822166442871,Phase_1_Yield_to_45,-0.12216884989994717,-0.5995154159457582,0.24502133293449835,3.331382648695692,-3.104577149171044,-0.06558508589871727,1.2064036113106489,0.021404794230554375,0.7397054893377882,0.014873350945885301,-0.25964266826736465,-0.5995154159457582,0.08686982383933645,-1.7550886324729422,-1.761787198422975,0.7318564757064682,0.18809970222979883
Run_0615_222920,22.06890320777893,Phase_1_Yield_to_45,-0.12025103564701727,-0.5995189825476646,0.2443490180251089,3.6437086301978567,-3.079189113689665,-0.09214394874163734,1.945948734325674,0.03745938940219424,0.8204467022652107,-0.010459663223690888,-0.2578111703725396,-0.5995189825476646,0.08775052487111729,-1.7551265183581761,-1.7616176112995137,0.7321011658765503,0.18809970222979883
Run_0615_222920,22.170889854431152,Phase_1_Yield_to_45,-0.11836212191909755,-0.5995169522350204,0.24355492091906156,4.015228037239371,-3.227374970577338,-0.38367136711065924,2.3577326549851865,0.02608921400120778,0.8611055462069892,0.007838752047591638,-0.2559139952178445,-0.5995169522350204,0.08852467712859899,-1.7550969775343508,-1.7616438210906096,0.7321010054340343,0.18809970222979883
Run_0615_222920,22.272457122802734,Phase_1_Yield_to_45,-0.1165493740598142,-0.5995107797468144,0.24272065495581366,4.029252778665196,-3.474564936334878,-0.5942976113560456,1.9516881940284174,0.02405929754876395,0.8379030441263852,0.013085228197571089,-0.25404227379403815,-0.5995107797468144,0.08921656831255392,-1.7550796478334754,-1.761681990424113,0.732010256083164,0.18809970222979883
Run_0615_222920,22.37344741821289,Phase_1_Yield_to_45,-0.11466189241869772,-0.5994991713246505,0.24216614738478964,7.116351920263581,-2.9996499569585615,0.4480379486132344,6.43768800000125,0.028508586060409912,1.489766848185946,0.00750281911517924,-0.2523155266625492,-0.5994991713246505,0.09015912331666215,-1.7551506199184395,-1.7615249747659145,0.7321561469663329,0.18809970222979883
Run_0615_222920,22.475412607192993,Phase_1_Yield_to_45,-0.11279516723995693,-0.5994598759650066,0.24146376087057073,4.3028242168553685,-3.980189053386325,0.33630936917862586,1.5997772809561213,0.018932478607457105,0.8567472285279447,-0.00764664976377448,-0.25049889036283174,-0.5994598759650066,0.09098243508194326,-1.7551074061161693,-1.7617931020552353,0.7318694099467221,0.18809970222979883
Run_0615_222920,22.57630968093872,Phase_1_Yield_to_45,-0.1109345014683831,-0.5994755230761362,0.24071228572775222,4.661152558575638,-3.595621004221586,-0.36563219093781796,2.943495518812077,0.03339228033576936,1.0026503232305486,0.02984924086358047,-0.24865182780885012,-0.5994755230761362,0.09176675129716472,-1.755081038497537,-1.7617019896481372,0.7320323840161139,0.18809970222979883
Run_0615_222920,22.678622484207153,Phase_1_Yield_to_45,-0.10901912318539371,-0.5994683117444698,0.23987439360829024,4.316718868785289,-3.364955001851871,-0.3255509755925321,2.6842422003108752,0.027393158265159246,1.0144318511615664,0.009580250307092114,-0.24670497163683652,-0.5994683117444698,0.09252864907002961,-1.7550373401297248,-1.7617101018689705,0.7320264433025939,0.18809970222979883
Run_0615_222920,22.7807936668396,Phase_1_Yield_to_45,-0.10715784394648108,-0.5994366878669163,0.2390908235246461,4.76401212968409,-3.6066320825686438,-0.006287804894505507,3.1125515347176687,0.029781828065479635,1.0484746885716596,0.009589487104238438,-0.24483478074563997,-0.5994366878669163,0.0932907045218668,-1.755062868053188,-1.7616842751951987,0.7319967368091861,0.18809970222979883
Run_0615_222920,22.88164973258972,Phase_1_Yield_to_45,-0.10533355567482469,-0.5994222273836907,0.23829940340431843,4.616261415618076,-3.9515688086463467,-0.3125562742762938,2.3658575576877006,0.032983402483909276,1.0040524532122261,-0.0017366853852118236,-0.2429851956040615,-0.5994222273836907,0.09402105259574295,-1.7551316215258699,-1.7616647590479788,0.7319790355737243,0.18809970222979883
Run_0615_222920,22.982362508773804,Phase_1_Yield_to_45,-0.10345787133281666,-0.599412257327131,0.23768818802185235,6.506945035980868,-3.274481966226121,0.3251311920805042,5.613589872984336,0.03525019926153603,1.4610123408861855,-0.03303458696395538,-0.24122669194475488,-0.599412257327131,0.09491516717163495,-1.755106572866809,-1.7615403048681253,0.7321515227615278,0.18809970222979883
Run_0615_222920,23.082473516464233,Phase_1_Yield_to_45,-0.10155152130032472,-0.5994444736646222,0.23713210872022333,7.046742227083895,-3.1538446125349138,-0.39450483751381865,6.289213472933637,0.025302191826520694,1.5747019166220715,0.02241856369776872,-0.2394854914644053,-0.5994444736646222,0.09586995276186586,-1.7551035132944757,-1.7616968516121547,0.7321208594276999,0.18809970222979883
Run_0615_222920,23.182740926742554,Phase_1_Yield_to_45,-0.09978716419136383,-0.5994098995381124,0.2364159897571298,5.227062092719922,-3.7387968720140243,-0.13025363499225742,3.650562978711506,0.024537407028586932,1.2121674102624378,0.023537277314696573,-0.23773153001328462,-0.5994098995381124,0.09661116906310707,-1.7550630404998435,-1.7616972994232836,0.7319405054942777,0.18809970222979883
Run_0615_222920,23.28297758102417,Phase_1_Yield_to_45,-0.09789154413938564,-0.5994151711510383,0.23568797473293626,5.201222665720704,-3.9716093957053147,-0.030233321757780814,3.3582915258517296,0.024581191717614814,1.2308871368461405,0.003427965678571369,-0.2358763398595647,-0.5994151711510383,0.0974367904960011,-1.7551489481704825,-1.761660126686248,0.7321064056311466,0.18809970222979883
Run_0615_222920,23.383002519607544,Phase_1_Yield_to_45,-0.09607319506948887,-0.5993933363824314,0.2348822535208365,5.495191145601551,-3.822248139824668,0.049006518359396886,3.9478023311030714,0.025187728490878573,1.264366410125509,0.004134553478540515,-0.23402084196885486,-0.5993933363824314,0.09815282652106777,-1.7551854402276639,-1.7616208851125816,0.7321031060225144,0.18809970222979883
Run_0615_222920,23.483442783355713,Phase_1_Yield_to_45,-0.09428582077315904,-0.5993702663966802,0.2340741734191143,5.418163857804063,-3.958989057644358,-0.24646521371078572,3.6908210644647816,0.02670793391749025,1.284336390958622,0.009800638587901636,-0.23218557856373184,-0.5993702663966802,0.09884529208685144,-1.755150982797247,-1.7616017600250973,0.7320132285962386,0.18809970222979883
Run_0615_222920,23.58434557914734,Phase_1_Yield_to_45,-0.0926729749030297,-0.5993176402453101,0.23320700799493208,6.7645307874592495,-6.308717470609711,-0.23127224408203284,2.43011806289841,-0.009357957692207533,1.161502115498723,0.007693743068743848,-0.2304319457601049,-0.5993176402453101,0.09937256778677886,-1.7550587724034372,-1.7617238329662162,0.7317744278345666,0.18809970222979883
Run_0615_222920,23.685261964797974,Phase_1_Yield_to_45,-0.09127861097449887,-0.5993118818136736,0.23237218823119596,7.712431698883166,-7.456235028544276,-0.9893134347958058,1.7051160772157865,-0.0004121660041354691,1.109266070294465,0.020792627040246717,-0.22885567485479247,-0.5993118818136736,0.09976822526007856,-1.7549677826864754,-1.761741215718276,0.7317607497303747,0.18809970222979883
Run_0615_222920,23.78626012802124,Phase_1_Yield_to_45,-0.08986929824247257,-0.5993221605188556,0.23160135963705952,7.297613363679446,-7.136245322291917,-0.7698352218850918,1.3177697966506472,0.004139081582700518,1.0947906983636575,0.03292789141313252,-0.22731408213911777,-0.5993221605188556,0.10021970172366054,-1.7549628980527587,-1.7617687882863267,0.7318345223320964,0.18809970222979883
Run_0615_222920,23.887105703353882,Phase_1_Yield_to_45,-0.08837539735180504,-0.5993660509801294,0.23091524523992546,5.337572990585894,-4.06532391240003,0.20962446549041516,3.4523737486790758,0.045634271057817484,1.2074554333785616,-0.036838030435470626,-0.22577257854602292,-0.5993660509801294,0.10079089303098895,-1.755091433882719,-1.761693924222345,0.7321450895816137,0.18809970222979883
Run_0615_222920,23.98823571205139,Phase_1_Yield_to_45,-0.0865788168584438,-0.59933432302619,0.230259890990196,6.690878933088601,-4.285991487561212,0.49540855734209754,5.113971864130062,0.010425899337054423,1.4631931091947405,-0.013657656877359026,-0.2240387988621566,-0.59933432302619,0.10159786184672903,-1.7552025183966433,-1.761522726326792,0.732163282844629,0.18809970222979883
Run_0615_222920,24.08963108062744,Phase_1_Yield_to_45,-0.08468378808020936,-0.5993223896409565,0.22957476271243332,6.260233646001922,-4.431682538930902,0.17212219351075594,4.418267661331815,0.004864976220433316,1.3738043258756407,0.0241377357355872,-0.2222143523113347,-0.5993223896409565,0.10245339069517362,-1.7551765612134014,-1.7616427799391732,0.7320908332823677,0.18809970222979883
Run_0615_222920,24.190638065338135,Phase_1_Yield_to_45,-0.08283088437190492,-0.5993123418875269,0.2288356526996074,5.849362800819784,-4.338582020158796,0.3279874553989354,3.909498108334371,0.033636429011790044,1.344412558203637,0.017039840450613547,-0.22038152183219487,-0.5993123418875269,0.10324096177008929,-1.7550918242114477,-1.761700020836052,0.7319835056407517,0.18809970222979883
Run_0615_222920,24.291677951812744,Phase_1_Yield_to_45,-0.08099756937059492,-0.5992915392463918,0.2281245755082943,7.1025345404132985,-5.660302552786775,-0.8007216866028488,4.214951564286753,0.01911963081981637,1.458734497590891,-0.022779882604438376,-0.21858236485879295,-0.5992915392463918,0.10403450373564205,-1.7551308219986521,-1.7616399659387643,0.7320114526649311,0.18809970222979883
Run_0615_222920,24.392611980438232,Phase_1_Yield_to_45,-0.07977501027441554,-0.599283997492601,0.2274563202056317,7.955374577435412,-2.5464589219601823,-0.38165405366026073,7.527142340184604,0.05075521457462288,1.8540122155925687,0.09077596434537341,-0.21724535717540663,-0.599283997492601,0.1044264557068752,-1.755079116849266,-1.7616385801577858,0.7320972176734926,0.18809970222979883
Run_0615_222920,24.493502140045166,Phase_1_Yield_to_45,-0.07816906372682021,-0.599280644139872,0.2268140336052152,7.646849192175395,-3.129382837285165,-0.42724831813548564,6.964102562443272,0.021255992826882533,1.8249754616804648,0.07973348491306702,-0.21565561627075908,-0.599280644139872,0.10510786619028323,-1.7551038795294447,-1.7616353640303306,0.7321444068833576,0.18809970222979883
Run_0615_222920,24.594308853149414,Phase_1_Yield_to_45,-0.07638024237772321,-0.5992628292034586,0.22620246025598092,6.098632790938385,-4.229965740329645,0.31832282735442663,4.381709978071515,0.02560429892702021,1.4838687665649213,-0.01312148979560399,-0.2139582809020448,-0.5992628292034586,0.10594030623412443,-1.755193019472123,-1.7616207296969442,0.732014152732264,0.18809970222979883
Run_0615_222920,24.694839239120483,Phase_1_Yield_to_45,-0.07449631029580224,-0.5992479649664751,0.22535518152776543,6.144162947242158,-4.6979218356556265,-0.09375974785165198,3.958721745464855,0.01731745950928661,1.4779412971560362,0.020158542377763277,-0.21202702321734732,-0.5992479649664751,0.10667333085026937,-1.7550823893837166,-1.7616978753583568,0.7319902043162158,0.18809970222979883
Run_0615_222920,24.795525312423706,Phase_1_Yield_to_45,-0.07262756954645073,-0.5992367633528284,0.2245708065591598,6.177432034789408,-4.586609084764639,-0.060985176592620385,4.137627877931129,0.023160779267715193,1.4887528378256585,0.020489596848377836,-0.21015098710190722,-0.5992367633528284,0.10744009324712142,-1.7550455567049954,-1.7617243033809278,0.7320329737609768,0.18809970222979883
Run_0615_222920,24.896252870559692,Phase_1_Yield_to_45,-0.07076653734245408,-0.5992795693312296,0.2238323690772611,6.390328314513555,-4.474743707548417,-0.05087819261673397,4.561839116907298,0.021185204383587144,1.53408487796563,0.018132447345906216,-0.20831288445952173,-0.5992795693312296,0.1082338875876411,-1.7551037247756727,-1.761663564761466,0.7321757774217554,0.18809970222979883
Run_0615_222920,24.99695587158203,Phase_1_Yield_to_45,-0.06893922160139335,-0.5992360541486282,0.22295853962330398,6.260170869557278,-4.4972453646082755,-0.08203425810521997,4.354054871847624,0.004052322138909321,1.5560415429209242,0.04557855898714937,-0.20640288637515514,-0.5992360541486282,0.10890810420702046,-1.7550721288428037,-1.7617179698232872,0.7320337733477429,0.18809970222979883
Run_0615_222920,25.097697734832764,Phase_1_Yield_to_45,-0.06713075857600087,-0.5991866556262574,0.22220172849228773,6.731725444281975,-4.712819592220293,-0.25900555753423216,4.799830733426366,0.011281310449318493,1.6012344625789623,0.038404506939825604,-0.20458896362355594,-0.5991866556262574,0.10965173439298156,-1.7550883531427854,-1.7616163689704454,0.731965034734936,0.18809970222979883
Run_0615_222920,25.197858095169067,Phase_1_Yield_to_45,-0.0652460624578034,-0.5991996044257621,0.221474470202872,5.953414374827633,-4.520212558424129,-0.23870264380723538,3.8670198076695343,0.01810992488114711,1.5955183032489773,0.04624399306290144,-0.20274203294978255,-0.5991996044257621,0.11047016653051497,-1.7550687433017365,-1.7617014077427724,0.7320092613343581,0.18809970222979883
Run_0615_222920,25.298272609710693,Phase_1_Yield_to_45,-0.06348043659626686,-0.5991974898993132,0.22089176487064108,5.890337022168615,-2.64630586259544,1.134133208667589,5.13876224214748,0.01951227787689921,1.625852512280874,-0.07843105812082389,-0.20108151203819769,-0.5991974898993132,0.11130661765839175,-1.7551292194727797,-1.7616558508214513,0.7320493267816568,0.18809970222979883
Run_0615_222920,25.398693323135376,Phase_1_Yield_to_45,-0.06210253438461117,-0.5992034209950932,0.22028862217179432,6.19794878212724,-2.385617084428153,0.33102860384757365,5.7108511008247955,0.04298586754499239,1.6766118077687697,-0.01226463213373801,-0.19968070174814628,-0.5992034209950932,0.11185445536368774,-1.7551523936578821,-1.76165896021184,0.7321277294393485,0.18809970222979883
Run_0615_222920,25.498963356018066,Phase_1_Yield_to_45,-0.06059312802893065,-0.5992004846885026,0.21975295848084989,6.945341880795394,-3.721886075304065,-0.03335501687396119,5.863806385483541,0.02361982202999826,1.7218258167905989,0.04069535295878859,-0.1982346188501763,-0.5992004846885026,0.11254299540505328,-1.7551692091456113,-1.7616581521411518,0.7321986402951717,0.18809970222979883
Run_0615_222920,25.599272966384888,Phase_1_Yield_to_45,-0.05880012804905212,-0.5991658005091451,0.21919212702808746,6.943008442735777,-4.572893727858324,-0.19364899190695495,5.220776691024783,-0.01193830499446721,1.6649268147427094,0.06235310783057691,-0.19657020868238584,-0.5991658005091451,0.11341427012614172,-1.755122038562428,-1.7616742657534772,0.7320505427690979,0.18809970222979883
Run_0615_222920,25.6994731426239,Phase_1_Yield_to_45,-0.05702413507894315,-0.5991318783727695,0.2185129627901349,6.142423160179262,-4.349997124259066,-0.15773728722922778,4.333821206033078,-0.007026496874350308,1.673783634441521,0.06972356220214326,-0.1948341503716865,-0.5991318783727695,0.11418984516044975,-1.7550548151131355,-1.761666987868329,0.7319291894580724,0.18809970222979883
Run_0615_222920,25.80065679550171,Phase_1_Yield_to_45,-0.05514161744393962,-0.5991566705886407,0.21785884413101939,7.098873270816843,-4.321085865257749,0.8849409955082569,5.562292521492947,-0.003995099060075061,1.7714658555416944,0.019748433484457126,-0.193040477646711,-0.5991566705886407,0.11505845440630277,-1.755110498743394,-1.7616635585125124,0.7320053498241561,0.18809970222979883
Run_0615_222920,25.900729656219482,Phase_1_Yield_to_45,-0.05330079114934214,-0.5991534530554552,0.21728680683380763,7.4389946134207525,-4.655050970620316,-0.15836603220723988,5.800350120404178,0.005556313201871581,1.7695605336014022,0.06567824338293647,-0.19133432543886458,-0.5991534530554552,0.11595562371024912,-1.755036538232491,-1.7617610978541418,0.7320144626435714,0.18809970222979883
Run_0615_222920,26.001020431518555,Phase_1_Yield_to_45,-0.05146520784755995,-0.599158652041471,0.2167819693477957,7.767752275360371,-4.021055233040927,0.2645641374970325,6.640715024856197,0.020298466420285072,1.8371422333348881,0.02787841895132077,-0.1896793980289854,-0.599158652041471,0.11689660310061589,-1.755106888925152,-1.7616961497998178,0.7321518474020611,0.18809970222979883
Run_0615_222920,26.101393938064575,Phase_1_Yield_to_45,-0.04967986093442329,-0.5991430710264477,0.21622556704747112,8.436251706622796,-5.649167959477336,-0.5351566454026764,6.242663821478143,0.019145159314461944,1.8772375934030108,0.011304430651354669,-0.1880235312803087,-0.5991430710264477,0.11776559817003798,-1.755074818765161,-1.7617357798090558,0.732079742279873,0.18809970222979883
Run_0615_222920,26.202820539474487,Phase_1_Yield_to_45,-0.048098810093178006,-0.5991108137514979,0.21568846819233906,8.785814612550373,-6.961777140160508,-1.4057312484555569,5.171858187726906,-0.009727771252856785,1.8019694466500293,0.06094638620005725,-0.18652577326643202,-0.5991108137514979,0.1185037836986518,-1.7551941331844523,-1.761628455415416,0.7320915112314405,0.18809970222979883
Run_0615_222920,26.3039710521698,Phase_1_Yield_to_45,-0.046346099193909016,-0.5990940042028542,0.21503200695113767,8.595311056136199,-5.956330380642176,-0.9419572295578459,6.124885070436823,0.016811214703401547,1.9110162930580312,0.027970095349229406,-0.18482223130885972,-0.5990940042028542,0.11927894926574484,-1.755033913837005,-1.761668775682764,0.7320272767335408,0.18809970222979883
Run_0615_222920,26.404720783233643,Phase_1_Yield_to_45,-0.04454943875023298,-0.5990896939110019,0.21437920775063699,8.026025294999133,-5.234669751030312,-0.2713189787418012,6.0779684636717795,0.007909835244630518,1.9037044957511506,0.008662488275251196,-0.18309020178421956,-0.5990896939110019,0.12008778130753059,-1.7550194125487675,-1.7616759037360035,0.7319880087829413,0.18809970222979883
Run_0615_222920,26.505366563796997,Phase_1_Yield_to_45,-0.04278380523457419,-0.5990728685362089,0.21377898829824132,7.821608158666474,-4.219828861487429,0.04985735368641178,6.5854470472215505,0.006082221273354686,1.8998447055389507,0.04324706831245801,-0.18141729110721794,-0.5990728685362089,0.12091185349455413,-1.755105904032937,-1.7616151208864321,0.7320144977296548,0.18809970222979883
Run_0615_222920,26.60684037208557,Phase_1_Yield_to_45,-0.04097396652117188,-0.5991024772246039,0.21311125149675333,7.870371088198106,-3.943277701948025,0.5565709909445619,6.78848515968792,0.01462164246560483,1.94136881759066,0.037426937785318186,-0.17966538065973725,-0.5991024772246039,0.12171944150127487,-1.755134395308041,-1.7616423290601781,0.7320985846221961,0.18809970222979883
Run_0615_222920,26.707841396331787,Phase_1_Yield_to_45,-0.03927724800430646,-0.5990645436992192,0.21242277268360849,7.403144334961174,-3.9964220660335057,0.24579253130787337,6.226936867027115,-0.007009461537841107,1.9088756498541473,0.07910625924382342,-0.17797879145321896,-0.5990645436992192,0.12243237463283721,-1.7551653258180833,-1.7616395195760253,0.7320149792875285,0.18809970222979883
Run_0615_222920,26.80905318260193,Phase_1_Yield_to_45,-0.037562954912747595,-0.5990124597842267,0.21164323122101672,7.80164494849131,-4.025287388112826,-0.19716032576954792,6.680108767929026,-0.00697739990466407,1.9522261358006658,0.0625044349026325,-0.1762153841288217,-0.5990124597842267,0.123093343848405,-1.7550316429016326,-1.7616394910968982,0.7319249081600228,0.18809970222979883
Run_0615_222920,26.910564661026,Phase_1_Yield_to_45,-0.035840296173555025,-0.5990399300382303,0.2109541717859451,7.669530559380202,-3.8459132462374646,0.3929541159461951,6.6239140518611,0.014169385795086115,1.9836341987603563,0.021585213710568804,-0.17451004185348867,-0.5990399300382303,0.12382420892537863,-1.7550828731244472,-1.7616363831996953,0.7320228090128135,0.18809970222979883
Run_0615_222920,27.011109828948975,Phase_1_Yield_to_45,-0.034584247201633916,-0.5990586315608822,0.21011239495933337,8.223819309963572,-4.584890766500924,-0.7466547406060271,6.786198302475019,0.007277015245965434,1.9663364834150203,0.07663221766565037,-0.173026655005598,-0.5990586315608822,0.12411714356858358,-1.755026367742723,-1.7617376772524915,0.7320489993344912,0.18809970222979883
Run_0615_222920,27.112991094589233,Phase_1_Yield_to_45,-0.03334082487665023,-0.5990218803353887,0.2092944855286841,7.892472255789498,-4.873162141152059,-1.5154116258021926,6.020542887384227,0.012917931279595958,1.8949566882219753,0.13342346383996095,-0.17156907334291477,-0.5990218803353887,0.12441802662164977,-1.7550693166506084,-1.7617278305099897,0.7319395827865842,0.18809970222979883
Run_0615_222920,27.214627504348755,Phase_1_Yield_to_45,-0.031692003443829345,-0.599018689133265,0.20850338280823502,7.324318848232477,-3.724821539060191,0.32318800705063827,6.2981664478501544,-0.01817556891119746,1.9714194556939273,0.06415622803705312,-0.16984378642855674,-0.599018689133265,0.12502452533951847,-1.7550740383828867,-1.7616957474807948,0.7319961185399286,0.18809970222979883
Run_0615_222920,27.31593918800354,Phase_1_Yield_to_45,-0.030109702580882573,-0.5990067130591458,0.20762614279835548,8.028403036972085,-3.8427529748796956,0.4918515910163768,7.031826712208607,-0.006202870647053428,2.0147260945948644,0.057586280595070004,-0.16810462839877577,-0.5990067130591458,0.12552307864987147,-1.7550803725564488,-1.7616310685760659,0.7319787026076979,0.18809970222979883
Run_0615_222920,27.41608166694641,Phase_1_Yield_to_45,-0.02859021450246762,-0.599022449500054,0.2066772585557662,8.172958670228507,-3.499590533277963,0.08180616900426865,7.3853522106509875,0.0041048122362286185,2.0520886265064613,0.058480718551055355,-0.1663592255921005,-0.599022449500054,0.12592655649155488,-1.7551431413590857,-1.76165524340708,0.7320676278318746,0.18809970222979883
Run_0615_222920,34.54821801185608,Phase_2_Seat_Peg_for_Search,0.06372929929613404,-0.5994154668910613,0.2859110644267807,1.4181958490260742,-0.6151754168098207,0.06679288000650564,1.2760789097575773,-0.0042433983414726685,0.09950036730219988,-0.013804393335385707,-0.15710623277987706,-0.5994154668910613,0.247233072165004,-1.755717573071534,-1.7595661202868214,0.7330892981772298,0.18809970222979883
Run_0615_222920,34.64826583862305,Phase_2_Seat_Peg_for_Search,0.06373843230445608,-0.599511797905463,0.2833997350410837,2.8906823320720156,-0.8745489186702358,0.08444648970744255,2.7539203554536793,0.025456616033923768,0.17470209604445022,-0.026158334811681037,-0.1553239967293405,-0.599511797905463,0.24546375213870172,-1.75540938455989,-1.7598440974774268,0.7329614952071982,0.18809970222979883
Run_0615_222920,34.748716592788696,Phase_2_Seat_Peg_for_Search,0.06378988164830923,-0.5994543100627986,0.27854846451605514,1.12457889849605,-0.47644426196850104,0.08714822866396242,1.014930416541259,0.03287186371391078,0.0697307476703103,-0.019592789247871906,-0.1518572502637962,-0.5994543100627986,0.24206976603300975,-1.7555993985235796,-1.7597475400271365,0.7330672688354825,0.18809970222979883
Run_0615_222920,34.850584506988525,Phase_2_Seat_Peg_for_Search,0.06366737390061203,-0.5993991238066169,0.27348775616365884,1.4532322887314018,-1.02084348626596,0.29536950418483005,0.9912212253364413,0.02715576381530595,0.08607969272011366,-0.03712482979757757,-0.14836541512935397,-0.5993991238066169,0.23840467878027835,-1.7556263407146029,-1.759578325119702,0.7328958877976975,0.18809970222979883
Run_0615_222920,34.952120542526245,Phase_2_Seat_Peg_for_Search,0.06372398978365748,-0.5994274934797965,0.2684203164359939,1.400958886272701,-0.735351413595019,0.24480620146184273,1.1670535648701295,0.010725106383745051,0.1015250226223473,0.00031429013859300074,-0.1447421606598437,-0.5994274934797965,0.2348614912604167,-1.755694577934379,-1.7595922369973438,0.7330691035363517,0.18809970222979883
Run_0615_222920,35.05385732650757,Phase_2_Seat_Peg_for_Search,0.06370171623050241,-0.5994013003437657,0.26332215154309324,1.5783794896344505,-0.6093909715023952,0.5799914855733674,1.335490297161486,0.015097117284740598,0.08902906112388183,-0.017181393461232788,-0.1411529634729435,-0.5994013003437657,0.23124079451256238,-1.7556754584213545,-1.75958275491101,0.7329954090636006,0.18809970222979883
Run_0615_222920,35.15445423126221,Phase_2_Seat_Peg_for_Search,0.06366276475981995,-0.5994017847288331,0.2582971964503065,1.6174262322970783,-0.9108592717823103,0.2693939228512261,1.3091332698628315,0.026205469482152525,0.09768146874622967,-0.02252825518327406,-0.1376273265007329,-0.5994017847288331,0.22766007184223824,-1.7556986653237063,-1.7594956530316366,0.7329618004480521,0.18809970222979883
Run_0615_222920,35.25664710998535,Phase_2_Seat_Peg_for_Search,0.06372853977606145,-0.5994113113829374,0.25312860686056,1.2193870634785824,-0.8273349230867111,0.039590502919312244,0.8949046472661889,0.010921927983321311,0.0896474136200732,0.008519886614585517,-0.13392607179263594,-0.5994113113829374,0.2240518370541753,-1.7555452230313122,-1.7597301515076404,0.7329587891376211,0.18809970222979883
Run_0615_222920,35.358357191085815,Phase_2_Seat_Peg_for_Search,0.06374025696963581,-0.5994218596715067,0.24843628705135273,9.530625425267267,0.5848459429827351,1.2088079908105647,9.435547650299904,0.025797093758777204,1.8250884955384807,-0.0184947783229128,-0.1305998153290166,-0.5994218596715067,0.2207421512046218,-1.7557024556126735,-1.7591359767643056,0.7335565459936249,0.18809970222979883
Run_0615_222920,35.92214512825012,Phase_2_Lateral_Search,0.06371703332775938,-0.5994036012102351,0.24556023325770288,9.83741622681383,2.6056634616915493,-0.9074357107815192,9.442554547090744,0.05702588479057888,-0.18858084373101217,0.1514314184019356,-0.12858255978312416,-0.5994036012102351,0.21869205246942,-1.7557004347911602,-1.7595684806022038,0.7330486473431185,0.18809970222979883
Run_0615_222920,36.02320837974548,Phase_2_Lateral_Search,0.06126764702188796,-0.5993263353533698,0.24573328027295693,9.818956912949833,2.4923496623688224,-1.1717989905851824,9.424807432755264,-0.25624673380772794,-0.3251877547124304,0.1640747969692052,-0.13043690016770154,-0.5993263353533698,0.21708243752074308,-1.7555704196261752,-1.7595619732333732,0.7328120179911967,0.18809970222979883
Run_0615_222920,36.12351632118225,Phase_2_Lateral_Search,0.05831615604173745,-0.599387757698163,0.24604303174619382,9.094215848681355,2.070950307938982,-1.9092741869439782,8.646999410403819,-0.24304433840829356,-0.5314082532735392,0.13415447868995295,-0.13274294682158522,-0.599387757698163,0.21521444560127606,-1.7556392483687995,-1.7595943067915916,0.7329204604030396,0.18809970222979883
Run_0615_222920,36.22505021095276,Phase_2_Lateral_Search,0.05535839746632993,-0.5994198221833511,0.24619622352390488,7.418989245653566,2.333182257313102,-1.8021727772939278,6.8080713320340065,-0.2400308156429463,-0.7147418328285476,0.045589039593413865,-0.13494272091221005,-0.5994198221833511,0.21323131740033424,-1.7557200178383974,-1.7595895302691065,0.7330310571406653,0.18809970222979883
Run_0615_222920,36.32706356048584,Phase_2_Lateral_Search,0.05230613684837025,-0.5994029820198956,0.24625905954285346,8.913602162557599,1.9677929139745223,-1.2847226201348598,8.59823135007293,-0.24592163403485,-0.5886977493517135,0.10832998869111289,-0.1371454268682193,-0.5994029820198956,0.21111747499452763,-1.7556615929302302,-1.7596073161567056,0.7330287485464729,0.18809970222979883
Run_0615_222920,36.4278998374939,Phase_2_Lateral_Search,0.04921994941012828,-0.5993874318841665,0.24630652982669085,8.076789715805353,1.7440762487224426,-1.2155516327745306,7.791993607546179,-0.26004343887365167,-0.6565287588621913,0.12840532055058893,-0.1393612574934192,-0.5993874318841665,0.20896877748854026,-1.755622270055313,-1.759577734436752,0.7329687519369648,0.18809970222979883
Run_0615_222920,36.52868866920471,Phase_2_Lateral_Search,0.046204811763112495,-0.5994096565140317,0.24639280472886382,8.866143332842931,2.6924726195742523,-1.8671521727490752,8.238496923295932,-0.23242394840987873,-0.6739736496543879,0.13228070511961731,-0.14155428733820763,-0.5994096565140317,0.20689775878049727,-1.755669136659707,-1.7595536091812944,0.7330110343871478,0.18809970222979883
Run_0615_222920,36.62944459915161,Phase_2_Lateral_Search,0.04318144743113512,-0.5993857909110595,0.24637044116919213,7.540107033242791,1.779229377618784,-1.3973962690739337,7.192693554000054,-0.25478646164937313,-0.7282119050983202,0.10207965707760008,-0.14367631533465103,-0.5993857909110595,0.2047441039346632,-1.755651202295775,-1.759554215957453,0.7330181464927628,0.18809970222979883
Run_0615_222920,36.73093056678772,Phase_2_Lateral_Search,0.040170339031092246,-0.5994057807242729,0.24640995781379185,6.795388173389612,1.1469930495958884,-0.9415908884903729,6.631373460297199,-0.26615127017962315,-0.8450177018654925,0.08037309018784411,-0.14583343299057533,-0.5994057807242729,0.2026428712534713,-1.7557988051206983,-1.7595086273208191,0.7330464063062202,0.18809970222979883
Run_0615_222920,36.83108353614807,Phase_2_Lateral_Search,0.03704237846904642,-0.5994232963713586,0.24593315514813058,6.1116515206048545,1.1031260532893805,-3.1589413693856736,5.114341271820799,-0.2628551538642371,-1.3554900006475044,0.24167037914960487,-0.14770808471710511,-0.5994232963713586,0.2000939187305877,-1.7556649179276365,-1.7596975035599138,0.7327827292841091,0.18809970222979883
Run_0615_222920,36.93254065513611,Phase_2_Lateral_Search,0.034072548570930394,-0.5994035268485177,0.245381565664943,6.183098449065584,1.811493166782821,-3.4533669161536333,4.798276344683778,-0.2583893166155306,-1.5866590278098842,0.20024993763906487,-0.1494180389130404,-0.5994035268485177,0.1976038992066662,-1.7556149865403048,-1.7595686013861587,0.7329544557413821,0.18809970222979883
Run_0615_222920,37.03475046157837,Phase_2_Lateral_Search,0.03102653510993702,-0.5993562465519017,0.24448020724887717,2.7876686810813665,0.2525199001722664,1.2513448356482162,2.4781982321427503,-0.25166834785475856,-1.8045041424600552,-0.13001278391912235,-0.1509345390386146,-0.5993562465519017,0.19481268578453256,-1.7555424307653205,-1.7596082706851177,0.7328322535999701,0.18809970222979883
Run_0615_222920,37.13492274284363,Phase_2_Lateral_Search,0.028035234479721907,-0.5994519203190468,0.24386388472000714,7.743972429713366,2.343719813244797,-4.592431860619851,5.778032193985093,-0.26909259948828923,-1.5875297992393074,0.3423135209892371,-0.15261390215924525,-0.5994519203190468,0.19226171098477782,-1.755647127807937,-1.7595285570120522,0.733148884557831,0.18809970222979883
Run_0615_222920,37.23537564277649,Phase_2_Lateral_Search,0.02498594112142888,-0.5993512788380899,0.24299375305091803,2.3089910641329214,0.26092918949637056,1.303416979338444,1.8879777197537833,-0.2547453541774282,-1.8256240748154635,-0.13654864122779295,-0.15415480216698327,-0.5993512788380899,0.18949025896956365,-1.7557041942672733,-1.759592451560042,0.7328497075545513,0.18809970222979883
Run_0615_222920,37.33547306060791,Phase_2_Lateral_Search,0.022043756100024497,-0.5994702962429385,0.2423818051140774,8.511353871433892,2.1010313179630673,-4.951292593519988,6.596477376529475,-0.28549162879396595,-1.5495009741412316,0.396942668357342,-0.15580252861125066,-0.5994702962429385,0.18697710745354998,-1.7558263136575267,-1.759509274508018,0.7333309846251171,0.18809970222979883
Run_0615_222920,37.435625314712524,Phase_2_Lateral_Search,0.01900439915060301,-0.5993396801585218,0.2415300381953734,2.4259786233175014,0.23445126702253016,1.4634167420814748,1.9206291477483757,-0.247794769495573,-1.817821473422519,-0.16352872379816039,-0.1573493883564271,-0.5993396801585218,0.18422566737996163,-1.7557075299626819,-1.7595127226314697,0.7329491200541588,0.18809970222979883
Run_0615_222920,37.536056995391846,Phase_2_Lateral_Search,0.016033364643522126,-0.5994979668443408,0.24089259677831268,9.706351360045268,3.131561402580944,-6.350180045333365,6.639412119937113,-0.36803085439635475,-1.4067570381965064,0.6121645846720334,-0.15899948785491044,-0.5994979668443408,0.1816740895842527,-1.7558416218839639,-1.7594610928559615,0.7334175652742232,0.18809970222979883
Run_0615_222920,37.63665580749512,Phase_2_Lateral_Search,0.013291536629331014,-0.5995779237642535,0.2416863311040309,19.67080509450341,8.763470914377224,-4.030030787835056,17.143541129180615,-0.6876881622884482,0.3014421065758019,1.1531567449673474,-0.1614995079607681,-0.5995779237642535,0.1802965793267468,-1.7560539001060604,-1.7591955524409038,0.7342660487986405,0.18809970222979883
Run_0615_222920,39.635085105895996,Phase_2_Seat_in_Hole,0.023499537594232057,-0.6000796026982848,0.24274179747285096,0.058203657089224245,0.012896720235001732,0.050777906492717045,0.025356350643516993,-0.00629143651060775,-0.003361030926358252,0.0024428670724037553,-0.15502768868283476,-0.6000796026982848,0.18826105345809419,-1.7555945748449227,-1.7601479087688758,0.7329557742110413,0.18809970222979883
Run_0615_222920,39.735687494277954,Phase_2_Seat_in_Hole,0.023676352614135088,-0.6001580974781068,0.2402656641544575,2.6427128189621794,-0.8026239083627651,-0.20153485991035147,2.509802702499227,0.021096480490914782,0.3102436477533377,0.08833963671797466,-0.15315177092268772,-0.6001580974781068,0.18663518989712527,-1.7554392017791902,-1.760454769049363,0.7332172113174047,0.18809970222979883
Run_0615_222920,39.83740735054016,Phase_2_Seat_in_Hole,0.023595568136298522,-0.6001660866762409,0.23541678125670082,5.325276284830666,-0.35131443693341535,-3.7099005592740397,3.8041797429249096,-0.3169457505308389,0.8861091036003724,0.8318773616931683,-0.14978021619659734,-0.6001660866762409,0.18314938866684918,-1.7558579185986543,-1.7600083890804314,0.7334216697802697,0.18809970222979883
Run_0615_222920,40.37372279167175,Phase_3_Arc_Pivot,0.02350915542999697,-0.6000904258855505,0.234155582530976,14.407838582421217,4.474538439526374,-1.6833276254452372,13.59156821252497,0.03818615021273298,1.2043160259107708,0.3295399860773929,-0.14894951703582,-0.6000904258855505,0.1821964834848588,-1.755624458552913,-1.7601251760640084,0.7330333680758395,0.18809970222979883
Run_0615_222920,40.47456979751587,Phase_3_Arc_Pivot,0.022620657026744387,-0.599955857548782,0.23523069831834942,5.627938755097695,1.28978461968981,-1.989743449064318,5.104025007075086,-0.40332499564775104,-0.08100733178708187,0.5139548578823581,-0.15033800194564578,-0.599955857548782,0.18232844190265798,-1.755505285608254,-1.7603997524197916,0.7325199086646405,0.18809970222979883
Run_0615_222920,40.5768609046936,Phase_3_Arc_Pivot,0.021222320843089015,-0.5999765448274302,0.23648244100398771,7.022653876104742,1.465357029649117,-3.6716448786627565,5.80425879197477,-0.34741498942977667,-0.3540068233300225,0.4961493283184902,-0.1522118906848025,-0.5999765448274302,0.18222478464613223,-1.755313405708858,-1.760241136517218,0.7327111479369358,0.18809970222979883
Run_0615_222920,40.67875623703003,Phase_3_Arc_Pivot,0.01994345343156165,-0.599923321714169,0.23744842093305463,6.666434516236193,1.2879730643619958,-1.8474327982021446,6.274509271717609,-0.3593048268792233,-0.3851567497307473,0.45399753825142464,-0.1537992374620653,-0.599923321714169,0.18200353978553607,-1.7554482319433182,-1.7601683074797765,0.7329354183660324,0.18809970222979883
Run_0615_222920,40.778956174850464,Phase_3_Arc_Pivot,0.018617465591970694,-0.5998673782581053,0.23851463359967484,6.577821520871631,0.9371527997974829,-1.932090251001843,6.217435793979488,-0.3644925616773074,-0.4604533806387877,0.40705790112160295,-0.15549077866196512,-0.5998673782581053,0.18181985099914455,-1.7555277601372727,-1.7601001089672104,0.7330385991583073,0.18809970222979883
Run_0615_222920,40.879528284072876,Phase_3_Arc_Pivot,0.017248642347225885,-0.5998536462596302,0.23960622491904532,7.178691915578007,1.9657464689838648,-2.8812336535655705,6.274388501840135,-0.3047419019005416,-0.5218605624175299,0.40708353623956955,-0.15723055448478118,-0.5998536462596302,0.18162381842475095,-1.755637190196687,-1.7601596599473384,0.7330643643871225,0.18809970222979883
Run_0615_222920,40.979918003082275,Phase_3_Arc_Pivot,0.01587013985032748,-0.5998464759969061,0.2406812027946955,7.527570185952895,2.4800098367614756,-3.2752288757384824,6.307673099134265,-0.2978138363097793,-0.48974815620861145,0.45538887377483356,-0.1589654270937184,-0.5998464759969061,0.18140919410680925,-1.755618992808557,-1.760165070929476,0.7331149832182823,0.18809970222979883
Run_0615_222920,41.08012390136719,Phase_3_Arc_Pivot,0.014453360609379464,-0.599791301046001,0.24180054406600532,7.505908733266055,2.5790865642935077,-3.2631032982565773,6.248130542082759,-0.3033675745396059,-0.48174719211877665,0.42846046657518844,-0.1607587351058422,-0.599791301046001,0.18119887370149573,-1.7556186412141674,-1.7601213312096617,0.733062334190308,0.18809970222979883
Run_0615_222920,41.1812059879303,Phase_3_Arc_Pivot,0.013043195606557997,-0.5997764815371045,0.24283355834113363,7.19971448042673,2.692857177373538,-1.7704441407052487,6.438162499236611,-0.3172443102135979,-0.46341768542018175,0.3825866576294375,-0.16248632374093494,-0.5997764815371045,0.18093218786441445,-1.7555374280157559,-1.7601714003062052,0.7330154062734249,0.18809970222979883
Run_0615_222920,41.28259205818176,Phase_3_Arc_Pivot,0.011587169687293813,-0.5997554484360794,0.24391531576394138,7.465502595577768,2.665057275801877,-3.0794494598059496,6.256851424300781,-0.30658021849118955,-0.5271094486002954,0.4253179879458516,-0.16428080755129626,-0.5997554484360794,0.18066754007258562,-1.7555612275472834,-1.7601789205384546,0.7330354677905402,0.18809970222979883
Run_0615_222920,41.38261079788208,Phase_3_Arc_Pivot,0.010138351714149296,-0.5997107625302935,0.24499132158914458,7.067611920550066,2.714132475514424,-2.309825164737195,6.103222990617836,-0.3217912492294435,-0.5385568908049145,0.38828895731610813,-0.16606612758040912,-0.5997107625302935,0.1804039220746676,-1.7556042294493799,-1.7601558758678726,0.7329965252304846,0.18809970222979883
Run_0615_222920,41.482887983322144,Phase_3_Arc_Pivot,0.008646461467712986,-0.5996760903813021,0.2460194850367261,7.348925245153355,2.670769683671983,-2.220674882295921,6.476287101632458,-0.33369136156595913,-0.5146961289509686,0.40172650466252285,-0.16784807463640333,-0.5996760903813021,0.18007601771057943,-1.7556022830015616,-1.760105208118118,0.7329453985051496,0.18809970222979883
Run_0615_222920,41.5834379196167,Phase_3_Arc_Pivot,0.007195700021367469,-0.599693512799736,0.24707842169906497,7.044616480360571,2.650382639923356,-2.2260446742683664,6.135700312557819,-0.32680338184055696,-0.5700991271396619,0.3868323956976779,-0.1696226991877851,-0.599693512799736,0.1797989557487714,-1.755640212307901,-1.7601117651329312,0.733042674131699,0.18809970222979883
Run_0615_222920,41.68550634384155,Phase_3_Arc_Pivot,0.005691762070284675,-0.5996830670556595,0.24813531147932405,7.520013929670964,2.711369466026221,-2.088340190364902,6.69611233257423,-0.32000638358121986,-0.5009423560068975,0.3516945390854419,-0.17143347784206753,-0.5996830670556595,0.1794828449556649,-1.755643545280079,-1.7600744417256688,0.7331047639125932,0.18809970222979883
Run_0615_222920,41.78753423690796,Phase_3_Arc_Pivot,0.004183803590399558,-0.5996847678162749,0.24916290927058624,7.268445161377475,2.4219956076804157,-2.06512687594272,6.5344841668327165,-0.3226456928162644,-0.5503153661892224,0.3516392830876124,-0.17322638687547584,-0.5996847678162749,0.17914317865532417,-1.7556691414776566,-1.7601110787663976,0.7331264712025983,0.18809970222979883
Run_0615_222920,41.88778495788574,Phase_3_Arc_Pivot,0.002628427259765631,-0.5996485004087322,0.250181434899707,7.117001145310978,2.5610052692010554,-1.9017694641636835,6.362093226184034,-0.32785429583125847,-0.5445603509176132,0.347784305768223,-0.17504641040532776,-0.5996485004087322,0.1787635678837995,-1.755633473236935,-1.7600954616944728,0.7330099744701387,0.18809970222979883
Run_0615_222920,41.98946833610535,Phase_3_Arc_Pivot,0.0010737938917408174,-0.5996570803181718,0.2511861116626445,7.16340178467271,2.6108542831291146,-1.955752612818865,6.377522775997802,-0.32542188647360576,-0.5574461136197197,0.3291420690319664,-0.17685611595409062,-0.5996570803181718,0.1783746898389839,-1.7555794156428814,-1.7601368538897642,0.7330258872002051,0.18809970222979883
Run_0615_222920,42.09149694442749,Phase_3_Arc_Pivot,-0.0005018282369505828,-0.5996435053615652,0.25219187785730696,7.514446629952043,2.38719079023631,-2.0270062086776344,6.830774049504996,-0.3233500432504772,-0.5384841971603413,0.34477241382965124,-0.17868143314240992,-0.5996435053615652,0.17797174084373266,-1.7556505971007537,-1.7600644832605608,0.7330765604519406,0.18809970222979883
Run_0615_222920,42.19218397140503,Phase_3_Arc_Pivot,-0.002026464222688073,-0.5996316656327629,0.2531432788052207,7.349220276176537,2.2359072853671664,-2.004782175346973,6.707652771902956,-0.32923955592527243,-0.4851996715333539,0.3629880004748233,-0.18043225564866305,-0.5996316656327629,0.17756640246127375,-1.7555963806943864,-1.7601557037246354,0.7330628518599905,0.18809970222979883
Run_0615_222920,42.293421030044556,Phase_3_Arc_Pivot,-0.00362107213439366,-0.5996257613755567,0.25414050951911105,7.338254422457577,2.070196985806949,-2.0139298912777956,6.745987607585106,-0.3419475483365179,-0.5194249576940302,0.34027330894952124,-0.18226496231656314,-0.5996257613755567,0.17714399299377237,-1.7556669891068117,-1.7601451225090612,0.7330593888233073,0.18809970222979883
Run_0615_222920,42.39390969276428,Phase_3_Arc_Pivot,-0.005184978195262606,-0.5996199000196671,0.2550684275736552,7.136615415204,2.0321666332099793,-1.6670051429088166,6.634958342967266,-0.33360148569001824,-0.5419155457512043,0.2839778355031582,-0.1840269480460959,-0.5996199000196671,0.1766942815617468,-1.7556308304293196,-1.7601840496945436,0.7330763946787895,0.18809970222979883
Run_0615_222920,42.49423027038574,Phase_3_Arc_Pivot,-0.00681119434813204,-0.599630369137918,0.25607888588900807,7.055906829402317,1.9054908344660082,-1.4466624761902311,6.637928407640101,-0.3339787451566339,-0.5799124736465348,0.25838773628631784,-0.18589135844235732,-0.599630369137918,0.17625887501927007,-1.7556839906887058,-1.7600718879400916,0.7331119811205362,0.18809970222979883
Run_0615_222920,42.594815731048584,Phase_3_Arc_Pivot,-0.008419551183312656,-0.5996361307618376,0.25699981344013445,7.284706103840393,1.9226834107303965,-1.8244691219670852,6.785391952158715,-0.3171392870214015,-0.5465325953683406,0.24290061132743113,-0.18767983258346427,-0.5996361307618376,0.1757727891109291,-1.7556310416540317,-1.7600858009545808,0.7331110727025935,0.18809970222979883
Run_0615_222920,42.69519639015198,Phase_3_Arc_Pivot,-0.01002316810220483,-0.5996172856023639,0.25792987226336167,7.516616403702304,2.032620944254081,-1.99303043700875,6.956709274832672,-0.33531174278594134,-0.49724237683269734,0.2881181213770119,-0.18947141188204475,-0.5996172856023639,0.17529651161396131,-1.755646525750894,-1.7600724398289405,0.733145500792354,0.18809970222979883
Run_0615_222920,42.79525065422058,Phase_3_Arc_Pivot,-0.01168034026363311,-0.5996091451373318,0.25879821234932016,6.940104553408531,1.5778235452676899,-1.4478723432410434,6.601453608859069,-0.33824451027117153,-0.551501372858495,0.25157704910802453,-0.19125721871814164,-0.5996091451373318,0.17473872310417918,-1.7556288606460106,-1.7601180357485682,0.7330505706426623,0.18809970222979883
Run_0615_222920,42.897199630737305,Phase_3_Arc_Pivot,-0.013334655371502774,-0.5996449037896796,0.25972468828306655,7.18365331252503,1.232769622153933,-1.7790739407760845,6.849821157263723,-0.33044128383804405,-0.5397961926316068,0.24289886522939066,-0.19308211356449384,-0.5996449037896796,0.1742240630885434,-1.7556536673410108,-1.760131679733081,0.7330994396379853,0.18809970222979883
Run_0615_222920,42.999393701553345,Phase_3_Arc_Pivot,-0.01506887901657976,-0.5996190819545751,0.26063172805939666,7.645571048899972,1.4510146805008437,-0.7311332308567748,7.4709274698316674,-0.36062972303861557,-0.4132137107729838,0.21347618315213923,-0.19494976884067078,-0.5996190819545751,0.17363915576566435,-1.7556114437383945,-1.7601065507614484,0.7331028600690466,0.18809970222979883
Run_0615_222920,43.10125136375427,Phase_3_Arc_Pivot,-0.01676762931664224,-0.59960813214952,0.2614947178683305,7.189199020101819,0.07111337218807516,-2.2928959247429765,6.813380491153128,-0.3565053994879837,-0.48098527588102635,0.2171535562468574,-0.19676119264337963,-0.59960813214952,0.17304818385493947,-1.755612116417674,-1.7601746878773685,0.7330044439686776,0.18809970222979883
Run_0615_222920,43.20158123970032,Phase_3_Arc_Pivot,-0.018467250227025493,-0.599619347997716,0.2623915036610704,6.795392198494292,-0.9468442599420261,-3.2108895966019193,5.913630786344839,-0.3257489701962689,-0.5993258867651962,0.20691078455066744,-0.19859712942987623,-0.599619347997716,0.17248049369907917,-1.7556445793194075,-1.7601844371361353,0.7330358932705655,0.18809970222979883
Run_0615_222920,43.30392622947693,Phase_3_Arc_Pivot,-0.020165089216409696,-0.5996435295908742,0.2632041772547896,6.943195327952761,-1.055472930997462,-2.4561882283689145,6.407891824996631,-0.3270322646446578,-0.5281974052593682,0.20503507798385254,-0.20037232990164278,-0.5996435295908742,0.17185458724533278,-1.755585711221444,-1.7602175097441726,0.7331088514571167,0.18809970222979883
Run_0615_222920,43.40581655502319,Phase_3_Arc_Pivot,-0.021972599475997497,-0.599600139636121,0.26405951903530084,8.047386881833198,-1.1199950165488397,-2.780133532887864,7.468393691291271,-0.3320728294364392,-0.3922282878997708,0.22413289456052976,-0.20225525063649324,-0.599600139636121,0.17118130245694566,-1.7556317262378731,-1.7600647964773584,0.7330428623285885,0.18809970222979883
Run_0615_222920,43.50811696052551,Phase_3_Arc_Pivot,-0.02369719126801877,-0.5996208528155212,0.2648673619668128,7.564230840949076,-1.2520534669759444,-2.685197560159116,6.959860946449592,-0.3333992595739038,-0.5130728080147291,0.20575833775825833,-0.20404595240241588,-0.5996208528155212,0.1705330631210345,-1.7556134146674411,-1.7601694685706344,0.7330630072432207,0.18809970222979883
Run_0615_222920,43.61038398742676,Phase_3_Arc_Pivot,-0.02548519075698927,-0.5995990273987477,0.2657202845186914,6.693069436234265,-1.4306328645104371,-2.0484418730325986,6.2092152465543204,-0.3647042384982894,-0.5158016794870426,0.19576799526237407,-0.2059133662860853,-0.5995990273987477,0.16987186387788566,-1.7556472867754653,-1.7601031018422408,0.7330268299110039,0.18809970222979883
Run_0615_222920,43.71276259422302,Phase_3_Arc_Pivot,-0.027261681805432116,-0.5996102776690871,0.2664855558423613,7.112763231645368,-0.6204652485016806,-2.2506638011215663,6.718700478453332,-0.3527025932926997,-0.43612752491393875,0.2161201293670592,-0.207710663695571,-0.5996102776690871,0.1691568235532291,-1.755554038692724,-1.7601677613250335,0.7330199355749216,0.18809970222979883
Run_0615_222920,43.81483602523804,Phase_3_Arc_Pivot,-0.0290230623870565,-0.5996324857727415,0.26733059414469046,7.8449116820621345,-0.2944422619931991,-2.5256180217503856,7.421401259999148,-0.3439465260148486,-0.36883749623176787,0.23346697597299218,-0.20955368016302722,-0.5996324857727415,0.1685088717136515,-1.7556718952065722,-1.7600602621164156,0.7331926858665921,0.18809970222979883
Run_0615_222920,43.91712188720703,Phase_3_Arc_Pivot,-0.030866030937700028,-0.5995935022847022,0.26811054196752226,6.979406941095066,-0.543494824400642,-1.669410613159915,6.754983555118749,-0.3715645073031306,-0.4278630748693865,0.22708770131223668,-0.21140836211719685,-0.5995935022847022,0.16775720254847398,-1.755651898609342,-1.7600792361018387,0.7330474753423629,0.18809970222979883
Run_0615_222920,44.01858353614807,Phase_3_Arc_Pivot,-0.03267647015000965,-0.5995958568358492,0.2688821063697356,7.033138145898426,-0.6262146895620105,-2.64292873507453,6.487512238384268,-0.36914051783020013,-0.5235412178882224,0.23772520385851856,-0.21323411438207424,-0.5995958568358492,0.16702260712545103,-1.7556421745293842,-1.7601303423420382,0.7330072556761488,0.18809970222979883
Run_0615_222920,44.11868071556091,Phase_3_Arc_Pivot,-0.0344532453080783,-0.5996311909382337,0.269584072813031,7.459518524128919,0.6729186634593223,-2.440670645238769,7.016745961317139,-0.3457840064530097,-0.43408234997722117,0.24677039751706573,-0.21498684937720797,-0.5996311909382337,0.16626260259475645,-1.7555974630819882,-1.7601588644423503,0.7330497894072285,0.18809970222979883
Run_0615_222920,44.22035074234009,Phase_3_Arc_Pivot,-0.03631636739118734,-0.5996163774657559,0.2703218558902727,8.492760820800234,0.6161879760117035,-1.7284958086608053,8.292140916372567,-0.3737966415420627,-0.2663639668247622,0.21379757302333066,-0.21682596705331503,-0.5996163774657559,0.1654668677525739,-1.7555548770458376,-1.7601088733615367,0.7330470294184084,0.18809970222979883
Run_0615_222920,44.321608543395996,Phase_3_Arc_Pivot,-0.03816871159213069,-0.5995871940862203,0.2710477072073866,7.558398245870828,0.21385581420907718,-1.1051666567011502,7.4741057254248275,-0.3778452305758689,-0.3829511487816212,0.17587814266609558,-0.2186490265873581,-0.5995871940862203,0.16467031699545973,-1.75551699072198,-1.7601713839040039,0.7329369615627626,0.18809970222979883
Run_0615_222920,44.42293953895569,Phase_3_Arc_Pivot,-0.03996375021894995,-0.5996317232988765,0.2717307585999432,6.747519647140118,-0.43170846859353773,-2.062852522209308,6.4099367125035815,-0.34203250203210195,-0.5661323707094261,0.21046782499769315,-0.22040130084444948,-0.5996317232988765,0.16388402328151974,-1.755664039280295,-1.7601835308272509,0.7330434816220867,0.18809970222979883
Run_0615_222920,44.52446961402893,Phase_3_Arc_Pivot,-0.04182558328853935,-0.5996220309968269,0.27245078754196955,7.39541763865376,-0.08893228733896347,-1.7819678485243087,7.176968976190817,-0.3502068073494912,-0.44601550365608306,0.1870889964972706,-0.2222269529809509,-0.5996220309968269,0.16307664584013312,-1.7557276239079607,-1.760061361127852,0.7331478107397509,0.18809970222979883
Run_0615_222920,44.625526428222656,Phase_3_Arc_Pivot,-0.043712434290740856,-0.5995926352681034,0.2730938024614501,7.921506527748896,-0.023563392962028938,-1.7124027519091058,7.734170107447509,-0.35690150646375335,-0.24720639548573362,0.19165822505154018,-0.22401583832966504,-0.5995926352681034,0.1621971209113566,-1.7556288875120976,-1.7600543142527212,0.7330573934146168,0.18809970222979883
Run_0615_222920,44.72672176361084,Phase_3_Arc_Pivot,-0.04559098293792112,-0.5996009168417622,0.2737138330363138,8.409526140756826,-0.5647220648676852,-2.486504441147625,8.013645522836477,-0.34732165340259735,-0.28162772120787316,0.2166137128956877,-0.22578260064090416,-0.5996009168417622,0.16130721424817576,-1.7555090908550444,-1.7601595623482504,0.7329546999093459,0.18809970222979883
Run_0615_222920,44.82860994338989,Phase_3_Arc_Pivot,-0.0474641885924498,-0.5996130583441767,0.2743797228051523,7.607002960522841,-0.819965227335682,-2.447088828349332,7.15583030357285,-0.3485110035702482,-0.5059653396643006,0.2085692334775773,-0.22757801223284685,-0.5996130583441767,0.16045351299837002,-1.7556002821717622,-1.7601934473756982,0.7329586171940989,0.18809970222979883
Run_0615_222920,44.92980623245239,Phase_3_Arc_Pivot,-0.0493388240236647,-0.5996256456947712,0.27500526439516004,6.952300292855278,-0.872259957386068,-1.5046213579220578,6.731252223625351,-0.36171789387398595,-0.4237317166298481,0.15877181508965135,-0.2293459043587201,-0.5996256456947712,0.15957027027291404,-1.7556076127848141,-1.7601201550456749,0.7330955014187717,0.18809970222979883
Run_0615_222920,45.031656980514526,Phase_3_Arc_Pivot,-0.05125714023615745,-0.5996078071796029,0.2756310175301091,7.999953049601372,-0.5526529574872366,-2.2778310748693786,7.648876329158834,-0.36357423513790466,-0.34071442498157606,0.21058729440650387,-0.23114483304610506,-0.5996078071796029,0.15865629015567156,-1.755633801208743,-1.7601135644588766,0.7330897212297349,0.18809970222979883
Run_0615_222920,45.13215494155884,Phase_3_Arc_Pivot,-0.0531392029842696,-0.5996163242106516,0.2762180206465366,8.103116034140227,-0.8388068124554611,-2.100073098354213,7.781168651024579,-0.36487514500038504,-0.3327366311153808,0.19597917364442327,-0.23289072626211726,-0.5996163242106516,0.1577405447080664,-1.7556543313511934,-1.760111192902369,0.7330998876158624,0.18809970222979883
Run_0615_222920,45.234214782714844,Phase_3_Arc_Pivot,-0.05510024291940744,-0.5996016046603987,0.27679646601390784,6.802192971167692,-1.0721211691821904,-2.2147811471484204,6.341540024775567,-0.3884253630381236,-0.41995578670613926,0.23153957440594766,-0.234686413540245,-0.5996016046603987,0.1567629027135669,-1.7555926997816478,-1.7601837634566109,0.7329470711874575,0.18809970222979883
Run_0615_222920,45.33477520942688,Phase_3_Arc_Pivot,-0.05694710639960099,-0.5996403766927813,0.27734096909914796,7.613470500166964,-0.7475151383457299,-1.8465222675509863,7.348231739016873,-0.3776935266828691,-0.33732390624474556,0.18922704026341042,-0.23637736505496593,-0.5996403766927813,0.15584199484674657,-1.7556376851680269,-1.76014547600381,0.733150534854671,0.18809970222979883
Run_0615_222920,45.436633825302124,Phase_3_Arc_Pivot,-0.058941320217346806,-0.5996004613415075,0.2778799056876296,8.145102976218164,-1.050369042160022,-1.9927946768879983,7.827400382262089,-0.36920780827505234,-0.2878116960049841,0.1940443035352829,-0.23816857288497484,-0.5996004613415075,0.15481295844942752,-1.7555990704351014,-1.760086108141816,0.7330584405808027,0.18809970222979883
Run_0615_222920,45.53705549240112,Phase_3_Arc_Pivot,-0.06083330424992298,-0.5996050399982769,0.27841621163855657,8.01126826217437,-1.3328427799593179,-1.6226989405837489,7.731157574429656,-0.3697177708751884,-0.29185625420077216,0.155402575597617,-0.23988563319899728,-0.5996050399982769,0.1538543492847874,-1.755638521769603,-1.7600844038879853,0.7330959316798642,0.18809970222979883
Run_0615_222920,45.63903617858887,Phase_3_Arc_Pivot,-0.06282187035621296,-0.5995769155720639,0.27894110151228096,8.525165926668743,-1.2527592409801918,-1.5804821377232825,8.283183239172613,-0.37920933383907196,-0.2543088423764016,0.1673159219590989,-0.24166291496667933,-0.5995769155720639,0.15281937389527867,-1.7556405690645447,-1.7600375518415512,0.7330399262050327,0.18809970222979883
Run_0615_222920,45.74121880531311,Phase_3_Arc_Pivot,-0.06478736303433334,-0.5996027028419728,0.279400003436987,8.290351387620532,-1.405732112921141,-1.5997650294374117,8.012152969552757,-0.37013664054179335,-0.28261398886944417,0.15393139504204337,-0.24337722083060997,-0.5996027028419728,0.15175405335706646,-1.7555700511235124,-1.760161253784115,0.7329733260526082,0.18809970222979883
Run_0615_222920,45.84293079376221,Phase_3_Arc_Pivot,-0.06677926541917079,-0.5995843775989858,0.2796094003476536,7.412452879978385,-2.162004209230672,-0.6642814893684422,7.058960660044166,-0.3839133144732647,-0.4515522177128502,0.053418665406120794,-0.24493377448988202,-0.5995843775989858,0.15049363164877808,-1.7555449140237969,-1.7602007169033165,0.732906664177533,0.18809970222979883
Run_0615_222920,45.94472694396973,Phase_3_Arc_Pivot,-0.06871349857227234,-0.5996165977291465,0.2800206408405276,8.636986043840281,-2.14413936053989,-1.9427212686206388,8.137937600923491,-0.3646417144467949,-0.35424470886677795,0.13834856429012501,-0.2465922748100457,-0.5996165977291465,0.14941671321103386,-1.7555607693119242,-1.7601100296709062,0.7330928572402353,0.18809970222979883
Run_0615_222920,46.04682993888855,Phase_3_Arc_Pivot,-0.07067724031211624,-0.5996376233717579,0.2804465217314929,8.048607243076113,-1.9941401211169185,-2.0679964821943755,7.5184356271953785,-0.35772261176888465,-0.4422514586850665,0.14576334852081965,-0.24828199317676772,-0.5996376233717579,0.14832928137627052,-1.7556919271451044,-1.7601040852641598,0.733169125977603,0.18809970222979883
Run_0615_222920,46.1479754447937,Phase_3_Arc_Pivot,-0.07271683534484398,-0.5996072403727186,0.2807640902558989,7.537964276450996,-1.959898764098345,-0.3100854342930868,7.27210762372068,-0.3835508236155062,-0.7213189857060777,0.008916386069235064,-0.24994875951238277,-0.5996072403727186,0.1471116247548532,-1.7557253989761608,-1.7601860036525292,0.7329407915308908,0.18809970222979883
Run_0615_222920,46.24999475479126,Phase_3_Arc_Pivot,-0.07471054404877961,-0.5995793349776364,0.28110697649507216,8.135396719393619,-2.043489319622794,-2.287192501346704,7.535090022308388,-0.37712585875384974,-0.3364165387008021,0.15152552471226155,-0.25160098164154127,-0.5995793349776364,0.14594431699548466,-1.7556166849024517,-1.7600632467297652,0.7330203372289783,0.18809970222979883
Run_0615_222920,46.35095429420471,Phase_3_Arc_Pivot,-0.07660644108132612,-0.5996188920647636,0.2814897321928404,8.50411867013795,-2.3800449538701094,-1.9935087529934266,7.917154995646156,-0.3664716214855211,-0.36590797393190355,0.11526395342671435,-0.25321223243911606,-0.5996188920647636,0.14487436449676927,-1.7556242440537106,-1.7600968822012417,0.7331783242517798,0.18809970222979883
Run_0615_222920,46.45321488380432,Phase_3_Arc_Pivot,-0.07863748687906914,-0.599647833838333,0.28182595642213,8.552235828407088,-2.7238112570759005,-1.91208745976399,7.878166756722643,-0.3526109888811501,-0.5218086058392382,0.09458356948101625,-0.2548861451281305,-0.599647833838333,0.14367594467281464,-1.75568262222204,-1.7601611466193297,0.7331232530491489,0.18809970222979883
Run_0615_222920,46.55385708808899,Phase_3_Arc_Pivot,-0.08069655316864455,-0.5996382658636165,0.2819855488497216,8.779456151341128,-2.3530199356061767,-2.4403470713787287,8.09857108798674,-0.34188535652577545,-0.4000604925845099,0.09887923194801845,-0.2564549737521779,-0.5996382658636165,0.14233281382431928,-1.75563450427328,-1.7600205716163586,0.7331442977304871,0.18809970222979883
Run_0615_222920,46.65555763244629,Phase_3_Arc_Pivot,-0.08265947812088806,-0.5996329156797536,0.282142054245486,8.198100477601537,-2.6412421676931253,-2.0574024229294854,7.483300509973801,-0.4219745190028264,-0.3950524025768524,0.17598220822977192,-0.2579536373235069,-0.5996329156797536,0.1410554823062649,-1.7555775041131505,-1.7601897462440987,0.7330916319833295,0.18809970222979883
Run_0615_222920,46.756322622299194,Phase_3_Arc_Pivot,-0.08463880141683867,-0.5996023088009843,0.2823850846015625,8.431934144946029,-2.8175850077477973,-1.6784475736342104,7.767981841597146,-0.41297084514505517,-0.37875460250023857,0.1021811596329708,-0.2595250786610499,-0.5996023088009843,0.13982773779435356,-1.7556464319983263,-1.7600626176718812,0.7331393403470123,0.18809970222979883
Run_0615_222920,46.8565833568573,Phase_3_Arc_Pivot,-0.08676922265723168,-0.5995584078227637,0.2818950502421829,6.932479818265426,-5.638206424363677,-2.3097312840174866,-3.3068181296455537,-0.38387546763101915,-2.452390581460204,-0.019705815733358792,-0.260685007348384,-0.5995584078227637,0.13797479586995615,-1.755545966783231,-1.7610400191911946,0.7319295631534741,0.18809970222979883
Run_0615_222920,46.95719838142395,Phase_3_Arc_Pivot,-0.08941441707804348,-0.5995620956907558,0.2809698834813435,6.922482134444985,-3.9699713392173503,-3.256064934135148,-4.643073078489963,-0.32944099867770354,-2.651761732789399,0.05411039017784468,-0.2619012505705789,-0.5995620956907558,0.13545016926712533,-1.7553643935099497,-1.7603298105112872,0.7326370136120398,0.18809970222979883
Run_0615_222920,47.059160470962524,Phase_3_Arc_Pivot,-0.09207552600267115,-0.5996134422732007,0.27983666798358553,6.715761694963824,-2.798543965923231,-1.9210072898234634,-5.794768140899441,-0.33360865713985516,-2.7647442396049904,-0.09843389990799273,-0.2629816343736488,-0.5996134422732007,0.13276717673803473,-1.7554083224318766,-1.7602122961617435,0.7329451041025811,0.18809970222979883
Run_0615_222920,47.16035747528076,Phase_3_Arc_Pivot,-0.09493581784792485,-0.5998290969454335,0.27850473366827033,8.176770399096934,-3.5667506351703175,-3.211589957670049,-6.619936103154838,-0.31045677247250164,-2.8531331239568907,-0.05562267446993054,-0.26406234634714587,-0.5998290969454335,0.12980282519162883,-1.7555626225933545,-1.76024873323885,0.7330914295068732,0.18809970222979883
Run_0615_222920,47.26074290275574,Phase_3_Arc_Pivot,-0.09789406628377828,-0.6004763551662998,0.2770912028436792,9.493127672810353,-6.22041407006304,-1.8960298206296855,-6.915995425715841,-0.1813581449081185,-3.030747771702593,-0.21832859108767272,-0.2651546266450877,-0.6004763551662998,0.12671151043071777,-1.755486903951368,-1.7603174884534365,0.7328491633892862,0.18809970222979883
Run_0615_222920,47.36124658584595,Phase_3_Arc_Pivot,-0.10065617690436555,-0.601052711438683,0.2758075024646458,6.5108336589171945,-4.228011029158814,-2.2498583845892894,-4.41055721204178,-0.053253089024090726,-2.7090265142794636,-0.30722976611156094,-0.2662000205522661,-0.601052711438683,0.12385069003748686,-1.7556017073942716,-1.7601019617679612,0.7331368223281418,0.18809970222979883
Run_0615_222920,47.463542461395264,Phase_3_Arc_Pivot,-0.10350955936491162,-0.6015454466708532,0.27434504803518694,9.527770460328114,-6.6814634686999375,-3.192936178012286,-5.995132561025611,0.02051549808216018,-2.968583457224297,-0.3174898061637679,-0.2671835551951903,-0.6015454466708532,0.12079893250606935,-1.7556129820038586,-1.760204421113409,0.732911990254337,0.18809970222979883
Run_0615_222920,48.52504205703735,Phase_3_Final_Insertion,-0.1048360285695996,-0.6017364331787182,0.2735823225187395,0.9090179111126385,-0.6118791022418781,-0.5421918399829057,0.39742362237190837,-0.006667174789684711,0.05525408120196535,-0.0022796108617151056,-0.2675821821799963,-0.6017364331787182,0.11932164875153531,-1.7556183198485724,-1.760167245775776,0.7330607506345508,0.18809970222979883
Run_0615_222920,48.62733197212219,Phase_3_Final_Insertion,-0.10503569450211843,-0.601612104964384,0.271679195363718,0.37019508943021606,-0.3024195148915427,-0.17806805069293674,0.11780751492764528,0.2991468720031273,0.13261849944888005,0.0909223320299361,-0.2663776531980763,-0.601612104964384,0.11783474949990333,-1.7553496741203367,-1.7603431915833883,0.7324215710953321,0.18809970222979883
Run_0615_222920,48.728689670562744,Phase_3_Final_Insertion,-0.10492563026367553,-0.601684543881668,0.26975821659233407,1.2588520171680384,0.0579245969995875,0.4419359147449464,1.1773044591137087,0.3222904199519794,0.16107545834708523,0.013960462245794237,-0.2649414889129462,-0.601684543881668,0.11655423955351146,-1.7555069525925888,-1.7602328585592673,0.7327702155849086,0.18809970222979883
Run_0615_222920,48.83037567138672,Phase_3_Final_Insertion,-0.10488512743898477,-0.6017078253568169,0.2677813078838269,0.48096970419851837,-0.15632381196483963,0.38862321832397445,-0.23636141044829675,0.350801486317612,0.065786055784456,0.020565037555569026,-0.2635149635373781,-0.6017078253568169,0.1151849938219354,-1.755602653388625,-1.7601538314429173,0.7329102792726249,0.18809970222979883
Run_0615_222920,48.931556701660156,Phase_3_Final_Insertion,-0.10487588989182214,-0.6017094945440499,0.2658080139711536,1.0431148583242755,-0.17667537978335884,0.794138570720163,0.6528540023081851,0.3664917419111167,0.11171832971610172,-0.023158510119760514,-0.2621131020982124,-0.6017094945440499,0.11379619624725018,-1.7556347106182892,-1.7601262749302158,0.7329618607528072,0.18809970222979883
Run_0615_222920,49.03252100944519,Phase_3_Final_Insertion,-0.10485248434667312,-0.6017207412296389,0.2637381094526029,0.759600158912079,-0.1322202003502749,0.6732792628891494,0.3258914761113468,0.3511858364928036,0.06250431040529246,-0.012362501451449844,-0.2606329083570443,-0.6017207412296389,0.11234910294546654,-1.7555668724839897,-1.760196045010583,0.7329773447325034,0.18809970222979883
Run_0615_222920,49.13353443145752,Phase_3_Final_Insertion,-0.10486393814178312,-0.6017126846732879,0.26176489132271735,0.6024076412329816,-0.38566875977545567,0.23674429285500684,0.3976263494157917,0.3605681382957506,0.08423698406782196,-0.014942739571991503,-0.2592457314928346,-0.6017126846732879,0.11094572796887162,-1.7556184636939747,-1.7601352452978474,0.7329778948542166,0.18809970222979883
Run_0615_222920,49.23422384262085,Phase_3_Final_Insertion,-0.10483217973153487,-0.6017450095795193,0.2597086003845452,0.3962958992629762,-0.1798929161370308,-0.05883929553441742,-0.3481765583685663,0.37443039643847764,0.02778096584750757,-0.006171060800462168,-0.25776925763911435,-0.6017450095795193,0.10951416728964386,-1.7556300429622587,-1.7601967917798078,0.7330491523915472,0.18809970222979883
Run_0615_222920,49.33460593223572,Phase_3_Final_Insertion,-0.10485313617485592,-0.6017107440750374,0.2577521874737296,0.8013595638332257,-0.24312042562505343,0.7101705333247035,0.28058407436662686,0.3757897622172498,0.10091932005620843,-0.05194476302956558,-0.2564006832462576,-0.6017107440750374,0.10811595601042337,-1.7556135696946389,-1.7601531971756057,0.7329966287252204,0.18809970222979883
Run_0615_222920,49.435417890548706,Phase_3_Final_Insertion,-0.10484926582912342,-0.6017219871534623,0.2557096183773474,1.1014312621331146,-0.20407455923838128,0.8411984137444021,0.6810944341203413,0.37128794177937446,0.13239652000075366,-0.043715270604919435,-0.2549536320394507,-0.6017219871534623,0.10667437829904247,-1.7555782642606959,-1.7601749467046368,0.733001616626153,0.18809970222979883
Run_0615_222920,49.53625965118408,Phase_3_Final_Insertion,-0.10484974310957244,-0.6017290029250497,0.253623631054053,0.7563060799971979,-0.43068662490483256,0.6210520423801128,-0.028324519842401457,0.38320337311155117,0.05984885254575154,-0.06406372148464404,-0.25347895374592205,-0.6017290029250497,0.10519902502902978,-1.7555689614042098,-1.7602423508183587,0.7329414358931304,0.18809970222979883
Run_0615_222920,49.63687515258789,Phase_3_Final_Insertion,-0.10485302793248953,-0.601716079891125,0.2517201520918112,0.7045341661120906,-0.33765069539850173,0.5833269189735492,0.20515873054050981,0.3552080536383006,0.10399728120542752,-0.04669414137075711,-0.25213531358443464,-0.601716079891125,0.103850739426423,-1.7556363780451365,-1.760106753045329,0.7330232662539119,0.18809970222979883
Run_0615_222920,49.73760986328125,Phase_3_Final_Insertion,-0.10484595140842937,-0.6017102122917535,0.2496716188728486,1.010545126590266,-0.2065178491021071,0.7144234719662764,0.6842155607564236,0.3645770343724151,0.13238502703472732,-0.05454745588821728,-0.2506817779956701,-0.6017102122917535,0.10240721155395882,-1.7555443279912595,-1.7601787796939432,0.7329893078870895,0.18809970222979883
Run_0615_222920,49.838218450546265,Phase_3_Final_Insertion,-0.10485179053720153,-0.6017247655141262,0.2476166964131843,0.9487012476416612,-0.03198876038427094,0.7670566533081908,0.5573462721697887,0.3824798087041983,0.10273833317242721,-0.046453163745177446,-0.24923285727717995,-0.6017247655141262,0.10095003306036662,-1.7555482859355411,-1.7602085051911804,0.7329710624611908,0.18809970222979883
Run_0615_222920,49.93859553337097,Phase_3_Final_Insertion,-0.10483646252238454,-0.6017292938733708,0.2456064109428979,0.5217610935952639,-0.2727799940611216,0.44470580418131683,0.007903249786540946,0.386501014033454,0.0765812441462493,-0.030666043859161107,-0.24780053224580045,-0.6017292938733708,0.09953938511542554,-1.7555638701588907,-1.760240569209842,0.7329839534737058,0.18809970222979883
Run_0615_222920,50.039371490478516,Phase_3_Final_Insertion,-0.10481303014224885,-0.6017503158111569,0.24364078143191734,0.7742012044999217,-0.2945604527912543,0.7108464052987152,0.08555134583649451,0.3604436265506592,0.09550565006033775,-0.05275779837828409,-0.2463940530943924,-0.6017503158111569,0.09816604435380408,-1.7556177065498024,-1.7602018645223227,0.7330823424722055,0.18809970222979883
Run_0615_222920,50.140005111694336,Phase_3_Final_Insertion,-0.1048618526016033,-0.6017245525938386,0.2415964238522824,0.5879803149296069,-0.12209168231652331,0.44851335444994916,0.36006977481301466,0.39387871643958805,0.09848684972961823,-0.06253649345907081,-0.24498299667874615,-0.6017245525938386,0.09668594255399035,-1.7556220176429862,-1.760124569741916,0.7329936620749135,0.18809970222979883
Run_0615_222920,50.24125647544861,Phase_3_Final_Insertion,-0.10485133748088882,-0.6017253073306237,0.23960525378322453,0.6756779603129238,-0.4337629189568417,0.2981804886658566,0.4236494215382153,0.3887927563908124,0.09943801474974942,-0.055658084914029786,-0.24356759150725743,-0.6017253073306237,0.09528540800882607,-1.7556157095271714,-1.7601258695726516,0.7330214645921914,0.18809970222979883
Run_0615_222920,50.34254312515259,Phase_3_Final_Insertion,-0.10485438638371691,-0.6017104431326218,0.23760132219654834,1.985563054035637,-0.3024053924776171,1.3046882087646932,1.4658786778114214,0.38803206232592535,0.1729780898936369,-0.11275039039742381,-0.24215275379314968,-0.6017104431326218,0.09386625849498847,-1.7556225974091957,-1.7601355609108258,0.7330002704342626,0.18809970222979883
Run_0615_222920,50.44368362426758,Phase_3_Final_Insertion,-0.10484403615307171,-0.6017551268417931,0.23555402179420157,0.8636667453901289,-0.4844357816238901,0.7058101761040955,0.1143425375052264,0.4111319595699648,0.12927321761046826,-0.1191844384823862,-0.24069777507724827,-0.6017551268417931,0.0924259172156392,-1.7555761496257773,-1.7602215611253842,0.7330064408001243,0.18809970222979883
Run_0615_222920,50.54620718955994,Phase_3_Final_Insertion,-0.10487253561050368,-0.6017346031455246,0.23345693794050243,1.788271023464133,-0.14613302721662627,1.5908056842937608,0.8036763443928295,0.4241349594053178,0.2030739264352517,-0.15995823284533106,-0.23923506502319108,-0.6017346031455246,0.09092290284236143,-1.7555045253582835,-1.760192658593213,0.7329559239382089,0.18809970222979883
Run_0615_222920,50.646321058273315,Phase_3_Final_Insertion,-0.1048680361384345,-0.6016980002229264,0.23152106495134592,2.9183441446675817,-0.4698504765636388,2.197561375886765,1.861906838592938,0.43860506994925635,0.3139013770021018,-0.2482984725966545,-0.23786301449783076,-0.6016980002229264,0.08955721553142487,-1.7556056922385832,-1.7600945069865181,0.7329871916923648,0.18809970222979883
Run_0615_222920,50.748379945755005,Phase_3_Final_Insertion,-0.10484660252019395,-0.6017234931660026,0.22943003798496048,4.415338061104292,-0.4272527621761123,2.7056192527348064,3.4629885547428305,0.43266804837205475,0.5012509520684361,-0.33414443484071293,-0.23636927929345244,-0.6017234931660026,0.08809379204065304,-1.7555461861317025,-1.7602021093088152,0.7329728364647727,0.18809970222979883
Run_0615_222920,50.85045552253723,Phase_3_Final_Insertion,-0.1049004081063317,-0.6017051973856049,0.22731648512619967,2.5954289129631176,-0.7301767570891198,2.359991834878623,0.7959470365281579,0.4348262639169704,0.2582550680568418,-0.3527693632405575,-0.2349128180294502,-0.6017051973856049,0.08656123818700337,-1.7555692961359206,-1.7602419130268234,0.7328009507235685,0.18809970222979883
Run_0615_222920,50.95072078704834,Phase_3_Final_Insertion,-0.10492941560636451,-0.601706763485224,0.22539344910344625,3.5813554561706673,-1.1368993917100034,2.3320162939189677,2.468859388760177,0.46737379086383507,0.449823927391129,-0.4350976918927963,-0.23357353761727367,-0.601706763485224,0.08518093497486992,-1.7556408594468598,-1.7601033037284592,0.7328589532940846,0.18809970222979883
Run_0615_222920,51.051544427871704,Phase_3_Final_Insertion,-0.10487417052271489,-0.6017229242218358,0.22347452238683463,6.058566802444793,-1.1156114506533001,3.478951188510963,4.83306749578521,0.47810356937115084,0.7089079700242025,-0.5765298326126392,-0.23217758735008173,-0.6017229242218358,0.0838631130542297,-1.7556239369113589,-1.7599994286192537,0.7330605504382599,0.18809970222979883
Run_0615_222920,51.15280771255493,Phase_3_Final_Insertion,-0.1048539218900441,-0.6017482745320509,0.22138721928243238,6.998778549302757,-1.6563351573088678,4.439254194214496,5.150968571831129,0.48725052411641184,0.8531225376330079,-0.6662144587324982,-0.23068732322509589,-0.6017482745320509,0.08240148482018639,-1.7555310724090814,-1.7601214316632348,0.7330495367739294,0.18809970222979883
Run_0615_222920,51.25440859794617,Phase_3_Final_Insertion,-0.10484929375318558,-0.6017500515340205,0.2193120791222544,3.9302861838091285,-2.054191675375818,3.0480219652738456,1.3917644005598708,0.5278471849504147,0.46291236124400703,-0.7112653364417535,-0.2292167049589646,-0.6017500515340205,0.08093741172796892,-1.755517758449392,-1.7603008123487542,0.7328958253665879,0.18809970222979883
Run_0615_222920,51.3546838760376,Phase_3_Final_Insertion,-0.10482649878070183,-0.6015538811957504,0.21737695492590972,5.547181410062622,-3.090524777892581,4.483931695361696,1.0555731830181827,0.4049500464117784,0.5391546446279678,-0.718040572695242,-0.22783224703767085,-0.6015538811957504,0.07958519076591566,-1.755644742939863,-1.7601767621343798,0.7330957055578117,0.18809970222979883
Run_0615_222920,51.454766273498535,Phase_3_Final_Insertion,-0.10482981032856774,-0.6013570449283223,0.21558888267289866,5.181544253444342,-1.8712035528279203,3.1971103001570396,3.622910962598448,0.3751927318855897,0.5883929969633633,-0.4997820560222329,-0.22657023064026743,-0.6013570449283223,0.0783184911326078,-1.7556117402388367,-1.7601976310386847,0.7330542919639051,0.18809970222979883
Run_0615_222920,51.55552077293396,Phase_3_Final_Insertion,-0.10485897634266537,-0.6013327203010077,0.2135663780789967,6.189923694054838,-2.058142031683319,4.740202381178237,3.4072992385630188,0.3476646108595392,0.6787612634441261,-0.617138466142653,-0.22516072741328705,-0.6013327203010077,0.07686774093293017,-1.7554871239876915,-1.7601852227659298,0.7329563932401368,0.18809970222979883
Run_0615_222920,51.65717887878418,Phase_3_Final_Insertion,-0.10487831981127975,-0.601378901840181,0.21168274884287694,4.962058985011745,-2.5621284432513587,4.247797545900505,0.11723148066882116,0.38970055668690345,0.34889809272444267,-0.7631507237412612,-0.22384247830501441,-0.601378901840181,0.07552213602899974,-1.7556271228241649,-1.760139132382294,0.7329481037593791,0.18809970222979883
Run_0615_222920,51.7580783367157,Phase_3_Final_Insertion,-0.10487497345798699,-0.6011712356877609,0.2097067290132311,4.45770696975668,-3.2144627935120615,2.563609046428345,-1.7222917971164653,0.2998420814837546,0.28424522372212496,-0.5039644867644976,-0.2224428550546072,-0.6011712356877609,0.07412724523680364,-1.755765733427697,-1.7601861225810749,0.7329616221406119,0.18809970222979883
Run_0615_222920,51.85913276672363,Phase_3_Final_Insertion,-0.10479700205103257,-0.6009957164899907,0.2078693235318175,6.456611099487637,-2.163718184602103,3.4081790600599464,5.038895315663745,0.270872869288901,0.6655041498229604,-0.5643598633766492,-0.2210884790683142,-0.6009957164899907,0.07288313747170289,-1.7555698786872203,-1.7601840429423432,0.7331368995670948,0.18809970222979883
Run_0615_222920,51.961405754089355,Phase_3_Final_Insertion,-0.10486144913581066,-0.6010133332239062,0.20583991541020302,5.640942772127393,-3.2063073440674206,3.8367604810092364,2.6113401894738595,0.2849795647157848,0.6064289888897545,-0.6047358425375619,-0.21969904179439984,-0.6010133332239062,0.07140255825643996,-1.7556570746627043,-1.760128485965403,0.7329908903956533,0.18809970222979883
Run_0615_222920,52.062376737594604,Phase_3_Final_Insertion,-0.10489429637578132,-0.6010353448628185,0.20385260816412387,6.817453802093002,-3.5233714476503715,3.9381000690488945,4.307539649464825,0.31675167687814915,0.739910627525952,-0.7400698929588228,-0.21831702987052262,-0.6010353448628185,0.06997409332030971,-1.7556472257176512,-1.7600960807365207,0.7329309885187884,0.18809970222979883
Run_0615_222920,52.16363716125488,Phase_3_Final_Insertion,-0.10485111459410791,-0.6011168172639159,0.20199756272775568,8.105217288572726,-3.942067003821951,5.211554650783381,4.79524276280717,0.35594204554268466,0.8532481613870148,-0.9535035826351461,-0.2169747805324125,-0.6011168172639159,0.06869291224348958,-1.7556614368984453,-1.7599920451388975,0.733151380541281,0.18809970222979883
Run_0615_222920,52.2657368183136,Phase_3_Final_Insertion,-0.10478659279283324,-0.6007497125081268,0.20003207475799545,9.05933502697006,-2.3591260360695077,0.3550745312946394,8.739565066640989,0.22442360831827698,1.1753605008953487,-0.3173676908796704,-0.21553934685743878,-0.6007497125081268,0.06734872617494722,-1.7556352986142272,-1.7600147498003917,0.7334196206341621,0.18809970222979883
Run_0615_222920,52.36681294441223,Phase_3_Final_Insertion,-0.10488961326694834,-0.6007952757309207,0.19797637396195364,4.418207855406401,-2.9936090822648302,2.729037240363515,1.763865373792865,0.26050734403498144,0.5114612656110289,-0.6214193959337275,-0.2141585933603149,-0.6007952757309207,0.06582227972612764,-1.7555990385391487,-1.7602070087878467,0.7328527022392656,0.18809970222979883
Run_0615_222920,52.46685791015625,Phase_3_Final_Insertion,-0.10488107800766043,-0.6008732021624313,0.19616873073857527,6.687700142784765,-3.889604486282829,5.139874449655069,1.7826948089549335,0.25947404048545764,0.5840777624015387,-0.9134104655267625,-0.21287436123937648,-0.6008732021624313,0.06455011828463256,-1.755524639694035,-1.7601882339322852,0.7328874760010382,0.18809970222979883
Run_0615_222920,52.56765532493591,Phase_3_Final_Insertion,-0.10480745247700061,-0.6005505842230804,0.19437551327824398,7.41643801974995,-3.3990183178926876,2.782552036397678,5.975586292587671,0.1435745284711906,1.0089478247455024,-0.4155856101319155,-0.21155430390103608,-0.6005505842230804,0.06333418317028819,-1.7555273813770569,-1.7601507187426508,0.7331650380865684,0.18809970222979883
Run_0615_222920,52.66858983039856,Phase_3_Final_Insertion,-0.1050417717524395,-0.6007331309446184,0.19237268489589984,4.379619073163795,-4.309227425867627,-0.3740459210385633,-0.6868128326733395,0.2588075132834295,0.22535220138953738,-0.22461338014377502,-0.2103037791189532,-0.6007331309446184,0.06175228089095422,-1.7555670759532813,-1.7604173108383123,0.7328991888385683,0.18809970222979883
Run_0615_222920,52.769808769226074,Phase_3_Final_Insertion,-0.10501746572886307,-0.6008791255056636,0.19052668587948654,5.539285721649354,-3.4172977600763152,3.98751761110502,1.762233136157961,0.3451304266803622,0.4856274806639091,-0.8115003879079135,-0.2089812737422891,-0.6008791255056636,0.06046414942247924,-1.7556728446323138,-1.7600880100052783,0.7331055869325768,0.18809970222979883
Run_0615_222920,52.87103247642517,Phase_3_Final_Insertion,-0.10501868603823016,-0.6005688992300816,0.18848378161656948,5.533802911307959,-3.3789743769289298,2.605439910201346,3.5238032997867803,0.17094127183651384,0.68466620760748,-0.4660627337269396,-0.20753758517369414,-0.6005688992300816,0.05901873507582708,-1.7555485324211226,-1.760165326383076,0.7330128968083469,0.18809970222979883
Run_0615_222920,52.972355365753174,Phase_3_Final_Insertion,-0.10500348185905903,-0.6006217765777275,0.1865692046430006,5.230874223457388,-3.1418833578911554,2.3519414606920814,3.4581766109490606,0.26497274916716895,0.3343880785569359,-0.6987047484936937,-0.2061730238343857,-0.6006217765777275,0.057675675692907186,-1.7555415723276329,-1.760198240109773,0.7329401971004094,0.18809970222979883
Run_0615_222920,53.0742084980011,Phase_3_Final_Insertion,-0.10521903426974885,-0.6008108718362594,0.18460798737348985,4.818084209488569,-3.093180445286343,3.3103532108621945,1.639430328484756,0.3362741861964256,0.5310897162823874,-0.7837712754240056,-0.20493865237503436,-0.6008108718362594,0.05613646709095607,-1.7555777434149449,-1.7600905211454472,0.7328344385258434,0.18809970222979883
Run_0615_222920,53.17618274688721,Phase_3_Final_Insertion,-0.10509613898561432,-0.6005062310813927,0.182622531935444,8.42099059054368,-5.137115653234422,2.6603751643911466,-6.119275224731264,0.08911236377858729,-0.3143084753743337,-0.32660578611106034,-0.20344782328226108,-0.6005062310813927,0.054819438175757546,-1.7557126778066312,-1.7602834269756709,0.732862276241175,0.18809970222979883
Run_0615_222920,53.277889251708984,Phase_3_Final_Insertion,-0.10505960562685683,-0.6007926477440716,0.18098456660756082,9.919343984267703,-4.367326164978639,6.913992754774605,5.61396040543974,0.3303679693717273,0.7925430469688466,-1.5449614114205552,-0.2022637739058495,-0.6007926477440716,0.05368705477077984,-1.7554255863839754,-1.760094018567495,0.7329539280608831,0.18809970222979883
Run_0615_223124,7.780073165893555,Phase_0_Cal_Plunge,0.10070300862297876,-0.5988736954398408,0.3009519200234916,0.39796845507051193,-0.31236145484280325,-0.031209354063254195,0.2446123238486808,-0.00045582125522363023,0.021620290657248093,-0.004315842348294989,-0.14159736317652674,-0.5988736954398408,0.2840129237429181,-1.755854388167142,-1.759161090674181,0.7331698179984135,0.18801065351594456
Run_0615_223124,7.881377458572388,Phase_0_Cal_Plunge,0.10087522938414566,-0.5989406280867735,0.29850763852880247,2.070424266318044,-0.7316572049535099,0.11371067232820019,1.9334953478084445,0.021079900576811115,0.12583769487021698,0.005865476039175166,-0.13974721668842105,-0.5989406280867735,0.2824063341909768,-1.7557796694343202,-1.7593844765509203,0.7334471122687141,0.18801065351594456
Run_0615_223124,7.981393814086914,Phase_0_Cal_Plunge,0.10078203969250953,-0.5988889006049217,0.293540292972069,0.4341318076642742,-0.33765922562532213,0.08344492986743927,-0.25979533763209905,0.022981560507291256,-0.006107409732698451,-0.016286584665756835,-0.13630066802365054,-0.5988889006049217,0.27882799540042114,-1.7558928759033818,-1.759286422698112,0.733198149969959,0.18801065351594456
Run_0615_223124,8.081669330596924,Phase_0_Cal_Plunge,0.10071093633109011,-0.5988383525088534,0.2885866750134933,0.8520339193650657,-0.44866341313768465,0.3190664913205975,0.6502764916376738,0.02360979893931324,0.04220382032504533,-0.03206448740933269,-0.132848208842759,-0.5988383525088534,0.27527498088147995,-1.7558451556136196,-1.759198219222549,0.7331204957286581,0.18801065351594456
Run_0615_223124,8.183449506759644,Phase_0_Cal_Plunge,0.1007389373682799,-0.5988668674260768,0.28351845358649314,0.42584847044634383,-0.1664070300935459,0.11334923704230827,0.37524334848050656,0.01263566731899181,0.04321126583469821,0.001047335372301819,-0.1292446353798951,-0.5988668674260768,0.27171100686517036,-1.7559268412234816,-1.7591517592423318,0.733247548392656,0.18801065351594456
Run_0615_223124,8.285380363464355,Phase_0_Cal_Plunge,0.1006933670341407,-0.5988657913778681,0.2783776139197522,0.5323116101422958,-0.025545827052068818,0.28460444511239785,0.44911398423426246,0.028229858896252496,0.03483850657293661,0.003640972769707153,-0.12564173588284056,-0.5988657913778681,0.2680436611835343,-1.7557973771911954,-1.7591318024751867,0.7331844486000293,0.18801065351594456
Run_0615_223124,8.385421752929688,Phase_0_Cal_Plunge,0.10066750616937488,-0.5988589119397889,0.2733360375023815,0.30929829340872433,-0.13544952323108708,0.2409438023583838,-0.13879821708907003,0.01660065339260465,-0.010172871817393672,-0.0008518770137086895,-0.12209508940309083,-0.5988589119397889,0.26446044191809803,-1.7558222227604836,-1.759191912217816,0.7330504239299426,0.18801065351594456
Run_0615_223124,8.486583709716797,Phase_0_Cal_Plunge,0.10069257441884313,-0.5988673104586001,0.2682914992930398,0.881192052611033,-0.17011293819885032,0.41757074171930586,0.7570968877905841,0.009799232190668524,0.03738978566286488,-0.0025538190715094413,-0.11851033629811918,-0.5988673104586001,0.26091114067150933,-1.7558470050541215,-1.7591248202737928,0.7331878039370338,0.18801065351594456
Run_0615_223124,8.586646318435669,Phase_0_Cal_Plunge,0.10070030402622628,-0.5989011144567847,0.2631506976969686,0.2282953521165124,0.15488796257239046,0.08882188091691644,0.14226440285101988,0.017213196206320974,0.020011782068557655,0.005776688491834681,-0.11486977497100606,-0.5989011144567847,0.2572815106599893,-1.7556470295175037,-1.7592963374038038,0.7330837296963931,0.18801065351594456
Run_0615_223124,8.687032461166382,Phase_0_Cal_Plunge,0.10068491921742179,-0.5988825920867248,0.25825922930155915,0.5207820270062323,-0.05016851393499815,0.37191364556347817,0.36107794187122194,0.02430479544980877,0.027155345273433114,-0.02977022471429722,-0.11142186320128529,-0.5988825920867248,0.2538118414850027,-1.7558582957741697,-1.7591510583187275,0.7331431207766621,0.18801065351594456
Run_0615_223124,8.789175033569336,Phase_0_Cal_Plunge,0.10069171136604471,-0.5988669466398573,0.2531751842342349,0.23028025969886273,-0.15586850072633135,-0.0918397302254623,0.14247621710452454,0.009840074496408743,0.01346258345975556,-0.009228962267605344,-0.1078220976839722,-0.5988669466398573,0.2502216815163898,-1.7558545532748693,-1.7591512371772364,0.733161385182505,0.18801065351594456
Run_0615_223124,8.890444278717041,Phase_0_Cal_Plunge,0.100673191962258,-0.598840520778319,0.24818225491003548,0.43964469532914274,-0.2770755896965781,0.28100045840609944,0.1937919453974035,0.006198259041334033,0.032659896675396455,-0.017803205766421543,-0.10430465869684673,-0.598840520778319,0.2466780521372621,-1.755844714402632,-1.7591303061123562,0.7331010633850208,0.18801065351594456
Run_0615_223124,8.990559577941895,Phase_0_Cal_Plunge,0.10066260793260645,-0.5988705925232066,0.24308727373968678,0.5786894079330293,-0.16773212233424872,0.4580501364094549,0.31134777745538567,0.02190465298909965,0.019654926643195687,-0.01698304465952443,-0.1007094470004143,-0.5988705925232066,0.24306787236255187,-1.7558941910903172,-1.759110634851652,0.7331278935286687,0.18801065351594456
Run_0615_223124,9.092392683029175,Phase_0_Cal_Plunge,0.10076613655542581,-0.5989037956792608,0.2380596828045719,0.6163613742939261,-0.24009426457005942,0.11946891524967392,0.5549624006463193,0.015040470667092702,0.03020792547582746,0.002120393520715764,-0.09708119756592007,-0.5989037956792608,0.23958603451054258,-1.755871254020449,-1.759235906325211,0.7332954370562655,0.18801065351594456
Run_0615_223124,9.19453740119934,Phase_0_Cal_Plunge,0.10073102571983193,-0.5988589842744028,0.23289216876856167,0.7476287617982846,0.12412224079317916,0.49999003302018735,0.5418047634425045,0.0065087254529029425,0.030313053583805403,-0.01550452287409065,-0.09345204045912213,-0.5988589842744028,0.23590722318386154,-1.7558276323979627,-1.7591859142620077,0.7332317960494766,0.18801065351594456
Run_0615_223124,9.295534610748291,Phase_0_Cal_Plunge,0.10069874689856113,-0.5988787826896929,0.22785379273043535,0.30755155951835544,-0.01671344537363567,0.27483260685203115,0.13702430702919793,0.0037593239384690904,0.00611037851444464,-0.021996095441071173,-0.08991219516980449,-0.5988787826896929,0.2323217287477253,-1.7558047484447694,-1.7592073009032054,0.7331293805879074,0.18801065351594456
Run_0615_223124,9.395646810531616,Phase_0_Cal_Plunge,0.10071780514707565,-0.5988644990452858,0.22289501602253528,0.4579164678728287,0.0367525633479912,0.07527238441217032,0.4501897475302894,0.00919420568273343,0.02186081104672919,0.002743124819778116,-0.08639233431649629,-0.5988644990452858,0.2288288203279414,-1.755892660474907,-1.7591650980502136,0.7331902903297969,0.18801065351594456
Run_0615_223124,9.497134923934937,Phase_0_Cal_Plunge,0.10065672508079292,-0.5988715450043439,0.21776107181213447,0.40490154735243705,-0.12752892651088427,-0.08384168670579925,0.37503627494111275,0.011655241746531595,0.03202856176170944,-0.005590963921356998,-0.0828052776801523,-0.5988715450043439,0.22515538343346975,-1.7558547335813142,-1.7590967180909718,0.7331071066428864,0.18801065351594456
Run_0615_223124,9.598042249679565,Phase_0_Cal_Plunge,0.10068591067112985,-0.5988681565865883,0.21273168034582424,0.43518485510790156,-0.21675498869684084,0.04567303428211999,0.37458925095333684,0.003311021034421987,0.01766602271280266,0.0023806388994484394,-0.07922832354024241,-0.5988681565865883,0.2216197039512402,-1.7557151841471925,-1.7592323328272153,0.7330998855434188,0.18801065351594456
Run_0615_223124,9.69924521446228,Phase_0_Cal_Plunge,0.10073732160105661,-0.598872373229732,0.20763048972409873,0.7296298040738387,0.0074224392389997335,-0.08822482601379597,0.7242381779935431,0.0018571702723121245,0.0252388883313732,0.009677311859402566,-0.07558488404231677,-0.598872373229732,0.2180489704876712,-1.755747617206875,-1.7592618220611203,0.7332034745665269,0.18801065351594456
Run_0615_223124,9.800246477127075,Phase_0_Cal_Plunge,0.10067987057771552,-0.5988666435483545,0.20265887946328007,0.8166681565760789,-0.14241129481430434,0.5162783884612908,0.6165407745498239,0.015301013839098957,0.031035712579194998,-0.004571662994173382,-0.07211004872166585,-0.5988666435483545,0.2144928871506391,-1.7558498723182177,-1.7591640991752076,0.7331066238028005,0.18801065351594456
Run_0615_223124,9.900549411773682,Phase_0_Cal_Plunge,0.10071108235987174,-0.5988668124728318,0.19768965544043238,0.541313479933416,-0.29999995816450514,-0.19015425350073556,0.40848704818451476,0.01938495921644533,0.02935152753359683,0.00929445983342902,-0.06857420665505959,-0.5988668124728318,0.211001185209664,-1.7558589638156006,-1.7591517018351521,0.7332058568168361,0.18801065351594456
Run_0615_223124,10.001646280288696,Phase_0_Cal_Plunge,0.10067522579700697,-0.5988423746085344,0.19260762513132737,0.41187258122019554,-0.27848577242560474,-0.14181258547479353,0.2682794966419447,0.013513920206390195,0.020708133311889126,-0.03480539539993392,-0.0650060229800476,-0.5988423746085344,0.20738229269714856,-1.7559297795248738,-1.7590948222158678,0.7331100208396139,0.18801065351594456
Run_0615_223124,10.103797197341919,Phase_0_Cal_Plunge,0.10065732000243735,-0.5988472559031549,0.18742680597537184,0.7658669143415662,-0.20668736493699558,0.028522528757704432,0.7368981808986497,0.01906966864639178,0.01504151931333403,-0.0031366237526623377,-0.06135529193153297,-0.5988472559031549,0.20370623903110852,-1.7558235160877156,-1.7591524288606322,0.7330538988472365,0.18801065351594456
Run_0615_223124,10.205885887145996,Phase_0_Cal_Plunge,0.10075975238673607,-0.598882066413186,0.18231299486170502,0.40434423043474405,0.0773058041493864,-0.14325887311111354,0.3701283083008053,0.028468121716461476,0.008517523146315254,-0.023188405548479226,-0.05766685078180131,-0.598882066413186,0.2001626591484783,-1.7557848797004643,-1.7592767099626554,0.7332288420901315,0.18801065351594456
Run_0615_223124,10.306711435317993,Phase_0_Cal_Plunge,0.10067421079077064,-0.5988823325344276,0.17727540831354174,0.8303203923177583,-0.18517266619494513,-0.19925596557334022,0.7844999029804959,0.020052147714431954,0.03395357075634998,-0.015609005994197886,-0.0541652262153616,-0.5988823325344276,0.19654006049687725,-1.7558236964205853,-1.7591522335783845,0.7331087167844068,0.18801065351594456
Run_0615_223124,10.40808892250061,Phase_0_Cal_Plunge,0.10072243412762745,-0.5988765285160235,0.17227042349483931,0.7270699882913132,-0.09845322348661192,0.11142473430732294,0.7117037721155959,0.01946722395993462,0.012918095547628683,-0.012281034088002565,-0.05059206846181849,-0.5988765285160235,0.19303510084033992,-1.7558200550293275,-1.7592071077698208,0.7332005130466465,0.18801065351594456
Run_0615_223124,21.229867935180664,Phase_1_Yield_to_45,-0.1591835521120837,-0.5992255424856584,0.26044144166034494,0.2501131132889527,0.16683915380907513,0.15742716319519848,-0.09968928971397378,-0.0018508310308126578,0.0009545356881753136,0.0002745829916281401,-0.29671967865184706,-0.5992255424856584,0.07160014034821396,-1.7550737059218433,-1.7617024113048965,0.7319864664685544,0.18801065351594456
Run_0615_223124,21.331798315048218,Phase_1_Yield_to_45,-0.15759499524548862,-0.5992391768623102,0.2596526665479365,0.3707442400833334,-0.2146813240073008,0.10832539473470264,0.28218580675330135,0.03900118790389323,0.025807240761662572,-0.0068628566726956835,-0.295038651088362,-0.5992391768623102,0.07216567145006864,-1.7548430252543428,-1.7618851284687305,0.7319995334756644,0.18801065351594456
Run_0615_223124,21.433345317840576,Phase_1_Yield_to_45,-0.15579808971958126,-0.5991635723875999,0.25891814630384635,0.3308261599434,0.2088775649441595,-0.04640150517571704,0.25231530132618274,0.028666837217567617,0.0337485820704186,0.03092092776850946,-0.2932486627603264,-0.5991635723875999,0.07291689128707435,-1.7550240546224507,-1.7617216594539213,0.7318304770963866,0.18801065351594456
Run_0615_223124,21.534209966659546,Phase_1_Yield_to_45,-0.15386023566780266,-0.599234445418447,0.2582534636502361,0.5312597460954848,0.21743068764731513,0.462923698838975,-0.14374443621892502,0.02855712063751695,-0.0004275993963860807,-0.0005832072660627891,-0.29140839140765906,-0.599234445418447,0.07381715941633193,-1.7551223037092571,-1.7616644288984131,0.7321216814408701,0.18801065351594456
Run_0615_223124,21.635047435760498,Phase_1_Yield_to_45,-0.15207175792899913,-0.5991709635789397,0.2574529435496914,0.5154633630897669,0.38825449348927643,0.21749312766872556,0.26011087326383303,0.03384436776453472,0.0010286863958840228,0.003999876668489583,-0.2895776934789786,-0.5991709635789397,0.0745157509618698,-1.7551261918505752,-1.7616328750955765,0.7319789588829139,0.18801065351594456
Run_0615_223124,21.736024618148804,Phase_1_Yield_to_45,-0.15019657195765934,-0.5991777416071985,0.25664748850294644,0.16732976167241725,0.060121468897878304,0.09718488879731345,-0.12222829258548623,0.034509812973760705,-0.001768236026914718,0.020383914918572745,-0.2876821940371641,-0.5991777416071985,0.07527216495269579,-1.755100381747439,-1.761677784451129,0.7319407585101455,0.18801065351594456
Run_0615_223124,21.837249994277954,Phase_1_Yield_to_45,-0.14828227463665772,-0.5991644377392991,0.2559049176493741,0.12912256367988753,-0.05461623654353014,-0.10073561757141121,0.059515027594668556,0.03364113392255601,0.008970087582158674,-0.0038815586866638584,-0.2858035045342041,-0.5991644377392991,0.07610070068351077,-1.7551398692649718,-1.7616425778763651,0.7320514794917363,0.18801065351594456
Run_0615_223124,21.93753743171692,Phase_1_Yield_to_45,-0.1463982063694666,-0.5992029281274472,0.25505866133878397,0.6572336243207507,-0.33789587435745955,0.060788167732976156,0.5604348433972188,0.03590732727822655,0.11358962106455843,0.0017202258431601644,-0.2838728735104147,-0.5992029281274472,0.0768345445556198,-1.755007864766633,-1.761801673965863,0.732056342413379,0.18801065351594456
Run_0615_223124,22.03921866416931,Phase_1_Yield_to_45,-0.14458497056415995,-0.5991539041224907,0.25426337920405284,1.555695754396196,-0.9618684541129048,0.3706004813653552,1.1651839513315343,0.03554181632600535,0.2471973432188975,-0.018308426092712726,-0.2820283727861672,-0.5991539041224907,0.07755434649901752,-1.755010072224514,-1.7617466144485823,0.7319254431923644,0.18801065351594456
Run_0615_223124,22.1393563747406,Phase_1_Yield_to_45,-0.142737079882088,-0.5991323054917572,0.25355741951445987,1.6485013777161033,-1.579059538675326,0.1265663550274887,0.4561893504077151,0.030917290587475263,0.28021417289864603,-0.0012204335218500776,-0.28022252787022717,-0.5991323054917572,0.07836181364744652,-1.7551313714867376,-1.761649842567968,0.7319920271308572,0.18801065351594456
Run_0615_223124,22.23943066596985,Phase_1_Yield_to_45,-0.14086547272117597,-0.5991442978641351,0.2527914601287597,2.106715397662419,-1.827536015632799,0.36789044340914995,0.9813350599877378,0.03194354688803479,0.390911555836557,-0.004422599312129608,-0.2783574866792869,-0.5991442978641351,0.07914362468690259,-1.75512978501428,-1.7616451263893342,0.7320850179434366,0.18801065351594456
Run_0615_223124,22.341591119766235,Phase_1_Yield_to_45,-0.13902963940086,-0.5991284967511178,0.251940900123567,2.250265963229587,-1.7687530673851901,0.3827366688620258,1.337431169890048,0.03145733983178621,0.42641602438114395,-0.014768703859661624,-0.27645791974188544,-0.5991284967511178,0.07984031812934841,-1.7550415779613888,-1.7617154583949446,0.7319343335392002,0.18801065351594456
Run_0615_223124,22.442639350891113,Phase_1_Yield_to_45,-0.1371594160814477,-0.5991150107926803,0.25126545057729327,2.839476090045919,-2.1155606833786984,0.4814842855104378,1.8317205965133485,0.04219008089371558,0.5704358063149835,-0.001954831367783387,-0.27465785719587626,-0.5991150107926803,0.08068515076631858,-1.7551385602136016,-1.7615591791867582,0.7321016200906875,0.18801065351594456
Run_0615_223124,22.544574737548828,Phase_1_Yield_to_45,-0.13523000353557088,-0.5991140602191298,0.25046612377610755,2.531209239940374,-1.8704285692885805,0.3395713732358834,1.6712894620703187,0.05004120736152456,0.5421696085092815,-0.03335212773634295,-0.2727283470994778,-0.5991140602191298,0.08148424205971186,-1.7551284558502886,-1.761630450806943,0.7321584298887746,0.18801065351594456
Run_0615_223124,22.646600008010864,Phase_1_Yield_to_45,-0.13340593016126576,-0.5990676955787876,0.24963023839682302,2.803838555572642,-2.4471712016700686,0.503854727215814,1.2723970171666663,0.0461156896188293,0.5213008183787738,-0.0408157270725828,-0.270847472227138,-0.5990676955787876,0.08218299649207805,-1.7551709261524402,-1.7616155170845287,0.7319878739423883,0.18801065351594456
Run_0615_223124,22.74781584739685,Phase_1_Yield_to_45,-0.13154798246246308,-0.59906426461722,0.2488087847977154,2.5749867625742726,-2.4671685666398275,0.20637078463508315,0.7078468693624428,0.04660181436244596,0.5018089282231664,-0.039561444372776436,-0.2689528493998656,-0.59906426461722,0.08291590849863228,-1.755108207218947,-1.7616584559644182,0.7319251351303809,0.18801065351594456
Run_0615_223124,22.848917484283447,Phase_1_Yield_to_45,-0.12966625285968716,-0.5990725300952415,0.24806220829163284,3.3891986241955876,-2.715974656498971,0.019108931428401265,2.0272601777384733,0.03764393142844582,0.6200340925235575,-0.04055672278419978,-0.26709435632725775,-0.5990725300952415,0.08371858295098905,-1.755074281189184,-1.7616697066331362,0.732030557054974,0.18801065351594456
Run_0615_223124,22.95052433013916,Phase_1_Yield_to_45,-0.12771010326695575,-0.5991141643816543,0.24724274386802084,2.8029815540669176,-2.479046696179308,0.2820406198821479,1.2772964257909534,0.03496599133612581,0.5930165616495885,-0.01306903475875185,-0.2651317008343449,-0.5991141643816543,0.08452234074214757,-1.7550323705470356,-1.7617828347329396,0.7321577240055488,0.18801065351594456
Run_0615_223124,23.050543785095215,Phase_1_Yield_to_45,-0.1259047468812392,-0.5990696702267209,0.24649838120764736,3.1024689262427088,-2.535925712315283,0.417169079357893,1.7379194973149645,0.03918755187499064,0.6256786590561731,-0.011266571654155047,-0.26332877720673414,-0.5990696702267209,0.08527257660013404,-1.7550744377193614,-1.7617034569023429,0.7321021012254989,0.18801065351594456
Run_0615_223124,23.151873111724854,Phase_1_Yield_to_45,-0.12405889904447702,-0.5990379374356979,0.24580962703920292,4.77051088027099,-2.455408920662376,0.7694329917167672,4.01705289514257,0.04070074207607518,0.9543214704059878,-0.025170142307765108,-0.2615365429412435,-0.5990379374356979,0.08609076537946955,-1.755102876384827,-1.7614848318349985,0.7321692944956271,0.18801065351594456
Run_0615_223124,23.253820419311523,Phase_1_Yield_to_45,-0.1221637809299473,-0.5990402911615148,0.24490412567964195,3.1487341232011112,-2.766753884972028,0.08982217624070539,1.5005104115795538,0.04240938779529027,0.6999732409113479,-0.023192085463684363,-0.2595562059195909,-0.5990402911615148,0.08679053009768375,-1.7551013670739533,-1.7616823806772317,0.7320594448699842,0.18801065351594456
Run_0615_223124,23.355353832244873,Phase_1_Yield_to_45,-0.12028159099189582,-0.599021447005621,0.2441576243862435,3.1005324567793355,-2.730501478849198,-0.1254093676267879,1.4635353361145382,0.043248453948827766,0.6832596079323422,-0.012392060587758064,-0.257697440524187,-0.599021447005621,0.08759358323963448,-1.755145390967704,-1.7616252145747033,0.7321076453140481,0.18801065351594456
Run_0615_223124,23.455967664718628,Phase_1_Yield_to_45,-0.11847771895899883,-0.5989729413354153,0.24331662622582384,2.949937704163601,-2.8762550272035985,0.2467494403658713,0.6069630883432493,0.03752557610941176,0.648385152931133,-0.026849185401367243,-0.25582723487513465,-0.5989729413354153,0.08827443788429054,-1.7550800638274395,-1.7617047850923468,0.7319033675922774,0.18801065351594456
Run_0615_223124,23.55690622329712,Phase_1_Yield_to_45,-0.11662171344456401,-0.5990059440818923,0.24264667436979145,5.789089322859523,-2.518397707163894,0.5772914430176234,5.180536918738868,0.05869080657543072,1.180844209257153,-0.028912525117677303,-0.25404111328948914,-0.5990059440818923,0.08911310446899803,-1.7550704748829904,-1.7615101218799714,0.7321717111245506,0.18801065351594456
Run_0615_223124,23.656940460205078,Phase_1_Yield_to_45,-0.1147488196553512,-0.5990020579367867,0.24186263199514618,3.2598464360173454,-2.760447325868406,-0.024458193750389462,1.7337621360150368,0.04929459918606998,0.8266864451808992,-0.014458891110702038,-0.2521623757108453,-0.5990020579367867,0.08988303868794328,-1.7550954406958508,-1.761696287386134,0.7320661192036853,0.18801065351594456
Run_0615_223124,23.758636713027954,Phase_1_Yield_to_45,-0.11287681512516237,-0.5989685447225199,0.24108589073776582,3.3420424891396663,-2.9487498541487085,0.059608035553278496,1.5718044340726065,0.03778900204350566,0.8200294141991689,-0.033466050084886685,-0.25028942960281586,-0.5989685447225199,0.09065750677533074,-1.7551606500162225,-1.7616607301510192,0.7320334389970098,0.18801065351594456
Run_0615_223124,23.85942244529724,Phase_1_Yield_to_45,-0.1110085962805625,-0.5989546497102196,0.24026139301948457,3.8066697128572513,-3.064437542500941,0.413462081356345,2.2201364728718773,0.051932985473880804,0.877392402141103,-0.032227505993028746,-0.2483853914613893,-0.5989546497102196,0.09139552906141829,-1.755068228609326,-1.7616945662819332,0.7320134086060478,0.18801065351594456
Run_0615_223124,23.961575746536255,Phase_1_Yield_to_45,-0.10913249755639673,-0.5989729117488749,0.23942073101422606,3.6148990605183062,-3.0283257935528174,0.23364518244215163,1.9601397997490912,0.05102319077301293,0.8955604536547809,-0.025693939459385078,-0.24646435152675206,-0.5989729117488749,0.09212769338684718,-1.755028307300637,-1.761734384376377,0.7319769845213763,0.18801065351594456
Run_0615_223124,24.06294846534729,Phase_1_Yield_to_45,-0.1072553169682546,-0.598961100422134,0.2387612986440807,4.939509066037817,-2.9817012587086573,0.36543148640062867,3.9210543538737155,0.06686898368769605,1.1118941136917297,-0.0442734133474085,-0.2446706953027013,-0.598961100422134,0.09298877140957051,-1.7551024153818424,-1.7615760198762616,0.7321840108721654,0.18801065351594456
Run_0615_223124,24.16456699371338,Phase_1_Yield_to_45,-0.10542225023731183,-0.5989215826939096,0.23793898153972606,3.901758890260921,-3.079360601941044,0.18697648308789877,2.3887864106519667,0.0443806920322965,0.9617873237368547,-0.03571974565401754,-0.24279305538610937,-0.5989215826939096,0.09370347932461276,-1.7551303065653439,-1.7616655517077382,0.7319644337930237,0.18801065351594456
Run_0615_223124,24.264975547790527,Phase_1_Yield_to_45,-0.10356426381697409,-0.598911108181461,0.2371968006305761,4.236156721494461,-3.368599452398945,-0.09256043887638626,2.5669035945113405,0.04379272477362683,0.9865544564219372,-0.01596996247284338,-0.2409544594352089,-0.598911108181461,0.09449247296805896,-1.7550922903664437,-1.7616675085984,0.7320126608065499,0.18801065351594456
Run_0615_223124,24.36514949798584,Phase_1_Yield_to_45,-0.10172638220936141,-0.5989069048485752,0.23639267916677204,4.5386273804258135,-3.519345355084227,0.0593158546855354,2.8652798117079037,0.04521155212841551,1.045566976326134,-0.019927733652272336,-0.23908628114749442,-0.5989069048485752,0.09522345177586641,-1.7550691002754075,-1.761698436898932,0.7319908351650092,0.18801065351594456
Run_0615_223124,24.466001510620117,Phase_1_Yield_to_45,-0.0998649271590367,-0.5988898386961062,0.23561531861958662,4.6372214277405055,-3.4530332854444308,0.06386203719986708,3.094560605273908,0.04381738834949339,1.0624537210395932,-0.010586824404505361,-0.23722035674419417,-0.5988898386961062,0.09599002235048326,-1.7550503579804326,-1.7616517614367209,0.7319766544294531,0.18801065351594456
Run_0615_223124,24.566580533981323,Phase_1_Yield_to_45,-0.09799326029742017,-0.5988877080308918,0.23487778741243126,4.837264087523271,-3.3868232279190384,0.3478674847703475,3.436210192684662,0.04801931195595592,1.1098172751632662,-0.020872467274845596,-0.23537537509630674,-0.5988877080308918,0.0967919773625382,-1.755137463013943,-1.7616276136980777,0.7320543986022267,0.18801065351594456
Run_0615_223124,24.667396306991577,Phase_1_Yield_to_45,-0.09611387754518531,-0.5988954108321779,0.23407667417078534,4.401213739256531,-3.1233222956717834,0.3318703134134555,3.0830832475064396,0.04348370931301227,1.108510450217517,-0.024460435332837628,-0.23347997820209027,-0.5988954108321779,0.09755442904542233,-1.7551673740608373,-1.7616242410670073,0.7320898620858696,0.18801065351594456
Run_0615_223124,24.768357276916504,Phase_1_Yield_to_45,-0.09429754123780255,-0.5988695331427869,0.2332743679876473,4.607592041155373,-3.56478610050527,0.21386073180393975,2.911437456438838,0.04048417102240258,1.0760664530941562,-0.010008403804841382,-0.23162831833953978,-0.5988695331427869,0.09827145662260323,-1.7551359416919448,-1.7616284069403234,0.7320243661910274,0.18801065351594456
Run_0615_223124,24.86903190612793,Phase_1_Yield_to_45,-0.09241749842933956,-0.598862905187234,0.23249019254222317,5.322585433737379,-3.321222172037523,0.10415766526430165,4.157950235893447,0.045744485442979745,1.2450720522997032,-0.014111432096248664,-0.22974443154565521,-0.598862905187234,0.09904635186628902,-1.7550366359412537,-1.7616752729208043,0.732066979369568,0.18801065351594456
Run_0615_223124,24.970131397247314,Phase_1_Yield_to_45,-0.0904845802161872,-0.5988781420409884,0.2318172303428322,6.201200824222341,-3.652454210817645,0.7960347988609621,4.947807443627801,0.0449731267140193,1.434157508964274,-0.0801345796397525,-0.2279017958349846,-0.5988781420409884,0.09993727530761645,-1.7550328507022865,-1.7617443937027835,0.7321371007180472,0.18801065351594456
Run_0615_223124,25.07115364074707,Phase_1_Yield_to_45,-0.08864938502101118,-0.5988842180578424,0.23121181352360579,6.15173141618099,-2.817570163875883,0.6025641046076838,5.43525659820242,0.06662774543748502,1.5777262649166763,-0.07412785692309105,-0.2261760225293553,-0.5988842180578424,0.10080685993660701,-1.7550668583933458,-1.7617072309298494,0.7321884602831062,0.18801065351594456
Run_0615_223124,25.172243356704712,Phase_1_Yield_to_45,-0.08684151643776375,-0.5988332940303633,0.2305880372998244,6.01872510049303,-3.044830215400116,0.20703526157428173,5.187600331092998,0.031879833690868345,1.5219056827427564,-0.009443496287306499,-0.22445658999686818,-0.5988332940303633,0.10164413967353664,-1.7551982170957554,-1.7616065215240464,0.7320823396564032,0.18801065351594456
Run_0615_223124,25.273496866226196,Phase_1_Yield_to_45,-0.08497933824832131,-0.5988028097509493,0.22990719932191908,5.988152707416794,-3.413985625340578,0.8930219093129489,4.837890745645053,0.012010066134819133,1.462804604285895,-0.026916670088345453,-0.22265840602026954,-0.5988028097509493,0.10247947334800286,-1.7551026421060187,-1.7616685322375403,0.7319647352616047,0.18801065351594456
Run_0615_223124,25.37476348876953,Phase_1_Yield_to_45,-0.08309339014881101,-0.5988214725752239,0.2292289496634481,5.5949758144498345,-3.672270095067129,0.40291174689376663,4.201886342747654,0.040032790361883924,1.3404956015807739,-0.017399252001148075,-0.2208452443972976,-0.5988214725752239,0.10333344510529019,-1.755131936964485,-1.7617145294635905,0.7320540595838487,0.18801065351594456
Run_0615_223124,25.475500106811523,Phase_1_Yield_to_45,-0.08124845641229266,-0.59880401613487,0.22848715630160393,5.460154123364339,-3.9022083204495015,0.3949284714801852,3.798695141377049,0.06136757319897546,1.3607451432522055,-0.01980291851999983,-0.2190161521249665,-0.59880401613487,0.104113483144823,-1.755157848608978,-1.7616559184526193,0.7320306283987049,0.18801065351594456
Run_0615_223124,25.57668900489807,Phase_1_Yield_to_45,-0.07939636819356717,-0.5988070034611376,0.22769620576117994,6.466278617442626,-3.8650138262324485,0.829418176074678,5.117273958918427,0.044698178944180954,1.5347770297424856,-0.04191353323215387,-0.21714724149543302,-0.5988070034611376,0.1048638207929225,-1.7551280998985483,-1.7616463705449792,0.7320984142002318,0.18801065351594456
Run_0615_223124,25.677640676498413,Phase_1_Yield_to_45,-0.07755576604723752,-0.5987696804984397,0.22695089566576573,5.684946129500156,-3.98701863599545,0.647677950055889,4.00035100516882,0.016416633895907293,1.4224638235551261,-0.028482919295708314,-0.21531872541374264,-0.5987696804984397,0.10563830922950457,-1.755120153499545,-1.7616936529649883,0.731972090192012,0.18801065351594456
Run_0615_223124,25.77904200553894,Phase_1_Yield_to_45,-0.07587084352796093,-0.5987771907069497,0.22615530577916873,6.28547147240626,-2.9815396953057283,-0.04559955620815922,5.533126905848334,0.032301193120384895,1.5794867300446038,0.05961189572674457,-0.21356473827073205,-0.5987771907069497,0.10626716236480277,-1.7550075088750718,-1.7616970602159003,0.73210784912745,0.18801065351594456
Run_0615_223124,25.880072116851807,Phase_1_Yield_to_45,-0.07404560093099205,-0.5987496015707918,0.22545333033895834,5.372132006427544,-3.8522131012139704,0.3611332595312873,3.726907469495182,0.03879170670683575,1.369765394933891,-0.01749380563438334,-0.21177772525910565,-0.5987496015707918,0.10706143218843084,-1.7551085606491166,-1.7616660561646746,0.7320157691553401,0.18801065351594456
Run_0615_223124,25.981822729110718,Phase_1_Yield_to_45,-0.0721608806052494,-0.5987563733248781,0.2245632966296494,5.504477908765431,-3.97631959922462,0.9153209870372412,3.6946375984117825,0.03913764668954051,1.4088810221874444,-0.026264226171889556,-0.20981567786479594,-0.5987563733248781,0.1077647818400666,-1.7550206947143314,-1.7617413533938788,0.7320309688859878,0.18801065351594456
Run_0615_223124,26.08192777633667,Phase_1_Yield_to_45,-0.07034512532097474,-0.5987475945356736,0.2237719093323878,5.516864180731075,-3.989821324562827,0.48147522569766354,3.779589632980897,0.02871685982368321,1.3841509530261429,-0.00470661992104519,-0.20797214966587144,-0.5987475945356736,0.10848911939011394,-1.7550306739869543,-1.761725019683631,0.7319932134173195,0.18801065351594456
Run_0615_223124,26.183968782424927,Phase_1_Yield_to_45,-0.06846183066923145,-0.5987561223221469,0.22300173709340151,5.814105613620409,-4.206842086597928,0.465992685363112,3.986120239273877,0.030545008551479767,1.4273814560951232,-0.012461110092744178,-0.20609586523378257,-0.5987561223221469,0.10927621579646518,-1.7551283351258808,-1.7616818414607833,0.7320722828625367,0.18801065351594456
Run_0615_223124,26.284489393234253,Phase_1_Yield_to_45,-0.06666378972638413,-0.5987013815411797,0.22219418168948563,6.239514990898866,-4.332263206618227,0.35011879271199353,4.476657197197874,0.022453420628273883,1.4734596132105586,0.00022316325471568584,-0.2042534303879514,-0.5987013815411797,0.1099765948377108,-1.7551157496393741,-1.7616561049682053,0.7319830701288673,0.18801065351594456
Run_0615_223124,26.386236667633057,Phase_1_Yield_to_45,-0.06475227097116261,-0.5987025984063431,0.22137827704740456,6.377174476154987,-4.171532084621358,0.4963443685281802,4.797949211290963,0.027582114740414894,1.5061574801045623,-0.009067901570570998,-0.2023248508085519,-0.5987025984063431,0.1107513110066761,-1.7550588575507233,-1.7616945660711223,0.7320442395052122,0.18801065351594456
Run_0615_223124,26.486395359039307,Phase_1_Yield_to_45,-0.06293694497276484,-0.5986932166887764,0.22062750163396477,5.777591536331685,-4.151957117657539,0.5461357307226025,3.980395937272134,0.01833492873866102,1.514197040888193,0.0055467102644469,-0.2005103430990292,-0.5986932166887764,0.111504061944216,-1.755109305164177,-1.7616670503144738,0.7320300337019766,0.18801065351594456
Run_0615_223124,26.588059902191162,Phase_1_Yield_to_45,-0.06113394473892961,-0.5987014652903928,0.2199642959075615,5.79247671928947,-2.7445750405056732,0.5062670322452433,5.075804180876699,0.027483247882196665,1.5576445398694732,0.005149692903438332,-0.19876647214074186,-0.5987014652903928,0.11231001836958032,-1.7551499483041415,-1.7616853717895178,0.7320690771285595,0.18801065351594456
Run_0615_223124,26.68847966194153,Phase_1_Yield_to_45,-0.05977810013021235,-0.598708054422425,0.21931801135084325,5.926814335875354,-1.6690001536308672,0.6478968803353188,5.64993772457445,0.04591767074391941,1.6165955653442667,0.008909399128169999,-0.19735075303105104,-0.598708054422425,0.1128117530940079,-1.7551478814078514,-1.7616906928336153,0.732074750885311,0.18801065351594456
Run_0615_223124,26.79013419151306,Phase_1_Yield_to_45,-0.05836246201249647,-0.5986522874019193,0.21868292502855666,5.468634090509238,-3.8690965870340603,0.34120502909378286,3.849627195482999,0.02134768145499806,1.5120605243279934,0.005314919576796286,-0.1959006718731803,-0.5986522874019193,0.11336368656162327,-1.7550868224004792,-1.7616513532364917,0.7319719396534905,0.18801065351594456
Run_0615_223124,26.890665769577026,Phase_1_Yield_to_45,-0.05653558294959224,-0.5986564123651439,0.21803519805340427,7.4566910773490225,-4.163786443751083,0.8448717550433482,6.127912857685005,0.0006465321447695099,1.704891715105792,0.03568869715808527,-0.1941508611629053,-0.5986564123651439,0.11419747299892288,-1.755087795003761,-1.7616135993444546,0.7320198384782437,0.18801065351594456
Run_0615_223124,26.99193572998047,Phase_1_Yield_to_45,-0.05463141032634294,-0.5986891678976998,0.21739582586237072,9.350496447438372,-3.971484848023988,0.8350264037199628,8.423884069748587,0.008717652787364033,1.881819562541541,0.03800447812049795,-0.19235230337647402,-0.5986891678976998,0.11509182196139031,-1.7550408478837607,-1.7616100969945776,0.7321881378947165,0.18801065351594456
Run_0615_223124,27.092958211898804,Phase_1_Yield_to_45,-0.052786120091525904,-0.5986615182472573,0.21669649318299197,6.454436047126659,-4.27186841642819,-0.32048123568726716,4.827854253883777,0.031065094066243772,1.637086878979629,0.06042737907189785,-0.19055298325828351,-0.5986615182472573,0.11590213631979268,-1.7550779907879261,-1.7617366559371843,0.7320808880040877,0.18801065351594456
Run_0615_223124,27.194114208221436,Phase_1_Yield_to_45,-0.050957286670283174,-0.5986186083269097,0.21612188110990835,6.856342273032903,-4.250301715882875,0.4943661227371675,5.357234998171249,-0.0019831299430826286,1.677247449048903,0.039129767360484354,-0.18885349065103307,-0.5986186083269097,0.11678900474018492,-1.755164594221778,-1.761645627800378,0.7320210701620311,0.18801065351594456
Run_0615_223124,27.295457124710083,Phase_1_Yield_to_45,-0.04911182492920909,-0.598633841464182,0.21543266735980296,6.952250227335758,-4.2774982298685655,0.8485021929638417,5.414502391309559,-0.001923430102008823,1.7104739254472587,0.0334105244020819,-0.18706120442311275,-0.598633841464182,0.1176065955353322,-1.7551653524766408,-1.7616091766451463,0.7321273922876127,0.18801065351594456
Run_0615_223124,27.39672565460205,Phase_1_Yield_to_45,-0.04731671288650705,-0.5986339295542997,0.21476858902475043,6.8681881719724345,-4.0238694322322495,0.5025653509605174,5.543276253803602,-0.01558679624327192,1.7678269050799262,0.0501616469267536,-0.1853222942307738,-0.5986339295542997,0.11840635713976175,-1.7551604500008127,-1.7616555355119228,0.7320920536098042,0.18801065351594456
Run_0615_223124,27.497150897979736,Phase_1_Yield_to_45,-0.045560185079402744,-0.5985991871800813,0.21405498140998216,7.03029446788298,-3.4556700727306864,0.07997558377229243,6.121845192389285,0.0040779121773181414,1.8149528911228452,0.07672040861399597,-0.1835756447235186,-0.5985991871800813,0.11914381307999894,-1.7550474489516203,-1.7616828740986121,0.7319739115795402,0.18801065351594456
Run_0615_223124,27.598880529403687,Phase_1_Yield_to_45,-0.04399193779889567,-0.5985556550965023,0.2133449481531227,6.939074186659304,-4.3364752376523805,0.0776589855964909,5.416613532747682,-0.0029348074365373573,1.7403837080898226,0.05977285420253629,-0.18196465710610138,-0.5985556550965023,0.11975066203582954,-1.7551229499458507,-1.7616484438801665,0.7318912883783659,0.18801065351594456
Run_0615_223124,27.69991660118103,Phase_1_Yield_to_45,-0.04213465011766257,-0.5985709481154816,0.21268178095282986,7.23649416906856,-3.944888859958274,0.680959905529477,6.0283491395739235,0.005691131106056359,1.8049759741842808,0.05062666875935831,-0.18018242636769966,-0.5985709481154816,0.12059503272545616,-1.7550585642000545,-1.761703877740104,0.7319597500832982,0.18801065351594456
Run_0615_223124,27.800848960876465,Phase_1_Yield_to_45,-0.040334351941899556,-0.5985825532889892,0.21206663300066256,7.380984827631142,-3.746694253471572,0.6791456367021645,6.322972433980132,0.005766897180552628,1.844512223313909,0.053491127889806804,-0.17847444803104934,-0.5985825532889892,0.12143306048528543,-1.7551198891282453,-1.761676914393505,0.7320606970307164,0.18801065351594456
Run_0615_223124,27.90220284461975,Phase_1_Yield_to_45,-0.03856586759799169,-0.5985621560942966,0.21140753390960584,7.260239531234702,-4.562310850884335,0.21800845460856222,5.643480314887731,0.0038293661106313577,1.8004643063897439,0.04219736344836256,-0.17675788732228975,-0.5985621560942966,0.12221751432052483,-1.7551386632555286,-1.7616436618646318,0.7320308774587803,0.18801065351594456
Run_0615_223124,28.003600358963013,Phase_1_Yield_to_45,-0.03682161497074553,-0.598523540295041,0.21071181610544246,8.544958236094264,-5.535680841199714,-0.2133680486992766,6.505922144997116,0.005332010924641991,1.9065542532543949,0.04866148163806332,-0.17503256768434539,-0.598523540295041,0.12295894040423688,-1.7550759836668863,-1.761624653748534,0.7319708496560786,0.18801065351594456
Run_0615_223124,28.104100704193115,Phase_1_Yield_to_45,-0.03509330245478457,-0.5985287318821275,0.20991700670642652,8.626910621833336,-6.164698635191731,-0.2260866696538501,6.030668489659407,0.017068141858367906,1.9092644019351834,0.021543915556289022,-0.17324845106850484,-0.5985287318821275,0.12361902678848749,-1.7550253535405225,-1.7617196726665298,0.7319201462619587,0.18801065351594456
Run_0615_223124,28.205912590026855,Phase_1_Yield_to_45,-0.033342675016423906,-0.5985585549846606,0.20919671881715693,8.475523356320853,-5.598264068283293,-0.3571777604261152,6.353452575786292,0.0008170397494479996,1.9422635841441418,0.06587766113770412,-0.1715012500845997,-0.5985585549846606,0.12434758687057448,-1.755014214279641,-1.7617193066016608,0.7320648282737551,0.18801065351594456
Run_0615_223124,28.30699896812439,Phase_1_Yield_to_45,-0.03212559057743082,-0.5985274036167867,0.2083917864167637,7.585111200478593,-3.881679701082115,0.08713016387234965,6.516048108813842,-0.00935426077663771,2.011500602894704,0.13919833288112587,-0.17007146826579625,-0.5985274036167867,0.1246390223719483,-1.755006635951849,-1.7617462832332171,0.7320592353082034,0.18801065351594456
Run_0615_223124,28.407057762145996,Phase_1_Yield_to_45,-0.030741334222300118,-0.598524065539789,0.2076250526504284,7.5658798996722645,-3.408588791529154,0.2777218835384785,6.748846691245139,-0.008134969795868488,1.9241681846732488,0.09407013580822036,-0.1685504885646424,-0.598524065539789,0.12507567678202142,-1.755116838852944,-1.7616905239397664,0.7320721719849005,0.18801065351594456
Run_0615_223124,28.508628368377686,Phase_1_Yield_to_45,-0.029178638348484567,-0.5985106947363895,0.20672873409933057,7.342090749436568,-3.5959720428757906,0.34976738897814524,6.391630810163017,0.0010870930623306176,1.9228808908501123,0.08217505700783531,-0.16681170278975058,-0.5985106947363895,0.12554687670574405,-1.7551161202925467,-1.7615905413050719,0.7319712587949532,0.18801065351594456
Run_0615_223124,35.66946506500244,Phase_2_Seat_Peg_for_Search,0.06364562896382074,-0.5989115334382417,0.28584399470252525,1.8369172197821098,-0.5805971749592927,0.8850369097893056,1.5012932628477094,-0.0013572770321982769,0.09769840574261797,-0.02487876720747172,-0.15711797118240658,-0.5989115334382417,0.24712648284880778,-1.755727629179915,-1.7595475147321058,0.7330353106416553,0.18801065351594456
Run_0615_223124,35.7700617313385,Phase_2_Seat_Peg_for_Search,0.06366161538129728,-0.5989948691845437,0.28323409384226006,3.2893438957349947,-0.832834393079175,0.7489637022692806,3.0927695534579693,0.019409756231808326,0.21015924288524154,-0.0110157076947041,-0.1552611884816839,-0.5989948691845437,0.24529230835649418,-1.7553866874515895,-1.7598305770887623,0.7329172165944697,0.18801065351594456
Run_0615_223124,35.870179414749146,Phase_2_Seat_Peg_for_Search,0.06370552898830265,-0.5989449788636284,0.2784081038316542,1.3845414305958677,-0.4757483302114014,0.44621135326677724,1.2212755330200251,0.03305229682402143,0.0840095091977708,-0.020461272074411077,-0.15181764660994612,-0.5989449788636284,0.24191086970335612,-1.755633720571758,-1.759691486347268,0.7330659038315899,0.18801065351594456
Run_0615_223124,35.97079014778137,Phase_2_Seat_Peg_for_Search,0.0636529295037222,-0.5989014662733514,0.27343709748035094,2.1323377866753033,-0.8210995787406062,0.8040626964926154,1.796146736317597,0.019769805639041384,0.11193297744559064,-0.05191840870178582,-0.14833980776185193,-0.5989014662733514,0.23835864395079442,-1.7555953723569855,-1.7596450265833494,0.732972171330017,0.18801065351594456
Run_0615_223124,36.071160078048706,Phase_2_Seat_Peg_for_Search,0.06362080339776607,-0.5989134734057718,0.2684329971064467,1.662267662169191,-0.9108156135184209,0.6719161511591404,1.2174060065056265,0.006953016634446061,0.09898179984480888,-0.023271245034606907,-0.14482409104110078,-0.5989134734057718,0.23479749405529388,-1.755644322276921,-1.759586281716248,0.7329359074061352,0.18801065351594456
Run_0615_223124,36.17138385772705,Phase_2_Seat_Peg_for_Search,0.06363249616001546,-0.5988885481628582,0.26345480120491616,2.067878033830509,-0.5574412957936145,1.273912165201721,1.5305314632158762,0.014095467099460874,0.10151326793835444,-0.03083743874711087,-0.14129570692957613,-0.5988885481628582,0.2312856460067239,-1.7557106014746584,-1.759557889062597,0.7329620085287286,0.18801065351594456
Run_0615_223124,36.273183822631836,Phase_2_Seat_Peg_for_Search,0.06358040371899364,-0.5989055428821184,0.25830607784545245,1.8676502603055534,-0.969211692104566,0.6327104914068865,1.4657501918031126,0.016867113303696977,0.10685162382573846,-0.015259921432481553,-0.13769184464594086,-0.5989055428821184,0.22760811388649846,-1.755696770926762,-1.7595365277890698,0.7328650492033589,0.18801065351594456
Run_0615_223124,36.37522029876709,Phase_2_Seat_Peg_for_Search,0.06371314165200674,-0.598921520883626,0.25320149250776,1.7298228482964801,-0.608895872249192,0.8567505516616113,1.3738673136347512,0.010319580780444428,0.0877970547625969,-0.03648156419839373,-0.13398849784595884,-0.598921520883626,0.22409248687162495,-1.7555916705270203,-1.7597416818858798,0.7330664769840481,0.18801065351594456
Run_0615_223124,36.47643518447876,Phase_2_Seat_Peg_for_Search,0.06367699811994203,-0.5989253895764722,0.24842200374834483,10.417131004765292,0.5190581219871049,1.432895930937115,10.305047612095027,0.027341891499711463,1.74225410366349,-0.022078794379179756,-0.1306344462701905,-0.5989253895764722,0.22068732062261862,-1.755606341711609,-1.7591992165607828,0.7335330442241907,0.18801065351594456
Run_0615_223124,37.04797315597534,Phase_2_Lateral_Search,0.06364364887623965,-0.5989009663376988,0.24529042237685386,9.788913970462085,0.8057974212492911,-1.3772097932409804,9.657992566906277,0.05973146664204358,-0.10595099444721293,0.19374824460166856,-0.12844366532294116,-0.5989009663376988,0.21844937672263048,-1.7556649679710934,-1.7595725376505054,0.7330338539701693,0.18801065351594456
Run_0615_223124,37.150219202041626,Phase_2_Lateral_Search,0.06114913849884387,-0.5988450386511097,0.24547741042429314,9.883973675142148,1.0029847363281055,-1.1013848782287095,9.771075098452828,-0.2530521459988851,-0.18559770073341947,0.1609820258031312,-0.13033977104288308,-0.5988450386511097,0.21681771203537886,-1.7556244746556722,-1.7595658939702514,0.7328395692405191,0.18801065351594456
Run_0615_223124,37.25094389915466,Phase_2_Lateral_Search,0.0581876077788886,-0.5988848937351694,0.245783005071738,8.854671378161054,-0.059839913105714876,-1.8174844493419107,8.665931841205792,-0.2512516130797933,-0.38372488450310593,0.18451745305112355,-0.13264997754515828,-0.5988848937351694,0.21493968162810878,-1.7555877305672616,-1.7596789578703456,0.7328329809493885,0.18801065351594456
Run_0615_223124,37.351829051971436,Phase_2_Lateral_Search,0.055235180581766456,-0.5988981314788343,0.24601295717901447,8.541968759065318,0.329567483081656,-1.9977254372109685,8.29853653558646,-0.25166746690369196,-0.470372589778142,0.1912454127171659,-0.13490025953160628,-0.5988981314788343,0.21301460103046746,-1.7557408685440472,-1.7595565697358733,0.733051800173969,0.18801065351594456
Run_0615_223124,37.453184604644775,Phase_2_Lateral_Search,0.05217543188213699,-0.5989107261831884,0.2461876970899653,9.113375872931627,0.9175207934210236,-2.203505137843567,8.795245334978972,-0.24496828157567607,-0.5186111889631667,0.15040858992890146,-0.13718738836181826,-0.5989107261831884,0.21097459175221,-1.7556793705112246,-1.7595762039489509,0.7330864080331181,0.18801065351594456
Run_0615_223124,37.55518341064453,Phase_2_Lateral_Search,0.049095367355693705,-0.5988920865506139,0.2463081070309494,8.811515545094561,0.5047554487779041,-2.4849724138527445,8.438775991858238,-0.24305555397189998,-0.5548865982264596,0.21642585799971784,-0.13945046556075058,-0.5988920865506139,0.20888179992486197,-1.7556653095531334,-1.7595705591264137,0.7330067740325332,0.18801065351594456
Run_0615_223124,37.65538811683655,Phase_2_Lateral_Search,0.046111256952128886,-0.5989208867304304,0.24631843618207008,8.22757958675451,0.41133766121804716,-1.6034942509506704,8.059322140975091,-0.2403672881161967,-0.575217985957346,0.1549284174180887,-0.14156785407572192,-0.5989208867304304,0.20677901903549328,-1.7557135600623663,-1.7595372558738276,0.7330955338394287,0.18801065351594456
Run_0615_223124,37.75612139701843,Phase_2_Lateral_Search,0.04301765328510224,-0.5988638910535412,0.246285513234069,7.690481031451845,0.05336119274520867,-1.2499282486948415,7.588038643242672,-0.25581200618495253,-0.5990478328360148,0.12229302798720416,-0.1437320821671918,-0.5988638910535412,0.20456823086444695,-1.755547772242812,-1.7595562703057481,0.7329222052189492,0.18801065351594456
Run_0615_223124,37.85679483413696,Phase_2_Lateral_Search,0.040013177881736486,-0.5989036827216211,0.24619515898085173,5.658002169495687,-0.7953624472935322,-2.1836532799855393,5.158686410343386,-0.283504483740972,-1.0543537460418282,0.1980893042149637,-0.14579267699366094,-0.5989036827216211,0.20237985582765985,-1.7557295448652839,-1.759602117197286,0.7328692023424157,0.18801065351594456
Run_0615_223124,37.95720052719116,Phase_2_Lateral_Search,0.03698249371264167,-0.598905472213211,0.24566554131436344,3.778583823549398,-0.6973067256604795,-1.440631764317254,3.4228700182124947,-0.27056154526959175,-1.3950051856065049,0.13990687993123177,-0.14756119807785253,-0.598905472213211,0.19986234225664815,-1.7556392745506397,-1.7596448543089003,0.7328011392665681,0.18801065351594456
Run_0615_223124,38.05802059173584,Phase_2_Lateral_Search,0.03397236566132226,-0.5988989083916407,0.2450428299344442,5.580104936460215,-0.2774103786162264,-3.121003792738116,4.617353128087341,-0.26474503777831965,-1.4550046029267842,0.2353638001075797,-0.14924935659571742,-0.5988989083916407,0.1972935368598574,-1.7556875697766754,-1.7596151469416603,0.7329624999753727,0.18801065351594456
Run_0615_223124,38.158206939697266,Phase_2_Lateral_Search,0.03098551534641638,-0.5989219900615005,0.24436252226297997,7.017079553184408,0.20929588712909147,-3.273045641077703,6.203448469905411,-0.2646199699355735,-1.3967186813800225,0.2792270781250424,-0.15088032853999095,-0.5989219900615005,0.1947004645800127,-1.7556701541060749,-1.7595334641844642,0.7331309991921786,0.18801065351594456
Run_0615_223124,38.25966024398804,Phase_2_Lateral_Search,0.027964665279381636,-0.5988506771131201,0.24356629836850058,2.896262496890507,-1.2935138144879461,0.7551618901742773,2.4788886587040753,-0.25907176279390176,-1.629302134785862,-0.05029127391237087,-0.1524533767922099,-0.5988506771131201,0.19200138569753544,-1.7556006503793138,-1.7595646548402477,0.7328845857623356,0.18801065351594456
Run_0615_223124,38.36029624938965,Phase_2_Lateral_Search,0.024925093164447343,-0.598967540697126,0.24292930598496518,8.685112457320118,0.24450967371857313,-5.405466585690918,6.793550206389448,-0.28437093372561967,-1.3676574175038214,0.4465078822045679,-0.15415225721262343,-0.598967540697126,0.1894016620091978,-1.7556835952972656,-1.7595581978898598,0.7331649865544141,0.18801065351594456
Run_0615_223124,38.46136927604675,Phase_2_Lateral_Search,0.021916430626981665,-0.5988461580038186,0.2422027639710007,3.260398951371702,-1.6486733148200299,1.2613710358441408,2.5141640227000916,-0.25464539824770227,-1.6325107387672442,-0.09277347032241148,-0.15576596011027613,-0.5988461580038186,0.1867604735417627,-1.7556343797929101,-1.7595582338770168,0.7328889646684903,0.18801065351594456
Run_0615_223124,38.56331253051758,Phase_2_Lateral_Search,0.018910824165768274,-0.5989441643826597,0.2416233884873202,9.190215161292112,0.3936350714150173,-6.025843372995316,6.927793139631404,-0.2840188094937296,-1.376721273157653,0.44865018459685035,-0.1574815644872145,-0.5989441643826597,0.1842255084980969,-1.7557989617266299,-1.7594950355039114,0.7333180086825007,0.18801065351594456
Run_0615_223124,38.66442155838013,Phase_2_Lateral_Search,0.015910775619312367,-0.5989981219399684,0.24129211431664274,13.477861508530868,2.536961036341445,-5.34605147804909,12.109348171444756,-0.5396500011899722,-0.5954659403088954,0.8808779753674774,-0.15936867294578433,-0.5989981219399684,0.1818699076144911,-1.7559953973713505,-1.759203089025653,0.733791323384289,0.18801065351594456
Run_0615_223124,38.76655721664429,Phase_2_Lateral_Search,0.013113055645836917,-0.5990792448423666,0.24242426684967963,19.15278434899161,7.224946706778893,-5.483893917192624,16.868793700444634,-0.8716279165770833,0.36921304418451484,1.5704399854751518,-0.16214751244433778,-0.5990792448423666,0.18069217358283346,-1.7561524267663153,-1.7593900702121887,0.7342310664583509,0.18801065351594456
Run_0615_223124,40.75597643852234,Phase_2_Seat_in_Hole,0.023221876800731362,-0.599593637550101,0.2435991589824142,0.24583049702468598,-0.16704013051920188,-0.10715917497083499,0.1450763222690116,-0.0092848551655676,-0.003644428337300886,-0.004559097704059578,-0.15583027065012922,-0.599593637550101,0.18867096376548068,-1.7556299592251519,-1.7601650136572535,0.7330374820249423,0.18801065351594456
Run_0615_223124,40.857746839523315,Phase_2_Seat_in_Hole,0.02335899988471521,-0.5996459125841231,0.24112859819048812,1.9364024391378003,-0.19358929391074106,0.41360177580291874,1.8817840371930663,0.060554312820776335,0.09943891235267645,-0.01650387827411414,-0.1539863596982825,-0.5996459125841231,0.18702097413871835,-1.7555517465789623,-1.7603796279914279,0.733229622516725,0.18801065351594456
Run_0615_223124,40.95960187911987,Phase_2_Seat_in_Hole,0.023325782587939273,-0.5996900374457929,0.23625783029470385,6.7839321219168776,-0.2524322879022581,-5.180153994149939,4.3731015963149655,-0.4641310811541944,0.8723696212166603,1.1876787028155462,-0.15056569486539068,-0.5996900374457929,0.1835533329542206,-1.7558889644454356,-1.759993842507242,0.7335602077780463,0.18801065351594456
Run_0615_223124,41.500860929489136,Phase_3_Arc_Pivot,0.023230112899103796,-0.5995965332620771,0.23488648059537978,15.250388650888631,6.2020507958748405,0.24042653317781487,13.93022307828145,-0.036781925307314514,2.1359086182880835,0.4757226160760038,-0.14966365287935007,-0.5995965332620771,0.18251599359672085,-1.7556832690175423,-1.7601517489409646,0.7330527731276036,0.18801065351594456
Run_0615_223124,41.60247588157654,Phase_3_Arc_Pivot,0.022373121032551017,-0.5994075754572848,0.23592409426380692,5.096592693942937,1.9524498275523547,-1.047163860199266,4.589841457908528,-0.4924756858643136,0.6471835328802791,0.6879894344960316,-0.15100334130080792,-0.5994075754572848,0.18264371249765635,-1.7554224939762424,-1.7603467148984548,0.7323663340100802,0.18801065351594456
Run_0615_223124,41.70363092422485,Phase_3_Arc_Pivot,0.02102456146137849,-0.5994523588528348,0.2370687294058953,6.304245792191387,2.7680239614585247,-1.5807067241266675,5.439018717512838,-0.41565927107037637,0.550931404204145,0.6593516727164166,-0.15276629618937315,-0.5994523588528348,0.18249951615100135,-1.7553185609889306,-1.7602376611941306,0.7326429294785386,0.18801065351594456
Run_0615_223124,41.80406665802002,Phase_3_Arc_Pivot,0.019765827419448562,-0.5994225368603064,0.23805599811491174,6.835627209755319,2.5613000016785104,-0.7502889570416588,6.29306031538633,-0.39439753760857227,0.5168423838930469,0.579462177086475,-0.15435445996513097,-0.5994225368603064,0.18230756117324115,-1.7554571750166648,-1.760171710113858,0.7329484670878328,0.18801065351594456
Run_0615_223124,41.9042763710022,Phase_3_Arc_Pivot,0.018457920201296253,-0.5993859975230206,0.23911454347190975,6.212243668388989,2.564234673993838,-0.47480774895880823,5.638371177357469,-0.3851256467707544,0.44661823014056756,0.5418765957967698,-0.15602779462837613,-0.5993859975230206,0.18213123571024964,-1.7555438735935534,-1.760108465862306,0.7330938897134253,0.18801065351594456
Run_0615_223124,42.00479221343994,Phase_3_Arc_Pivot,0.01709835120191568,-0.5993505131604518,0.2401822508064353,7.108312623349254,3.2577760448400443,-0.8561593198811217,6.259552285260776,-0.35026686164640924,0.46486914734224694,0.5457729688532134,-0.15774413818389477,-0.5993505131604518,0.18192485834786226,-1.7557053452891807,-1.76010346215345,0.7330946230606058,0.18801065351594456
Run_0615_223124,42.10558223724365,Phase_3_Arc_Pivot,0.015684364232740985,-0.5992916448773937,0.24127110395455748,7.199066208025108,3.5167312283065235,-0.8696981237645078,6.221155914209449,-0.3533293967961352,0.4773165805655429,0.5277901066533462,-0.15951391340306112,-0.5992916448773937,0.18169495401820293,-1.7556291593151807,-1.7600785000044554,0.7330544318913559,0.18801065351594456
Run_0615_223124,42.2064688205719,Phase_3_Arc_Pivot,0.014294622311614566,-0.5992951042273431,0.24235803053374047,6.880473598164676,3.242473785144778,-0.29741671854493873,6.061255974071713,-0.3606088357906518,0.4455100249636509,0.477653610294524,-0.16126518249438104,-0.5992951042273431,0.18148083123646744,-1.7555952562432255,-1.7601454358850641,0.7331349577697556,0.18801065351594456
Run_0615_223124,42.30692195892334,Phase_3_Arc_Pivot,0.012897076165821605,-0.5992961854612718,0.24342559488460805,6.856873964195958,3.2206772792056357,-0.5707380179420296,6.026459701927209,-0.3487022351265122,0.39109965468680896,0.46613777454182875,-0.16300827884294383,-0.5992961854612718,0.18124749887160757,-1.7556740204577201,-1.7601436792678637,0.7331670392587949,0.18801065351594456
Run_0615_223124,42.40792632102966,Phase_3_Arc_Pivot,0.011395007570090286,-0.5992222873910884,0.24447997728370874,7.115244247950804,3.4358141064942247,-0.49330577201357123,6.21116185177221,-0.3571102922992718,0.40812845816162313,0.4918230455527223,-0.16481596267716064,-0.5992222873910884,0.18093093692612644,-1.755606195603922,-1.760104879104024,0.7330078422154457,0.18801065351594456
Run_0615_223124,42.50873899459839,Phase_3_Arc_Pivot,0.009931885940380834,-0.5992061898100203,0.24552074301246743,7.371179653832594,3.40741480382335,-0.20321027976297035,6.533186008829056,-0.36798076084784986,0.40567631823741346,0.47445216404042856,-0.16658647840766075,-0.5992061898100203,0.18063228620449,-1.7556088124692226,-1.7601153279991764,0.7330329154146195,0.18801065351594456
Run_0615_223124,42.61060810089111,Phase_3_Arc_Pivot,0.00843078496913589,-0.599199730136836,0.24657426989945117,6.670456135235112,3.1517215219318757,-0.3382528297146848,5.869175540352935,-0.36496045851113046,0.38283284919224103,0.45846531298479426,-0.1683928730896223,-0.599199730136836,0.18031580353442556,-1.7555983010728187,-1.760146799771181,0.7329711165292625,0.18801065351594456
Run_0615_223124,42.711710691452026,Phase_3_Arc_Pivot,0.007011540408443426,-0.5992108293626033,0.24762486779047804,7.229196447007601,3.122382153875201,-0.34130341088094424,6.511184449569066,-0.3580557441063539,0.44874806942995715,0.42770233323442636,-0.17013931543569547,-0.5992108293626033,0.18005513097444317,-1.7556054696527121,-1.7601396254650672,0.7331060527622955,0.18801065351594456
Run_0615_223124,42.8136043548584,Phase_3_Arc_Pivot,0.005484867721473261,-0.5991898409910014,0.2486367034609646,7.500895677677873,3.4283664571287717,-0.15236551607586965,6.669821898113311,-0.357790747247194,0.4830613179961572,0.4006270377902584,-0.17193431190935182,-0.5991898409910014,0.17969108622888175,-1.7556241111334543,-1.7601105573235922,0.7330963628837899,0.18801065351594456
Run_0615_223124,42.91412138938904,Phase_3_Arc_Pivot,0.003942965545818527,-0.5991603989709962,0.24967446991837305,7.046964188061784,2.8978923634399076,-0.628104570272319,6.392762217269228,-0.34855741587628786,0.42867956512191147,0.4096555940409187,-0.17375841309300505,-0.5991603989709962,0.17933460844387147,-1.7556106827563673,-1.7601114481925233,0.7330515434876622,0.18801065351594456
Run_0615_223124,43.01579022407532,Phase_3_Arc_Pivot,0.0024438468352892357,-0.5991574080357558,0.2506722546869984,7.161024905034827,2.9084092410640046,-0.3573467758683686,6.534044433488269,-0.3533175359642743,0.40012689956353975,0.4008136079973537,-0.17552399047508355,-0.5991574080357558,0.17898011181391218,-1.7556419364329772,-1.76012324150373,0.7330936761523669,0.18801065351594456
Run_0615_223124,43.117287397384644,Phase_3_Arc_Pivot,0.000897658833997694,-0.5991556783966615,0.2517013749833713,7.565405653375475,2.9442810688498935,-0.33039385852616016,6.961135797122903,-0.3514202077081441,0.4450815168116332,0.41263875014395873,-0.1773450084360081,-0.5991556783966615,0.1786144897334317,-1.7556404505670098,-1.7600920988954039,0.733157432683815,0.18801065351594456
Run_0615_223124,43.21837115287781,Phase_3_Arc_Pivot,-0.000671009981565015,-0.5991337877278807,0.2527006499986477,7.383375334496511,2.6763914786796157,0.46969648289392485,6.865168985309807,-0.3636008536956146,0.4324234609841221,0.3435966427876883,-0.17916081893250058,-0.5991337877278807,0.17821186751608364,-1.7556681874494857,-1.7600817707182443,0.7331605935930307,0.18801065351594456
Run_0615_223124,43.31992721557617,Phase_3_Arc_Pivot,-0.0022303497152561997,-0.5991259793874679,0.2536194885931371,7.092901980682893,2.6908103336943614,0.33546383405631075,6.554102705305981,-0.37180946670315207,0.3842278379553388,0.3444162470716911,-0.18091315563334662,-0.5991259793874679,0.17775896481719636,-1.7556067727444884,-1.7601693666096319,0.7330634293076972,0.18801065351594456
Run_0615_223124,43.42073154449463,Phase_3_Arc_Pivot,-0.0038455319402015487,-0.5991142513809721,0.25463252078549714,6.180096227566985,2.4070018585952098,0.5581618895928441,5.664661220206645,-0.3837138188301988,0.3250476924843522,0.3177260718342486,-0.1827715838702355,-0.5991142513809721,0.17733318044586358,-1.755631400164852,-1.7601156521279644,0.733075407815969,0.18801065351594456
Run_0615_223124,43.52257490158081,Phase_3_Arc_Pivot,-0.005457793581389984,-0.5991196221441242,0.2555823975113335,6.417881852706965,2.6444697355889,0.2929200257298133,5.840392551137826,-0.35141656612690697,0.32299420318891625,0.28274232144641714,-0.18458328928389697,-0.5991196221441242,0.17686480358046244,-1.7556600759108265,-1.760162918049739,0.7330527608951675,0.18801065351594456
Run_0615_223124,43.624526023864746,Phase_3_Arc_Pivot,-0.007096459853989304,-0.5991340196949665,0.2565512402426419,7.231108767637725,2.9128086806053433,-0.20319552296167895,6.615375361916032,-0.334453902241257,0.4190117244937261,0.3013563912917081,-0.1864270765825651,-0.5991340196949665,0.17639116681221728,-1.7556812788785483,-1.7600642657537497,0.7331370748184697,0.18801065351594456
Run_0615_223124,43.72617292404175,Phase_3_Arc_Pivot,-0.008717734367812986,-0.5991289279373936,0.25743476315044594,8.38441059723253,3.2105321674690104,0.15688270704994423,7.743785384478353,-0.3514622937383909,0.6216465840666143,0.2981131055678164,-0.18819823582489664,-0.5991289279373936,0.1758694976487695,-1.7556243041648243,-1.7600891205586993,0.7331757784329821,0.18801065351594456
Run_0615_223124,43.826664686203,Phase_3_Arc_Pivot,-0.010398838616833744,-0.5991076394201963,0.25836519605955377,8.98905814390542,2.289438319292318,1.1305662152327172,8.61878521194505,-0.3922211527384563,0.71106021458165,0.3055089057059428,-0.19004487145873,-0.5991076394201963,0.17533869285387466,-1.7556218196421498,-1.760006893080584,0.7330740453963355,0.18801065351594456
Run_0615_223124,43.92674517631531,Phase_3_Arc_Pivot,-0.011994197347088065,-0.5991108070637956,0.2592540640695706,6.851178583049458,1.356683343649479,1.2462642531925632,6.5988547258682715,-0.4085253194435018,0.39699149866551664,0.25809172877418723,-0.19180148503278066,-0.5991108070637956,0.17483912847474936,-1.7556197786889152,-1.7601554364070318,0.7330201404634771,0.18801065351594456
Run_0615_223124,44.026856899261475,Phase_3_Arc_Pivot,-0.013631961350135774,-0.5991086263782504,0.2601535552531577,5.771375505878952,1.391780523309219,-0.4314955000428183,5.584400938170489,-0.37740988301604295,0.24473008407569571,0.32588342404644494,-0.19359559538085092,-0.5991086263782504,0.17431709075774307,-1.7556575641956025,-1.7601656428059742,0.7330665592773179,0.18801065351594456
Run_0615_223124,44.12698674201965,Phase_3_Arc_Pivot,-0.01531973830767357,-0.5991121531377072,0.26099667253369846,7.001280622733113,2.820865814718783,-0.8029269999920152,6.357354374761007,-0.35351603008738836,0.46354838768161866,0.3252217584883602,-0.19538520785906222,-0.5991121531377072,0.17371982617234363,-1.7556440629567938,-1.7601403769453239,0.7330874085945464,0.18801065351594456
Run_0615_223124,44.22710418701172,Phase_3_Arc_Pivot,-0.017009627629306415,-0.5991205662127979,0.2618434540112842,9.010433540392954,2.5691799774405597,0.4505269119130512,8.62463056200084,-0.3897100830569625,0.783520573160264,0.27088830178217554,-0.19717890498282759,-0.5991205662127979,0.17312365889854636,-1.7555625213182529,-1.7601022990379045,0.7330483151214178,0.18801065351594456
Run_0615_223124,44.32713222503662,Phase_3_Arc_Pivot,-0.018679282636263797,-0.5991112066365755,0.2627098599777662,6.951831901408899,0.9924028178862836,0.9407864835321252,6.816012340430516,-0.4060513625810596,0.4908233782115109,0.2231989424430621,-0.1989721708946491,-0.5991112066365755,0.1725556760550446,-1.755606218211631,-1.7600937093043634,0.7330495415717015,0.18801065351594456
Run_0615_223124,44.42758893966675,Phase_3_Arc_Pivot,-0.02035284102596647,-0.5991247191549418,0.26353485952687705,5.686918967301064,0.8669809105389965,-0.4638430603654399,5.60127137860329,-0.3757280877620779,0.3054675344066749,0.27039354601155025,-0.20073891815637163,-0.5991247191549418,0.17195565434462634,-1.7557093372904848,-1.7601548377345755,0.733095125886286,0.18801065351594456
Run_0615_223124,44.5297749042511,Phase_3_Arc_Pivot,-0.02212040360955808,-0.5991165688737428,0.26435881576725545,6.702036710398997,2.1660607288867078,-0.9257623965963008,6.274427541326688,-0.35725994103277264,0.4666810203254544,0.3273426145735868,-0.2025713986903734,-0.5991165688737428,0.17128842390056964,-1.755617394123073,-1.7601194684006325,0.7330761712752885,0.18801065351594456
Run_0615_223124,44.63206338882446,Phase_3_Arc_Pivot,-0.023904185537543855,-0.5990923002272629,0.26516148060495814,7.870539586417632,1.214540097155871,0.352788877376256,7.768257574370667,-0.4075248893786191,0.6578815513006697,0.2859505380161142,-0.20440029273756974,-0.5990923002272629,0.17059466935289247,-1.7556396602555706,-1.7600276902105367,0.7330655220605308,0.18801065351594456
Run_0615_223124,44.73256731033325,Phase_3_Arc_Pivot,-0.025643105731809786,-0.5991028095936002,0.26596774328780504,7.427291993366573,1.3938420353307857,0.2876438326297271,7.289659234890354,-0.3955716725667434,0.5838611894323709,0.2732515298076273,-0.20620000880933612,-0.5991028095936002,0.1699351809020435,-1.7556060348003226,-1.760087939896977,0.7330692195367333,0.18801065351594456
Run_0615_223124,44.834847927093506,Phase_3_Arc_Pivot,-0.027386489320254167,-0.599130258602203,0.26676389795166533,6.9041647563766055,1.0577480945795916,-0.1140999398215625,6.821703684222791,-0.38988325216031683,0.41906807500237836,0.281464482094077,-0.20799573352862338,-0.599130258602203,0.16926538890613405,-1.7557068770882376,-1.7601356816949454,0.7331420852109801,0.18801065351594456
Run_0615_223124,44.93504071235657,Phase_3_Arc_Pivot,-0.029139137400092826,-0.5991042464593321,0.2675458621531702,6.736677302321665,1.195674753721997,0.16986181231650324,6.627543279650786,-0.3953099651840042,0.5380210971208308,0.2698856981560287,-0.2097879750604401,-0.5991042464593321,0.16857901175337578,-1.7556310089655403,-1.7601194505544078,0.733158583817403,0.18801065351594456
Run_0615_223124,45.03510928153992,Phase_3_Arc_Pivot,-0.030957361306195183,-0.5990762205773343,0.2683004685207971,7.729958701713303,0.8114577578732537,0.09648371126282144,7.686643528279523,-0.40320433901221236,0.6814293102265184,0.2484620078254615,-0.21160724079383608,-0.5990762205773343,0.16782692057933082,-1.7556579418105904,-1.760024484032335,0.7330876214022676,0.18801065351594456
Run_0615_223124,45.135826110839844,Phase_3_Arc_Pivot,-0.032730936379373375,-0.5990996359120274,0.2690224555195392,8.239362913078642,0.4043205880535218,-0.44288594531447023,8.21751045724523,-0.38974236465680745,0.5896163622402826,0.22460480420673815,-0.2133718696577629,-0.5990996359120274,0.16708333552088217,-1.7555964384299165,-1.760087119262266,0.7330670890741745,0.18801065351594456
Run_0615_223124,45.23665237426758,Phase_3_Arc_Pivot,-0.03454818567824811,-0.5991080033733344,0.2697985622967622,6.667317171651979,0.192790682930545,0.35169534256490753,6.655243076402144,-0.384584119255932,0.4027472823136819,0.19315759823498413,-0.21520564932520292,-0.5991080033733344,0.16634713658364056,-1.755737603610773,-1.7600709335177478,0.7330785816606413,0.18801065351594456
Run_0615_223124,45.338908433914185,Phase_3_Arc_Pivot,-0.03639964837937085,-0.5990932723304084,0.27051167835351436,6.709010266330089,0.040427570480497076,1.166882285668063,6.6066307673928355,-0.4042660621284992,0.525205958064245,0.15411488591129854,-0.21701908035578324,-0.5990932723304084,0.16554220395206515,-1.7555207141139364,-1.7601973942454874,0.732953999794063,0.18801065351594456
Run_0615_223124,45.43973731994629,Phase_3_Arc_Pivot,-0.038240955380869406,-0.5991145954412814,0.27120550662364556,7.787608156901343,0.7187327340515723,0.13138023971334617,7.753257592460859,-0.3738324812143139,0.6646671582624908,0.20018233034058988,-0.21881169169757786,-0.5991145954412814,0.16473081395984798,-1.7555486277623549,-1.7601467964842699,0.7329616881806029,0.18801065351594456
Run_0615_223124,45.541991233825684,Phase_3_Arc_Pivot,-0.04008049025980698,-0.5991130953421088,0.27189244558982656,8.697677064067815,0.9231204930765436,-0.16675078818572045,8.646943335116339,-0.36408858588344156,0.6845980051479196,0.2516856671508908,-0.22059817848595162,-0.5991130953421088,0.1639158055739699,-1.7555574072870503,-1.7601133925461656,0.7330417757448946,0.18801065351594456
Run_0615_223124,45.64340138435364,Phase_3_Arc_Pivot,-0.041945800449573856,-0.5990723398026727,0.2725933842359201,6.389018493174366,-0.21179952345167902,1.0365806820109265,6.3008093732211465,-0.397050595584316,0.4713248761533582,0.15100020914326617,-0.22241279044000065,-0.5990723398026727,0.16309247055961784,-1.7556356752135653,-1.7601063083922779,0.7329699023264201,0.18801065351594456
Run_0615_223124,45.74491620063782,Phase_3_Arc_Pivot,-0.04378634598115478,-0.5991103672460442,0.2732683804484912,7.461667261885777,0.12854148889283054,-0.3641547534982668,7.451667379065965,-0.3663170736139352,0.5998991618990345,0.2205710833042251,-0.22419154706564837,-0.5991103672460442,0.16226830273233864,-1.755624302169143,-1.7601286579849171,0.7330860167350918,0.18801065351594456
Run_0615_223124,45.846932888031006,Phase_3_Arc_Pivot,-0.045698015878671124,-0.5991168624134019,0.2739337869665843,8.266805161021516,0.6408770005021454,-0.3479981597206453,8.234575977022155,-0.36888250496050135,0.7223665203077668,0.23872468285438317,-0.22601381527476172,-0.5991168624134019,0.161387061445604,-1.755589932395913,-1.7601223699848663,0.7330539235806143,0.18801065351594456
Run_0615_223124,45.948976278305054,Phase_3_Arc_Pivot,-0.04759799564334332,-0.5991002934751867,0.27460322060908865,8.105217608758041,-0.4416766894889778,1.0150985245145863,8.029262056553627,-0.3931913357410286,0.6875339789508107,0.14602523999774433,-0.2278306649186479,-0.5991002934751867,0.1605169339380563,-1.755614002148186,-1.7600691126666366,0.7330276367423334,0.18801065351594456
Run_0615_223124,46.049254179000854,Phase_3_Arc_Pivot,-0.049452733868729636,-0.5991194462154255,0.27521169913885773,6.534743921114773,-0.28842368325789364,-0.7965815159334743,6.4795947235884706,-0.3814015376299432,0.4878478576299705,0.2435279952652352,-0.2295724221897506,-0.5991194462154255,0.1596356952561659,-1.7556514132800536,-1.7601775140607827,0.7330381292058845,0.18801065351594456
Run_0615_223124,46.15146493911743,Phase_3_Arc_Pivot,-0.05135786261050055,-0.5991177204274779,0.27584461044030584,7.1579162158864875,-0.4927158425023779,-0.33961351994005917,7.132857653792891,-0.39257811548876415,0.5900699727101232,0.2178083376028891,-0.23136708751523377,-0.5991177204274779,0.15873610167696983,-1.755610875960994,-1.7601424773822727,0.7330708060502253,0.18801065351594456
Run_0615_223124,46.25332999229431,Phase_3_Arc_Pivot,-0.0532931282080522,-0.5990874108680748,0.2764584815205588,7.90934885112224,-0.4601074105664752,0.3526424697728766,7.888076046033214,-0.4049682538303882,0.7404547787926467,0.18143015698339635,-0.23316959934628073,-0.5990874108680748,0.1578017346531652,-1.7556405896537248,-1.760034467156028,0.7330727536663608,0.18801065351594456
Run_0615_223124,46.354429960250854,Phase_3_Arc_Pivot,-0.055197316142401164,-0.5991091080490115,0.2770223824546806,8.268896316834583,-0.868801006641359,-0.19029689956569945,8.220925629114715,-0.40645083211617056,0.7234298512337296,0.22812699575159956,-0.23491480172174745,-0.5991091080490115,0.1568540086265684,-1.7555987275714307,-1.7601125319402142,0.7331080051305289,0.18801065351594456
Run_0615_223124,46.454474687576294,Phase_3_Arc_Pivot,-0.05708685417302122,-0.5991354685990683,0.2775986132817264,8.110143313874314,-0.6265488006791828,-0.06619103413996823,8.08563416925025,-0.40182764558334316,0.6643597427528218,0.19494659789223395,-0.23665836360184161,-0.5991354685990683,0.1559253601971399,-1.7556791001047627,-1.7601228440987158,0.7331421433245536,0.18801065351594456
Run_0615_223124,46.554914474487305,Phase_3_Arc_Pivot,-0.05903366669014071,-0.5990868769158813,0.27815594766851937,7.710568419957148,-0.586203331083644,0.6483913854667258,7.660862851188464,-0.4145804379258213,0.6719295414572213,0.14818517766859654,-0.23842906285868537,-0.5990868769158813,0.1549428507888756,-1.7556381467768247,-1.7600771137081934,0.7330215887308991,0.18801065351594456
Run_0615_223124,46.65732407569885,Phase_3_Arc_Pivot,-0.06102204810090568,-0.5991005021276303,0.2785945613542722,6.400613624438234,-2.0605369625451706,-1.6805942329402876,5.822168429334325,-0.35615734455566084,0.3474742110951903,0.2436090437021155,-0.2401452075493396,-0.5991005021276303,0.15384699952125544,-1.7556242980548409,-1.760223851824871,0.7328813690978045,0.18801065351594456
Run_0615_223124,46.75945854187012,Phase_3_Arc_Pivot,-0.06293219077342706,-0.5991021505433788,0.27906624794073737,7.817125089731712,-1.0570707756665734,-0.32678597997037495,7.73842729287027,-0.36049983314868916,0.6115332670203356,0.14498689987417807,-0.24182941516999756,-0.5991021505433788,0.15282985746836608,-1.755607993574432,-1.7600388558718922,0.7331096951981377,0.18801065351594456
Run_0615_223124,46.86021161079407,Phase_3_Arc_Pivot,-0.06484155471070564,-0.5991261446324554,0.27953559099402125,8.142902906295403,-0.9390003393049079,0.3278190139401386,8.081935461152774,-0.38106577466845204,0.6683418016967962,0.14862315201017062,-0.24351141501348011,-0.5991261446324554,0.15181160893624318,-1.7556416763273872,-1.7601353182513149,0.7331189053825414,0.18801065351594456
Run_0615_223124,46.96112036705017,Phase_3_Arc_Pivot,-0.06687553199759314,-0.5990782783178374,0.27999355627174255,8.277807995352642,-1.3241679981810628,0.4032284586145239,8.161255487403922,-0.40069448245666067,0.6553172073127906,0.1421025598112526,-0.24527348449924238,-0.5990782783178374,0.15069720015733032,-1.7556342458622247,-1.7600945984730814,0.7329771380608906,0.18801065351594456
Run_0615_223124,47.06261205673218,Phase_3_Arc_Pivot,-0.06881053022277087,-0.5991276796862736,0.2804411482919385,7.702602272254381,-1.3323760495113786,0.7411444399273222,7.550202695715634,-0.39127505458402373,0.6005914615947094,0.08276234278909454,-0.24695823021853502,-0.5991276796862736,0.14964544514340877,-1.7556252291135024,-1.7601678857714262,0.7330406142583034,0.18801065351594456
Run_0615_223124,47.164854288101196,Phase_3_Arc_Pivot,-0.07078406969952697,-0.5991143725545689,0.28089927605656645,7.765792813506419,-1.6429141455971252,0.985106815798123,7.525817941856745,-0.38806803657712224,0.6156859445689739,0.08477282612616996,-0.2486776786145069,-0.5991143725545689,0.14857388724547343,-1.7556497740552957,-1.7600985906062525,0.7331107808749787,0.18801065351594456
Run_0615_223124,47.26659822463989,Phase_3_Arc_Pivot,-0.07280557074109478,-0.5990903352303751,0.28064735834349036,5.843205074156312,-2.7386494067344374,-0.759884662300664,5.105430468201423,-0.41970768598838415,0.20290699295984044,0.17155174134209447,-0.24992896298595804,-0.5990903352303751,0.14696633742758802,-1.7556139965073918,-1.7600768321916445,0.7330721684206776,0.18801065351594456
Run_0615_223124,47.36733841896057,Phase_3_Arc_Pivot,-0.07474363240070597,-0.5991019665754903,0.2808822952581822,8.036856831489152,-2.616537515873313,0.2406991155965994,7.595186837309032,-0.45016528162312514,0.5418879098289345,0.13329676233085028,-0.2514655050133564,-0.5991019665754903,0.14576204637124895,-1.755596073713463,-1.759997896144972,0.7331295962085616,0.18801065351594456
Run_0615_223124,47.46752333641052,Phase_3_Arc_Pivot,-0.0767726976085821,-0.5990624801409243,0.28069345714459953,11.043351370281416,-5.44805619581428,-0.7990932283317931,-9.572656015295877,-0.3879898392458535,-1.8929949797782804,-0.07160451936935763,-0.2527667420706545,-0.5990624801409243,0.14419375189262928,-1.7557704020742089,-1.7609842414026673,0.7320153060055496,0.18801065351594456
Run_0615_223124,47.56846380233765,Phase_3_Arc_Pivot,-0.07963652556268974,-0.5990969976523253,0.2797840576372178,9.473336632750323,-5.358547916795398,-0.8498200248672481,-7.765814645364101,-0.37379688117629967,-2.047841758165362,-0.07075749566349089,-0.2541487316786783,-0.5990969976523253,0.14152567716765083,-1.755292883905328,-1.7605316840224767,0.7326161582106328,0.18801065351594456
Run_0615_223124,47.670000076293945,Phase_3_Arc_Pivot,-0.08271184656727879,-0.5990933161003361,0.2789511184834128,9.386966060682276,-5.520379742156366,-1.6688036558918393,-7.406458916707267,-0.36277919733603603,-2.1027931620052467,-0.005227181354503669,-0.2557343350913774,-0.5990933161003361,0.1387621199070092,-1.7555821813167205,-1.7600421965648925,0.7330626437490669,0.18801065351594456
Run_0615_223124,47.77012038230896,Phase_3_Arc_Pivot,-0.08585658745061531,-0.5990986134042803,0.2776025715837069,9.446232778019018,-5.680960770315973,-1.3683533631141351,-7.421967899169742,-0.3993049892478379,-2.139815408609465,0.008275067890293251,-0.25700443603752904,-0.5990986134042803,0.1355848856457972,-1.7554806394256002,-1.7602333698698134,0.7328523355436687,0.18801065351594456
Run_0615_223124,47.871190309524536,Phase_3_Arc_Pivot,-0.0890147681057631,-0.5991264931401848,0.2763875215230885,10.429930851654671,-6.197104842203924,-1.7434678121069274,-8.206075135725829,-0.42875737779065554,-2.235919664997464,0.008218257303552468,-0.2583784368576518,-0.5991264931401848,0.13249254455098566,-1.755567980493793,-1.7602146307949242,0.7329856131048206,0.18801065351594456
Run_0615_223124,47.971946477890015,Phase_3_Arc_Pivot,-0.09212242178818064,-0.59910098697022,0.2751685541452821,11.582184031985095,-7.192197268676963,-2.9389803873993414,-8.589626283004877,-0.40976994793520755,-2.2301432454637045,0.0014715183929291044,-0.2597139397511765,-0.59910098697022,0.12943316145967676,-1.7556120059576446,-1.760136100814186,0.7330156038249566,0.18801065351594456
Run_0615_223124,48.07197380065918,Phase_3_Arc_Pivot,-0.09500005809110558,-0.5991046789346468,0.27381337891314483,9.435935399012454,-6.122251847212913,-1.3180850812488647,-7.058155629640337,-0.3690413127137066,-2.055768097923639,-0.03308818117612817,-0.260790482298423,-0.5991046789346468,0.12644011171974964,-1.7556142008802436,-1.7601604181769923,0.7329140892106435,0.18801065351594456
Run_0615_223124,48.172162771224976,Phase_3_Arc_Pivot,-0.09768105747926059,-0.5991357339142851,0.2725253952706349,7.889517187501221,-4.317653159098562,-2.053916261845771,-6.275649818060986,-0.3413036323416633,-2.0125794723639796,0.00987685747582457,-0.26177549317846827,-0.5991357339142851,0.12363361690435212,-1.7556680261834656,-1.760108537991152,0.733227671018021,0.18801065351594456
Run_0615_223124,48.272464752197266,Phase_3_Arc_Pivot,-0.10033851051282187,-0.5990700663928124,0.2709979205493572,10.185385268602387,-6.305568688410448,0.9471347315063002,-7.942594814415171,-0.43116756517236654,-2.162805679239135,-0.21879428644618082,-0.2625745085056777,-0.5990700663928124,0.12067442611012968,-1.7554514687159675,-1.7602091946535816,0.7327808949504372,0.18801065351594456
Run_0615_223124,48.372822523117065,Phase_3_Arc_Pivot,-0.10305297317093562,-0.5991133776745817,0.26967958206708387,11.111234835022097,-7.734420987965972,0.1428275656858137,-7.976081232434901,-0.4308721716071131,-2.1919653601213986,-0.14011912737427856,-0.263561717377793,-0.5991133776745817,0.11782280507658516,-1.755596108123309,-1.7601186001883378,0.7330685471744192,0.18801065351594456
Run_0615_223124,49.45148539543152,Phase_3_Final_Insertion,-0.10502394842987484,-0.5990948910798014,0.2686327326985317,0.3240730503349984,-0.18946438501551854,0.20824174214727306,0.16050534443310724,0.01645009922965991,0.03455462286973135,-0.012810904607222761,-0.26421517306155573,-0.5990948910798014,0.11568888081805423,-1.755535498210138,-1.760149007959222,0.7329865286284067,0.18801065351594456
Run_0615_223124,49.553624868392944,Phase_3_Final_Insertion,-0.10519006394352265,-0.5989922054909277,0.26677839305395834,1.4266267690155499,-0.23847930113791838,-0.22950000558294473,1.3877036097228923,0.3205709886964413,0.19206390215579924,0.10422253284779288,-0.2630214183304155,-0.5989922054909277,0.11426020327459269,-1.75539020888049,-1.7602750254596997,0.7324975429520496,0.18801065351594456
Run_0615_223124,49.65459132194519,Phase_3_Final_Insertion,-0.10507527875348151,-0.5990707794587918,0.26489280522516295,0.8247907092078969,-0.20966148134604035,0.3589369111964653,0.7123805661415745,0.3905897929509225,0.1112724925308415,-0.01506736636881482,-0.2616069410038936,-0.5990707794587918,0.11300805672058656,-1.7555984571155676,-1.7601311319190067,0.7328537241971859,0.18801065351594456
Run_0615_223124,49.75535035133362,Phase_3_Final_Insertion,-0.10506727971867948,-0.5990799978276403,0.26284877392065115,0.7142325760986279,-0.2767176411657878,0.5762886766564116,0.3185072699103216,0.37480445944503443,0.1356299934480742,-0.010890633504707165,-0.26015593643576423,-0.5990799978276403,0.11156836449596014,-1.755588826133109,-1.760177234367224,0.7328439321850777,0.18801065351594456
Run_0615_223124,49.857197999954224,Phase_3_Final_Insertion,-0.10503691089031486,-0.5990942770259235,0.2608180469630606,0.9028416710536459,-0.28852293931288286,0.6200503462764961,0.5894193452573401,0.38132822490428225,0.10127588150411139,-0.03341930931979375,-0.25869852162884033,-0.5990942770259235,0.11015389769798281,-1.755587325586064,-1.7601791266409963,0.7329133778148849,0.18801065351594456
Run_0615_223124,49.95723056793213,Phase_3_Final_Insertion,-0.10501605278132814,-0.5991171852829229,0.2588082029375637,0.30834558648234295,-0.19811382361024713,0.11830824603025568,0.20452645921472462,0.3939742215051763,0.08711520413374738,-0.018587676273383508,-0.2572625983789769,-0.5991171852829229,0.10874747226873391,-1.755565090021336,-1.7602326206528323,0.732927258089691,0.18801065351594456
Run_0615_223124,50.05880951881409,Phase_3_Final_Insertion,-0.10503453597420082,-0.59911101965886,0.2567760361386954,0.3715305477645627,-0.32551411764194793,0.015736369407263067,0.1784036821814455,0.3789534308218229,0.12645583685684308,0.013815752799310192,-0.25583870904601325,-0.59911101965886,0.10729744375373373,-1.7555367718261712,-1.760201420132587,0.7329182835116733,0.18801065351594456
Run_0615_223124,50.15895915031433,Phase_3_Final_Insertion,-0.10500998952262017,-0.5991229947839058,0.25479280493570833,0.3348049211876227,0.01710840952876846,0.33367173045116333,0.021559542494505406,0.38482476335319515,0.11883807705600942,-0.021937717984128073,-0.25441899585135364,-0.5991229947839058,0.1059124444838076,-1.7555888337165586,-1.7601948503682858,0.732970291056822,0.18801065351594456
Run_0615_223124,50.26060724258423,Phase_3_Final_Insertion,-0.10499911247028454,-0.5991192457610847,0.2527404168862939,0.6186760867793205,-0.45810758471581575,0.39509476001074895,0.1296058323936996,0.3786889931527412,0.0850108177010728,-0.015052940402194527,-0.2529600471065206,-0.5991192457610847,0.10446887821390624,-1.755536006569163,-1.7602189930204057,0.7329702834855574,0.18801065351594456
Run_0615_223124,50.36237072944641,Phase_3_Final_Insertion,-0.10502973136153745,-0.5991010916719816,0.250752273100814,0.3902986793399582,-0.2317894736953264,0.3136487859038874,-0.01520322595952931,0.39170877614189215,0.11369825275597449,-0.005594146673873351,-0.25157586797947123,-0.5991010916719816,0.10304139743558219,-1.7556168047201026,-1.7601232632145458,0.7329534701942604,0.18801065351594456
Run_0615_223124,50.46396827697754,Phase_3_Final_Insertion,-0.10499692094761744,-0.5991289153974227,0.24873680715980487,1.2992561407391188,-0.11350479626024931,1.1424259395886653,0.608314189403127,0.39826207557102267,0.1825080044076754,-0.06010810902863614,-0.25012751787915677,-0.5991289153974227,0.10163944826762047,-1.7555962343564702,-1.7601394697798791,0.7330249706847131,0.18801065351594456
Run_0615_223124,50.564963579177856,Phase_3_Final_Insertion,-0.10499901253152238,-0.5991378047669692,0.2466933377163226,0.8804687891922126,-0.24357340104797143,0.7109776048140841,0.45870266240382035,0.40255345249926067,0.16004235760428287,-0.036509767787549746,-0.24868404575168557,-0.5991378047669692,0.10019301819382406,-1.7555777032945665,-1.7601877969017703,0.7330061055398985,0.18801065351594456
Run_0615_223124,50.666239500045776,Phase_3_Final_Insertion,-0.1049777076178758,-0.5991448024176074,0.2446753116247474,1.1283297976156634,-0.1350454729049265,0.7368881581501825,0.8437337819557306,0.41235159283387335,0.17969658648628642,-0.0525820499343229,-0.24724202096880923,-0.5991448024176074,0.09878112310877193,-1.7555575975141988,-1.7602172041958728,0.7330327924170755,0.18801065351594456
Run_0615_223124,50.767338275909424,Phase_3_Final_Insertion,-0.10499877843406846,-0.5991286353796268,0.24259929464770622,0.9370632469400014,-0.0056136823062319955,0.6103067207611782,0.7110427004972627,0.4068713361155672,0.16524212701450616,-0.04181492534984306,-0.2457889546035,-0.5991286353796268,0.09729825810943277,-1.755535946976627,-1.7602579732028145,0.7329494319027992,0.18801065351594456
Run_0615_223124,50.868518352508545,Phase_3_Final_Insertion,-0.10501661813632085,-0.5991148718709731,0.24059489724044478,1.2862935644178803,-0.14255901090151096,0.795824485238479,1.0004456261929222,0.39099008650179473,0.2098533353147752,-0.040750974409550826,-0.24438424617906973,-0.5991148718709731,0.09586832053612845,-1.755566733797394,-1.7601687651380364,0.732951837352913,0.18801065351594456
Run_0615_223124,50.969165563583374,Phase_3_Final_Insertion,-0.10501886882756747,-0.5991283471107931,0.2386058487875961,0.6361622927554696,-0.30273183807625825,0.22814643471852125,0.5108865835624318,0.4070458259912435,0.1573789345655922,-0.017816155360299263,-0.24297936800899467,-0.5991283471107931,0.0944602594079677,-1.755625325529289,-1.7601274861783403,0.7329793945719083,0.18801065351594456
Run_0615_223124,51.070547103881836,Phase_3_Final_Insertion,-0.10500854806398062,-0.5991255892243158,0.23658891009759536,0.7164479087823024,-0.1893089728712763,0.45480328663807046,0.5202054298564806,0.40959882320744545,0.17790226641916226,-0.030246774101768775,-0.24154587910213832,-0.5991255892243158,0.09304136626494994,-1.7556320786426571,-1.7601217614262292,0.7329945800580038,0.18801065351594456
Run_0615_223124,51.17201042175293,Phase_3_Final_Insertion,-0.10500091897400489,-0.5991333670718098,0.23459609697890724,1.8639121099430156,-0.05626432507764921,1.1039897939707104,1.500736224032821,0.4157669327399079,0.24217876337612362,-0.07981061778220361,-0.2401313528510203,-0.5991333670718098,0.09163762917634419,-1.7555776348096317,-1.760115674941717,0.7330211179309518,0.18801065351594456
Run_0615_223124,51.27251482009888,Phase_3_Final_Insertion,-0.10496214174283605,-0.5991427678692115,0.23255886446565022,0.6144377914031451,-0.2690114990476015,0.23429961330636373,0.5002702310641975,0.43265775461667794,0.17814577565906492,-0.05275344805437858,-0.23866339228292743,-0.5991427678692115,0.09022450789448155,-1.7556161351754231,-1.7601641423833225,0.7330875195934784,0.18801065351594456
Run_0615_223124,51.37324404716492,Phase_3_Final_Insertion,-0.10498142312095189,-0.5991482089521424,0.2305705152785749,1.1445576960319301,-0.17504349665364372,0.866307628105791,0.7272435543275062,0.43044406825639475,0.1819634062620588,-0.0782352565347684,-0.23727105108259605,-0.5991482089521424,0.08880489870771749,-1.7556178033000271,-1.760155433104734,0.7330528128674393,0.18801065351594456
Run_0615_223124,51.474618434906006,Phase_3_Final_Insertion,-0.10499971006739757,-0.5991498510236586,0.22847904345759953,1.1422617294432253,-0.14477353587273062,0.9462464203668872,0.6232336590752999,0.42242189514895145,0.18825985473806062,-0.061196279710227744,-0.23580508799916272,-0.5991498510236586,0.08731307397660631,-1.755542388411935,-1.76018354344261,0.7329947534287079,0.18801065351594456
Run_0615_223124,51.57539129257202,Phase_3_Final_Insertion,-0.1050021291567745,-0.5991452540890085,0.2265105174829505,1.4688084972566373,-0.2467295662241036,0.9226099673817897,1.1159362754440505,0.4461134712942436,0.21937980750078256,-0.08389626065160473,-0.23441484048804928,-0.5991452540890085,0.0859194053564874,-1.7555763574486638,-1.7601374400356964,0.7330049639645293,0.18801065351594456
Run_0615_223124,51.67670798301697,Phase_3_Final_Insertion,-0.10496069904472917,-0.5991588644821458,0.22449535912425486,1.2204586080030047,-0.3095128130375323,0.8254989348688402,0.8439624049355727,0.45026768008361057,0.1970765954109683,-0.07936391044755395,-0.23296061283427827,-0.5991588644821458,0.08452376872906153,-1.7556427642877253,-1.7601419892464836,0.7331061684612925,0.18801065351594456
Run_0615_223124,51.77707242965698,Phase_3_Final_Insertion,-0.10499320873882365,-0.5991302465468082,0.2224536665479172,1.440000638942838,-0.3895623530938063,0.8792465740285598,1.0718061742996436,0.4463638316318052,0.17724642261893928,-0.07662145816433728,-0.2315399059936002,-0.5991302465468082,0.08305708623808644,-1.7555949869894134,-1.7601744050704065,0.7329750088426912,0.18801065351594456
Run_0615_223124,51.877488136291504,Phase_3_Final_Insertion,-0.10500521091349266,-0.5991501417623316,0.22035440054824088,0.7374377532685612,-0.463188623487561,0.5674409722119904,0.08533160066817441,0.4456324549378248,0.11977364200477282,-0.06463480291598603,-0.23006398758881214,-0.5991501417623316,0.0815641941951035,-1.7555681920734065,-1.7602325745695386,0.7329258660194873,0.18801065351594456
Run_0615_223124,51.97762107849121,Phase_3_Final_Insertion,-0.10496113922080857,-0.5991721774228517,0.21838100571794475,1.271108590149047,-0.39776554107204565,0.9178551163427944,0.7842458847132807,0.4651971750114248,0.16891447727509243,-0.10196693781408907,-0.22863742332959597,-0.5991721774228517,0.08019995672139793,-1.7555499091918838,-1.7602543364197907,0.7330155179571722,0.18801065351594456
Run_0615_223124,52.077988386154175,Phase_3_Final_Insertion,-0.1049653027031015,-0.5991681830540608,0.21635307494514958,1.052075926663927,-0.3081060830012179,0.6175065108812645,0.7941159273699615,0.45554641531218854,0.177203751811662,-0.09542089258347117,-0.22720640375493834,-0.5991681830540608,0.0787630490936149,-1.7555341288596331,-1.7602445013689225,0.7330198810173529,0.18801065351594456
Run_0615_223124,52.18010997772217,Phase_3_Final_Insertion,-0.10503413739556185,-0.59913396108867,0.21432493161434488,1.3206457348880907,-0.2728541862635452,0.621406778630265,1.1329207234351928,0.44853290493153153,0.17612149213740316,-0.08490324516571902,-0.22582096333032764,-0.59913396108867,0.07728026171336502,-1.7555654742457996,-1.760123498137372,0.7329160151290557,0.18801065351594456
Run_0615_223124,52.28050971031189,Phase_3_Final_Insertion,-0.10499539607777193,-0.599152081216355,0.21231880000404577,1.2271589930089966,-0.19224037183803128,0.5986898880539798,1.0538184148610912,0.45608026397117424,0.17851361300542037,-0.05413694172248358,-0.22437501981621108,-0.599152081216355,0.07588910669629118,-1.7556443740879863,-1.7601145382309829,0.7330341325253619,0.18801065351594456
Run_0615_223124,52.38233232498169,Phase_3_Final_Insertion,-0.1049609179044315,-0.599153854549978,0.21027815610275902,1.010087170786663,0.05303563538376213,0.9323571747101995,-0.38493299771994116,0.4677381089552189,0.07853284374867062,-0.10042449109896104,-0.22290768692545232,-0.599153854549978,0.0744705333058763,-1.7555661445407784,-1.7601815592099785,0.7330313907042921,0.18801065351594456
Run_0615_223124,52.4843270778656,Phase_3_Final_Insertion,-0.10501953760421698,-0.5991295347546945,0.2082000610596738,1.7435392333092226,-0.4021559922583709,1.263916436626017,1.131686731037255,0.463479196016405,0.18087031304654047,-0.1201070742800976,-0.22147970221576607,-0.5991295347546945,0.07295964782173117,-1.7555459647028469,-1.7601363423925114,0.7329145680235407,0.18801065351594456
Run_0615_223124,52.586629152297974,Phase_3_Final_Insertion,-0.1049637321491517,-0.5991782368843919,0.20614087689206073,1.4351655365515386,-0.013411375439112324,1.108122899348313,0.9119122174058122,0.4847676356060848,0.18503882911157518,-0.11110713478011637,-0.21998417871143103,-0.5991782368843919,0.07154304514880386,-1.755590661685773,-1.7601609187732283,0.7330593184611808,0.18801065351594456
Run_0615_223124,52.68692588806152,Phase_3_Final_Insertion,-0.10496736565899574,-0.5991526352507273,0.20419033236648945,1.7422368029945838,-0.39680623914532215,1.2183145316579775,1.180526826563097,0.4699787210021239,0.19478650796784885,-0.15817203992804077,-0.2186075047298435,-0.5991526352507273,0.07016123260831586,-1.7556688105975293,-1.760114995756561,0.7330575959448795,0.18801065351594456
Run_0615_223124,52.78867816925049,Phase_3_Final_Insertion,-0.10496768895999428,-0.5991908277936219,0.20203457591472052,1.5392196578365414,-0.33672040419857924,1.065019155244954,1.0590329189539434,0.47904396862100956,0.18713180154804382,-0.13425525236663602,-0.21708338333253946,-0.5991908277936219,0.06863665399435498,-1.7555925333775946,-1.7602048795460483,0.7330432368078261,0.18801065351594456
Run_0615_223124,52.88898229598999,Phase_3_Final_Insertion,-0.10500076494599167,-0.5991577403512875,0.20009655703219686,1.2392714955841329,-0.22035344946203222,0.9220240351956005,0.7981916283694908,0.48963441915442174,0.1477108198588112,-0.1444997793738994,-0.21573638529263262,-0.5991577403512875,0.06724287944646173,-1.7555817541867609,-1.7600966371996456,0.7330162118388943,0.18801065351594456
Run_0615_223124,52.98906588554382,Phase_3_Final_Insertion,-0.10495115141803803,-0.59917090866693,0.1981158866129251,1.7157897569747345,-0.221349185649509,1.263200145775475,1.1398528062274254,0.48221893976328795,0.20775250699054237,-0.1579154270207976,-0.2143007577458153,-0.59917090866693,0.06587741602375366,-1.7556289524652238,-1.7601328653387722,0.7331059873929048,0.18801065351594456
Run_0615_223124,53.089386224746704,Phase_3_Final_Insertion,-0.1049865368957822,-0.599159773404049,0.19600875963977768,1.3800020870259104,0.017017242686037295,1.3338770145272056,0.35339536466006666,0.4865319692010465,0.18801070954336913,-0.13489766917366208,-0.21283581528555012,-0.599159773404049,0.06436243094095162,-1.755569233455834,-1.7602030607594967,0.7329748652774931,0.18801065351594456
Run_0615_223124,53.191283226013184,Phase_3_Final_Insertion,-0.10499714111293962,-0.5991794716243118,0.1939739742716356,1.2979131494143676,-0.24371719586990168,0.960679885966332,0.8380182745977262,0.501009672764294,0.17698621108157955,-0.12672440366202706,-0.21140450306733888,-0.5991794716243118,0.06291612209501798,-1.7555940083811272,-1.7601525525669517,0.7330037170599562,0.18801065351594456
Run_0615_223124,53.291988134384155,Phase_3_Final_Insertion,-0.10494156918907771,-0.5991787892052285,0.19191652417837388,2.3799327967092276,-0.23693074588435595,1.8608859430183682,1.4645980491532578,0.5027672742530683,0.2024665736664217,-0.1999168740931427,-0.2099103708702343,-0.5991787892052285,0.06150058046632609,-1.7555211427675201,-1.7602354875745385,0.7330779135915093,0.18801065351594456
Run_0615_223124,53.39285850524902,Phase_3_Final_Insertion,-0.1049773930532642,-0.5991815711543143,0.1898827250425815,1.9866695348258387,-0.02296554328907321,1.8296768434600708,0.7736996012229449,0.502175190616978,0.18026313207905476,-0.19544601081739532,-0.20849758900703874,-0.5991815711543143,0.06003713600854138,-1.755587975945084,-1.7601914770848008,0.7330336897118174,0.18801065351594456
Run_0615_223124,53.49464702606201,Phase_3_Final_Insertion,-0.10496866587320725,-0.599184752159872,0.18783809730018344,1.563285028759862,-0.1286139198079632,1.5322763860057225,0.28186453779359294,0.516736921694906,0.1549772889716918,-0.20110815468535406,-0.207045647817188,-0.599184752159872,0.05859753691508848,-1.7555815624718123,-1.7602110021484818,0.7330102685718933,0.18801065351594456
Run_0615_223124,53.59593319892883,Phase_3_Final_Insertion,-0.10499583816055956,-0.5991589716092256,0.1858213698143104,1.6849084106535561,-0.07440353890762115,1.6282958701895358,0.4266532840759778,0.5073617743108051,0.17383653878616423,-0.20276321090019275,-0.20563881984476906,-0.5991589716092256,0.05715228152537519,-1.7556546611138943,-1.7601439118255613,0.7329720358677044,0.18801065351594456
Run_0615_223124,53.69687294960022,Phase_3_Final_Insertion,-0.10501431512116963,-0.599163297170864,0.18374055140174766,1.7920867776090057,-0.11244056261020913,1.6079842497359296,0.7831467237766555,0.5267517823505288,0.1446900036865896,-0.20218250625828674,-0.2041805242189712,-0.599163297170864,0.055667855531291166,-1.7555823527138585,-1.7601492032319144,0.7329238107678271,0.18801065351594456
Run_0615_223124,53.799072265625,Phase_3_Final_Insertion,-0.10494148626696809,-0.5992100374367659,0.1817516478222275,2.2342984576704055,-0.04769946399433407,1.8844738586245082,1.1994051172326483,0.5235441613094286,0.19318740607226986,-0.2319047785947736,-0.20272265923409435,-0.5992100374367659,0.05431298609975821,-1.7556662290648806,-1.7601591632100508,0.7331263990410414,0.18801065351594456
