Ball_X,Ball_Y,Ball_Z
-0.00638261204585433,0.01803654059767723,0.4876496195793152
-0.0063861762173473835,0.018046611919999123,0.48792192339897156
-0.006388840265572071,0.018054138869047165,0.4881254732608795
-0.006389755755662918,0.018056726083159447,0.48819541931152344
-0.0063888197764754295,0.018054082989692688,0.48812392354011536
-0.006388173904269934,0.01805225759744644,0.48807457089424133
-0.006388569250702858,0.01805337332189083,0.48810476064682007
-0.006389056798070669,0.01805475354194641,0.4881420433521271
-0.006389637012034655,0.018056390807032585,0.4881863594055176
-0.0063882851973176,0.018052570521831512,0.4880830645561218
-0.006388931069523096,0.01805439591407776,0.48813241720199585
-0.006390486378222704,0.018058791756629944,0.488251268863678
-0.0063915010541677475,0.01806165836751461,0.4883287847042084
-0.006393648684024811,0.018067728728055954,0.48849284648895264
-0.006392224691808224,0.018063703551888466,0.48838403820991516
-0.00639291713014245,0.018065661191940308,0.4884369671344757
-0.0063931820914149284,0.01806640811264515,0.48845717310905457
-0.006394701544195414,0.018070703372359276,0.488573282957077
-0.0063949343748390675,0.018071360886096954,0.48859110474586487
-0.006396949756890535,0.018077056854963303,0.4887450635433197
-0.006395802833139896,0.01807381398975849,0.4886574149131775
-0.0063956379890441895,0.018073350191116333,0.4886448383331299
-0.006396402604877949,0.01807551085948944,0.48870325088500977
-0.006396796088665724,0.018076622858643532,0.48873332142829895
-0.006395507603883743,0.018072981387376785,0.4886348843574524
-0.006392036098986864,0.018063170835375786,0.4883696436882019
-0.006395603995770216,0.018073255196213722,0.48864224553108215
-0.006397510878741741,0.018078641965985298,0.4887879192829132
-0.006395901553332806,0.018074095249176025,0.48866498470306396
-0.006396675016731024,0.018076280131936073,0.48872408270835876
-0.006396606098860502,0.018076084554195404,0.48871880769729614
-0.00639622937887907,0.018075020983815193,0.48869001865386963
-0.006395477335900068,0.01807289570569992,0.48863255977630615
-0.006394833326339722,0.018071075901389122,0.48858338594436646
-0.006395190488547087,0.018072085455060005,0.4886106550693512
-0.0063967471942305565,0.01807648502290249,0.4887295961380005
-0.0063971118070185184,0.018077513203024864,0.4887574315071106
-0.006398426368832588,0.01808122918009758,0.48885786533355713
-0.00640059495344758,0.01808735728263855,0.4890235662460327
-0.006400450598448515,0.018086949363350868,0.48901253938674927
-0.006399703677743673,0.01808483898639679,0.48895546793937683
-0.006398668047040701,0.018081912770867348,0.4888763427734375
-0.00639898469671607,0.01808280497789383,0.4889005124568939
-0.006397862918674946,0.018079636618494987,0.4888148307800293
-0.006400774233043194,0.01808786578476429,0.48903727531433105
-0.006399028468877077,0.018082931637763977,0.48890388011932373
-0.006397466640919447,0.0180785171687603,0.4887845516204834
-0.00639589736238122,0.01807408221065998,0.4886646568775177
-0.0063952249474823475,0.018072182312607765,0.4886132776737213
-0.006395974196493626,0.01807430014014244,0.4886705279350281
-0.006396362092345953,0.018075397238135338,0.48870018124580383
-0.006396273151040077,0.01807514578104019,0.48869338631629944
-0.00639414181932807,0.01806912198662758,0.48853054642677307
-0.00639491667971015,0.018071310594677925,0.48858973383903503
-0.006394531112164259,0.018070220947265625,0.488560289144516
-0.006392877548933029,0.018065547570586205,0.48843392729759216
-0.006393482908606529,0.018067259341478348,0.48848018050193787
-0.006393108516931534,0.018066201359033585,0.4884515702724457
-0.0063930051401257515,0.018065908923745155,0.4884437024593353
-0.006390120834112167,0.01805775985121727,0.4882233142852783
-0.006390020251274109,0.018057474866509438,0.4882156550884247
-0.006387419532984495,0.018050124868750572,0.48801693320274353
-0.006386097986251116,0.018046390265226364,0.487915962934494
-0.0063856435008347034,0.018045106902718544,0.48788124322891235
-0.006386403925716877,0.018047254532575607,0.48793932795524597
-0.006385054439306259,0.01804344356060028,0.48783624172210693
-0.006383979693055153,0.018040405586361885,0.48775410652160645
-0.006388503592461348,0.018053187057375908,0.48809975385665894
-0.0063870749436318874,0.018049150705337524,0.4879905879497528
-0.006384334992617369,0.01804140955209732,0.48778125643730164
-0.0063867587596178055,0.018048256635665894,0.4879664182662964
-0.006385908927768469,0.018045857548713684,0.487901508808136
-0.0063902847468853,0.01805821992456913,0.48823583126068115
-0.006392512004822493,0.01806451566517353,0.4884060025215149
-0.0063936784863471985,0.01806781068444252,0.4884951114654541
-0.006393675226718187,0.018067801371216774,0.488494873046875
-0.006394717842340469,0.018070748075842857,0.4885745346546173
-0.006394784897565842,0.018070939928293228,0.4885796904563904
-0.006395974196493626,0.01807430014014244,0.4886705279350281
-0.0063950433395802975,0.018071668222546577,0.48859938979148865
-0.006396283395588398,0.01807517372071743,0.4886941611766815
-0.006396285258233547,0.018075179308652878,0.48869428038597107
-0.006395349744707346,0.01807253621518612,0.4886228144168854
-0.006396738346666098,0.0180764589458704,0.48872891068458557
-0.006393828429281712,0.018068237230181694,0.48850661516189575
-0.006394136697053909,0.018069105222821236,0.48853012919425964
-0.006390081252902746,0.018057648092508316,0.48822030425071716
-0.0063872928731143475,0.01804976724088192,0.48800724744796753
-0.006386547349393368,0.01804766058921814,0.48795026540756226
-0.006383958738297224,0.01804034598171711,0.4877525269985199
-0.006386461202055216,0.01804741658270359,0.48794370889663696
-0.006386792752891779,0.018048355355858803,0.4879690706729889
-0.006385450251400471,0.01804455928504467,0.48786646127700806
-0.006387297064065933,0.018049780279397964,0.4880075752735138
-0.006391098257154226,0.018962809816002846,0.4882979691028595
-0.006391467526555061,0.018963908776640892,0.48832622170448303
-0.0063924663700163364,0.018064387142658234,0.48840251564979553
-0.0063946861773729324,0.018070658668875694,0.4885720908641815
-0.00639527989551425,0.0180723387748003,0.488617479801178
-0.0063962130807340145,0.018074974417686462,0.48868876695632935
-0.006394843105226755,0.01807110384106636,0.48858413100242615
-0.006394894793629646,0.018071249127388,0.4885880649089813
-0.006391913164407015,0.01806282438337803,0.4883602559566498
-0.006390836089849472,0.018059778958559036,0.48827794194221497
-0.006386817432940006,0.018048424273729324,0.4879709482192993
-0.006386942230165005,0.01804877445101738,0.487980455160141
-0.006386216264218092,0.018046723678708076,0.4879249930381775
-0.006384812295436859,0.018042758107185364,0.4878177046775818
-0.0063887471333146095,0.018053876236081123,0.48811838030815125
-0.006388562731444836,0.01805335469543934,0.4881042540073395
-0.006391255185008049,0.018060965463519096,0.4883100092411041
-0.006392705719918013,0.018065063282847404,0.4884208142757416
-0.006396006792783737,0.018074393272399902,0.48867303133010864
-0.006398178171366453,0.01808052696287632,0.48883891105651855
-0.006397980265319347,0.01807996816933155,0.488823801279068
-0.006398024968802929,0.01808009296655655,0.4888271987438202
-0.006395615637302399,0.01807328686118126,0.4886431097984314
-0.006392131093889475,0.018063440918922424,0.4883769154548645
-0.0063913739286363125,0.01806129887700081,0.4883190393447876
-0.006386595778167248,0.018047794699668884,0.48795396089553833
-0.006383893080055714,0.018040161579847336,0.48774752020835876
-0.006383932661265135,0.01804027333855629,0.4877505302429199
-0.0063850004225969315,0.018043288961052895,0.48783209919929504
-0.006384897045791149,0.018042996525764465,0.4878242015838623
-0.006386092398315668,0.01804637536406517,0.4879155457019806
-0.006389303132891655,0.018957484513521194,0.4881608486175537
-0.006392072420567274,0.018063275143504143,0.48837244510650635
-0.006391736678779125,0.018062325194478035,0.48834678530693054
-0.006393373012542725,0.018066948279738426,0.4884718060493469
-0.006392229814082384,0.01806371845304966,0.4883844554424286
-0.006393951829522848,0.0180685855448246,0.48851603269577026
-0.006395532283931971,0.018073050305247307,0.4886367619037628
-0.006394437048584223,0.018069954589009285,0.48855307698249817
-0.0063951811753213406,0.018072057515382767,0.4886099398136139
-0.006395810749381781,0.01807383820414543,0.48865804076194763
-0.006392773240804672,0.018065253272652626,0.48842597007751465
-0.006388865876942873,0.018054211512207985,0.4881274402141571
-0.006390551570802927,0.01805897429585457,0.48825621604919434
-0.006390703376382589,0.01805940456688404,0.48826780915260315
-0.006387435831129551,0.018050171434879303,0.4880181550979614
-0.006385562010109425,0.01804487593472004,0.4878750145435333
-0.006383172702044249,0.018038123846054077,0.4876924753189087
-0.0063834586180746555,0.018038932234048843,0.4877142906188965
-0.006383344065397978,0.018038608133792877,0.4877055585384369
-0.006384897045791149,0.018042998388409615,0.4878242313861847
-0.006383311469107866,0.018038516864180565,0.4877030849456787
-0.0063847508281469345,0.01894397847354412,0.4878130555152893
-0.006388029549270868,0.01805184781551361,0.4880635440349579
-0.006387211848050356,0.018951281905174255,0.4880010783672333
-0.006390071008354425,0.01805761829018593,0.4882195293903351
-0.006387878209352493,0.01895325817167759,0.4880519509315491
-0.006386561784893274,0.018949350342154503,0.4879513680934906
-0.006390133872628212,0.018959950655698776,0.4882242977619171
-0.006390527356415987,0.018058907240629196,0.4882543981075287
-0.005489148199558258,0.018061643466353416,0.48832833766937256
-0.006393902003765106,0.01897113211452961,0.48851221799850464
-0.006392464507371187,0.018064381554722786,0.488402396440506
-0.006391508504748344,0.0180616807192564,0.48832935094833374
-0.0063905371353030205,0.018058935180306435,0.488255113363266
-0.006388840731233358,0.018054140731692314,0.4881255030632019
-0.006389171350747347,0.018055075779557228,0.48815077543258667
-0.006390105467289686,0.01805771514773369,0.4882221519947052
-0.006388604640960693,0.01805347390472889,0.48810747265815735
-0.006391555070877075,0.018061812967061996,0.4883328974246979
-0.0063918656669557095,0.018062690272927284,0.4883566200733185
-0.006389947608113289,0.018057269975543022,0.4882100820541382
-0.006391577422618866,0.01806187443435192,0.488334596157074
-0.0063935392536222935,0.01806741952896118,0.4884845018386841
-0.006393767893314362,0.018068064004182816,0.48850196599960327
-0.006394785363227129,0.018070939928293228,0.48857972025871277
-0.006394912954419851,0.01807129941880703,0.48858943581581116
-0.006394821219146252,0.018071040511131287,0.48858243227005005
-0.006394393742084503,0.018069833517074585,0.4885497987270355
-0.006394003052264452,0.01806872896850109,0.48851993680000305
-0.006394357420504093,0.018069729208946228,0.4885469973087311
-0.006393458228558302,0.018067190423607826,0.48847830295562744
-0.006392504554241896,0.01806449517607689,0.4884054362773895
-0.006393984891474247,0.018068678677082062,0.48851853609085083
-0.006392996292561293,0.018065884709358215,0.4884430170059204
-0.006393753457814455,0.01806802488863468,0.48850083351135254
-0.006392074283212423,0.01806327886879444,0.4883725643157959
-0.006393093150109053,0.018066158518195152,0.48845037817955017
-0.006392664276063442,0.018064945936203003,0.4884176254272461
-0.006391122005879879,0.018060587346553802,0.48829978704452515
-0.006393748335540295,0.018068009987473488,0.4885004758834839
-0.0063939886167645454,0.018068687990307808,0.4885188341140747
-0.0063953581266105175,0.01807255856692791,0.4886234700679779
-0.006395137403160334,0.018974797800183296,0.48860660195350647
-0.0063930233009159565,0.018065961077809334,0.48844507336616516
-0.006393495015799999,0.018067294731736183,0.4884811341762543
-0.00639323191717267,0.01806655153632164,0.4884610176086426
-0.006394091993570328,0.018068980425596237,0.48852673172950745
-0.0063911727629601955,0.018060732632875443,0.48830369114875793
-0.006392141338437796,0.018063468858599663,0.4883776903152466
-0.006391826085746288,0.01806257665157318,0.48835358023643494
-0.0063938251696527,0.0180682260543108,0.4885063171386719
-0.006394008174538612,0.018068743869662285,0.4885202944278717
-0.0063940007239580154,0.018068723380565643,0.4885197579860687
-0.006392037030309439,0.018063172698020935,0.4883697032928467
-0.006390357855707407,0.018058428540825844,0.48824143409729004
-0.006390364374965429,0.018058449029922485,0.48824194073677063
-0.006391745992004871,0.018062351271510124,0.48834750056266785
-0.006391429807990789,0.018061457201838493,0.4883233308792114
-0.006392308045178652,0.018063940107822418,0.48839041590690613
-0.006389142479747534,0.018054993823170662,0.48814857006073
-0.006390037480741739,0.018057525157928467,0.48821696639060974
-0.006388319190591574,0.018052667379379272,0.48808565735816956
-0.006389881018549204,0.0180570799857378,0.4882049858570099
-0.006389572285115719,0.01805620826780796,0.4881814122200012
-0.006389161571860313,0.01805504783987999,0.4881500005722046
-0.006390053313225508,0.0180575679987669,0.48821815848350525
-0.006388660054653883,0.018053630366921425,0.4881117045879364
-0.006386386230587959,0.018047204241156578,0.4879379868507385
-0.006386301480233669,0.018046965822577477,0.487931489944458
-0.006389700807631016,0.01805657148361206,0.4881912171840668
-0.006390114314854145,0.01805773936212063,0.48822280764579773
-0.0063889469020068645,0.01805444061756134,0.48813360929489136
-0.0063892570324242115,0.01805531606078148,0.4881573021411896
-0.006389405112713575,0.018055737018585205,0.4881686270236969
-0.006388859823346138,0.018054194748401642,0.4881269633769989
-0.006387169007211924,0.018049418926239014,0.48799780011177063
-0.006388237699866295,0.018052436411380768,0.4880794286727905
-0.0063884686678647995,0.018053090199828148,0.48809710144996643
-0.006388688459992409,0.01805371232330799,0.4881139099597931
-0.006392267532646656,0.018063824623823166,0.4883873164653778
-0.006390785798430443,0.018059637397527695,0.48827409744262695
-0.00639242772012949,0.01806427724659443,0.48839956521987915
-0.00638904795050621,0.018054725602269173,0.48814132809638977
-0.006390388123691082,0.01805851422250271,0.4882437586784363
-0.0063911802135407925,0.018060751259326935,0.4883042275905609
-0.006393256597220898,0.01806662045419216,0.4884629249572754
-0.006391939707100391,0.018062898889183998,0.48836228251457214
-0.006390860769897699,0.018059849739074707,0.4882798194885254
-0.006389723625034094,0.018056634813547134,0.48819294571876526
-0.006388071924448013,0.01805196888744831,0.48806676268577576
-0.006389064248651266,0.018054772168397903,0.48814257979393005
-0.00638573756441474,0.018045371398329735,0.4878883957862854
-0.006383449770510197,0.018038906157016754,0.48771360516548157
-0.006385336630046368,0.018044238910079002,0.48785778880119324
-0.006386220455169678,0.01894833706319332,0.48792529106140137
-0.0063821105286479,0.018035123124718666,0.487611323595047
-0.006383651401847601,0.01803947612643242,0.487729012966156
-0.006382125895470381,0.0180351659655571,0.48761245608329773
-0.006379853934049606,0.0180287454277277,0.4874388873577118
-0.006380430888384581,0.018030375242233276,0.4874829649925232
-0.006382906809449196,0.018037373200058937,0.4876721501350403
-0.006385318469256163,0.018044186756014824,0.487856388092041
-0.006387745495885611,0.018051045015454292,0.48804181814193726
-0.00638978835195303,0.01805681735277176,0.4881978929042816
-0.00639183958992362,0.018062615767121315,0.4883546233177185
-0.006390661466866732,0.01805928722023964,0.48826462030410767
-0.0063908700831234455,0.018059875816106796,0.4882805645465851
-0.006392286624759436,0.018063878640532494,0.4883887767791748
-0.006391006987541914,0.018060261383652687,0.4882909953594208
-0.006390697322785854,0.018059387803077698,0.48826733231544495
-0.006388519890606403,0.018053235486149788,0.4881010055541992
-0.006386439315974712,0.018047355115413666,0.48794203996658325
-0.006385653745383024,0.018045134842395782,0.48788201808929443
-0.006383735686540604,0.01803971454501152,0.48773545026779175
-0.006383069790899754,0.018037833273410797,0.48768460750579834
-0.006380100268870592,0.01802944205701351,0.4874577224254608
-0.006383678410202265,0.018039552494883537,0.48773106932640076
-0.006384733133018017,0.018042532727122307,0.4878116846084595
-0.006387478671967983,0.018050292506814003,0.4880214333534241
-0.006389695219695568,0.018056554719805717,0.48819079995155334
-0.006389009300619364,0.018054619431495667,0.4881384074687958
-0.006390406284481287,0.018058566376566887,0.4882451295852661
-0.006390074733644724,0.018057629466056824,0.4882197976112366
-0.006390982307493687,0.018962467089295387,0.48828911781311035
-0.006384828127920628,0.018042800948023796,0.4878189265727997
-0.00638789776712656,0.018051477149128914,0.48805347084999084
-0.006386228837072849,0.01804676093161106,0.4879259765148163
-0.006385595537722111,0.01804497092962265,0.48787757754325867
-0.006385805085301399,0.018045563250780106,0.48789358139038086
-0.0063843135721981525,0.018041348084807396,0.4877796173095703
-0.006383521016687155,0.01803910732269287,0.4877190589904785
-0.006384081207215786,0.018040692433714867,0.48776188492774963
-0.0063863275572657585,0.018047040328383446,0.48793351650238037
-0.006389162968844175,0.018055051565170288,0.48815014958381653
-0.00639026565477252,0.01805816777050495,0.48823440074920654
-0.006389215588569641,0.018055200576782227,0.4881541430950165
-0.006393856834620237,0.01806831732392311,0.48850876092910767
-0.006391693837940693,0.018062204122543335,0.4883434772491455
-0.006389345973730087,0.018055569380521774,0.48816412687301636
-0.006388762965798378,0.018053920939564705,0.48811957240104675
-0.006389463786035776,0.018055900931358337,0.48817309737205505
-0.006391471717506647,0.018061576411128044,0.4883265197277069
-0.006391135975718498,0.018060626462101936,0.4883008599281311
-0.006391879636794329,0.018062729388475418,0.48835769295692444
-0.006391229573637247,0.018060890957713127,0.48830801248550415
-0.006388593930751085,0.01805344596505165,0.4881066679954529
-0.006387727335095406,0.018952809274196625,0.4880404472351074
-0.006385629065334797,0.01804506406188011,0.4878801107406616
-0.0063848490826785564,0.01804286055266857,0.4878205358982086
-0.006384389474987984,0.018041562288999557,0.4877853989601135
-0.006388606503605843,0.018053479492664337,0.4881075918674469
-0.006384273990988731,0.018041234463453293,0.48777657747268677
-0.006384385749697685,0.018942896276712418,0.48778513073921204
-0.006382590625435114,0.018036479130387306,0.48764798045158386
-0.0063832346349954605,0.018038298934698105,0.48769718408584595
-0.006383014842867851,0.01803767681121826,0.4876803755760193
-0.00638348376378417,0.018039003014564514,0.4877162277698517
-0.006383074447512627,0.018037846311926842,0.4876849353313446
-0.006381841842085123,0.01803436316549778,0.4875907897949219
-0.006385409738868475,0.018044445663690567,0.48786336183547974
-0.006385105196386576,0.018043585121631622,0.48784011602401733
-0.006389206275343895,0.018055174499750137,0.4881534278392792
-0.006389589048922062,0.01805625669658184,0.4881826937198639
-0.006390328519046307,0.018058346584439278,0.4882391691207886
-0.006389523856341839,0.018056072294712067,0.48817771673202515
-0.006391081027686596,0.01806047186255455,0.48829665780067444
-0.006391035858541727,0.018060345202684402,0.48829323053359985
-0.006394144147634506,0.018069127574563026,0.488530695438385
-0.006390157155692577,0.01805786043405533,0.4882260859012604
-0.00638892687857151,0.018054386600852013,0.488132119178772
-0.006389336194843054,0.018055541440844536,0.48816338181495667
-0.006388707552105188,0.01805376634001732,0.4881153404712677
-0.006389544811099768,0.018056130036711693,0.4881792962551117
-0.006389733869582415,0.018056664615869522,0.4881937503814697
-0.006390820723026991,0.018059736117720604,0.48827677965164185
-0.006392212584614754,0.01806367002427578,0.48838314414024353
-0.006392371840775013,0.018064120784401894,0.4883953034877777
-0.006391908973455429,0.018062813207507133,0.4883599579334259
-0.00639135017991066,0.018061231821775436,0.48831722140312195
-0.0063924421556293964,0.018064318224787712,0.4884006679058075
-0.006392110604792833,0.01806338131427765,0.48837533593177795
-0.006388978101313114,0.018054528161883354,0.4881359934806824
-0.0063875336199998856,0.01805044710636139,0.48802563548088074
-0.0063870856538414955,0.01804918237030506,0.48799142241477966
-0.006386160384863615,0.018948160111904144,0.48792073130607605
-0.0063860537484288216,0.018046265468001366,0.4879125654697418
-0.0063867210410535336,0.018048152327537537,0.48796355724334717
-0.006387999281287193,0.018051763996481895,0.48806121945381165
-0.006386840250343084,0.018048487603664398,0.4879726469516754
-0.006424226798117161,0.018154136836528778,0.49082908034324646
-0.006406713277101517,0.01810464635491371,0.4894910156726837
-0.006397179793566465,0.018077706918120384,0.48876264691352844
-0.006395266856998205,0.018072301521897316,0.4886164963245392
-0.006396745331585407,0.018076477572321892,0.48872941732406616
-0.006394943222403526,0.018071386963129044,0.4885917603969574
-0.006392152514308691,0.01806349866092205,0.48837852478027344
-0.006392445880919695,0.018064329400658607,0.488400936126709
-0.006391262635588646,0.018060985952615738,0.4883105456829071
-0.006390304304659367,0.018058277666568756,0.48823732137680054
-0.006390782073140144,0.0180596262216568,0.48827382922172546
-0.006389155052602291,0.018055029213428497,0.4881495237350464
-0.006387675181031227,0.018050847575068474,0.48803648352622986
-0.0063872127793729305,0.018049541860818863,0.48800113797187805
-0.0063860113732516766,0.018046146258711815,0.48790934681892395
-0.0063838413916528225,0.018040014430880547,0.4877435266971588
-0.006382005754858255,0.01803482696413994,0.4876033067703247
-0.006382707040756941,0.01803680881857872,0.4876568913459778
-0.00638137711212039,0.018033050000667572,0.48755526542663574
-0.006382425781339407,0.0180360134691,0.48763537406921387
-0.006382699590176344,0.01803678646683693,0.4876563251018524
-0.00638320529833436,0.01803821697831154,0.48769497871398926
-0.006389404181391001,0.018055735155940056,0.4881685674190521
-0.0063896263018250465,0.018056361004710197,0.4881855249404907
-0.006394059397280216,0.018068889155983925,0.4885242283344269
-0.006390556693077087,0.018058989197015762,0.4882566034793854
-0.0063893659971654415,0.01805562525987625,0.48816561698913574
-0.006390643771737814,0.01805923692882061,0.4882632791996002
-0.0063906763680279255,0.018059328198432922,0.4882657527923584
-0.006393444258719683,0.018067151308059692,0.48847725987434387
-0.006391458213329315,0.01806153729557991,0.48832547664642334
-0.006388277281075716,0.01805255003273487,0.4880824685096741
-0.006391260772943497,0.01806097850203514,0.48831039667129517
-0.006387422792613506,0.018050136044621468,0.488017201423645
-0.006384307984262705,0.018041331321001053,0.4877791702747345
-0.006381070241332054,0.01803218200802803,0.4875318109989166
-0.006380279548466206,0.018029946833848953,0.48747140169143677
-0.006379044149070978,0.018026456236839294,0.48737701773643494
-0.006380848586559296,0.01803155615925789,0.4875148832798004
-0.006382942199707031,0.018037471920251846,0.4876748323440552
-0.0063832602463662624,0.018038371577858925,0.48769912123680115
-0.006386841181665659,0.01895018108189106,0.4879727363586426
-0.006388407666236162,0.01805291883647442,0.48809242248535156
-0.006387744098901749,0.018051043152809143,0.4880417287349701
-0.006394314579665661,0.018069609999656677,0.48854371905326843
-0.006392273120582104,0.01806384138762951,0.4883877635002136
-0.006391727831214666,0.018062299117445946,0.48834607005119324
-0.006391400936990976,0.018061375245451927,0.48832109570503235
-0.0063909194432199,0.01806001551449299,0.48828431963920593
-0.00638944748789072,0.018055856227874756,0.48817184567451477
-0.006388510577380657,0.0180532094091177,0.4881002902984619
-0.006383540108799934,0.018039163202047348,0.4877205491065979
-0.006381528917700052,0.018033478409051895,0.48756685853004456
-0.006382265128195286,0.018035558983683586,0.48762309551239014
-0.006380885373800993,0.018031660467386246,0.48751771450042725
-0.006382400169968605,0.01803594082593918,0.48763343691825867
-0.006384514272212982,0.01894327625632286,0.4877949655056
-0.006387085188180208,0.018049178645014763,0.4879913628101349
-0.006388313136994839,0.01805265061557293,0.48808521032333374
-0.0063889967277646065,0.018054582178592682,0.488137423992157
-0.0063927252776920795,0.018065117299556732,0.4884222745895386
-0.00639294134452939,0.01806573010981083,0.48843881487846375
-0.006390190217643976,0.01805795356631279,0.48822858929634094
-0.006392114795744419,0.018063392490148544,0.4883756637573242
-0.006393547169864178,0.018067440018057823,0.48848509788513184
-0.006390796508640051,0.018059667199850082,0.4882749319076538
-0.006388788111507893,0.018053993582725525,0.48812150955200195
-0.006388525944203138,0.01805325224995613,0.4881014823913574
-0.0063883899711072445,0.01805286668241024,0.4880910813808441
-0.006382604129612446,0.01803651638329029,0.48764902353286743
-0.006380712613463402,0.018031172454357147,0.4875045120716095
-0.0063793775625526905,0.018027398735284805,0.4874024987220764
-0.006378517020493746,0.01802496798336506,0.48733675479888916
-0.006383378058671951,0.018038704991340637,0.4877081513404846
-0.006381224375218153,0.0180326197296381,0.48754361271858215
-0.0063851093873381615,0.018043598160147667,0.4878404438495636
-0.006388655863702297,0.01805361919105053,0.4881114065647125
-0.006391935516148806,0.018062887713313103,0.4883619546890259
-0.006391545291990042,0.01806178316473961,0.4883321523666382
-0.006392430979758501,0.018064286559820175,0.48839980363845825
-0.006391807924956083,0.018062526360154152,0.4883522093296051
-0.006391893606632948,0.018062768504023552,0.4883587658405304
-0.006387507077306509,0.01805037260055542,0.4880236089229584
-0.006388015113770962,0.018051808699965477,0.48806241154670715
-0.006390920374542475,0.018060017377138138,0.4882844090461731
-0.00638867961242795,0.018053686246275902,0.4881131947040558
-0.006388294510543346,0.01805259846150875,0.48808377981185913
-0.006388305686414242,0.018052630126476288,0.4880846440792084
-0.006389422807842493,0.018055785447359085,0.48816996812820435
-0.006385955959558487,0.01804598979651928,0.4879051148891449
-0.006385011598467827,0.01804332062602043,0.4878329634666443
-0.0063832225278019905,0.01803826540708542,0.48769626021385193
-0.0063825626857578754,0.01803640089929104,0.48764586448669434
-0.006381601560860872,0.01803368330001831,0.48757240176200867
-0.006382288411259651,0.01803562603890896,0.4876248836517334
-0.006381826940923929,0.018034322187304497,0.48758962750434875
-0.006381629966199398,0.018033765256404877,0.48757460713386536
-0.006381786894053221,0.018034208565950394,0.4875865876674652
-0.006381408777087927,0.018033141270279884,0.48755770921707153
-0.006382749415934086,0.01803692802786827,0.48766010999679565
-0.006380614824593067,0.018030893057584763,0.4874970018863678
-0.006381249520927668,0.01803269051015377,0.48754552006721497
-0.00638245465233922,0.018036095425486565,0.48763760924339294
-0.006382077466696501,0.018035028129816055,0.48760876059532166
-0.006383450236171484,0.018038908019661903,0.48771366477012634
-0.006381874438375235,0.01803445629775524,0.48759329319000244
-0.006382655818015337,0.01803666353225708,0.4876529574394226
-0.006384345702826977,0.018041439354419708,0.4877820909023285
-0.006384185515344143,0.018040988594293594,0.48776987195014954
-0.00638292171061039,0.01803741417825222,0.487673282623291
-0.006381630897521973,0.018033768981695175,0.48757466673851013
-0.006382116582244635,0.01803513988852501,0.4876117706298828
-0.006380958016961813,0.01803186722099781,0.48752325773239136
-0.006381046958267689,0.018032116815447807,0.48753002285957336
-0.006384692154824734,0.018042419105768204,0.48780855536460876
-0.006386311259120703,0.018046993762254715,0.4879322648048401
-0.006387344561517239,0.01804991438984871,0.4880112111568451
-0.006387804169207811,0.018051212653517723,0.4880463182926178
-0.006387732457369566,0.018051009625196457,0.48804083466529846
-0.0063890391029417515,0.018054701387882233,0.48814064264297485
-0.006391024217009544,0.018060311675071716,0.4882923364639282
-0.0063901059329509735,0.018057717010378838,0.4882221817970276
-0.006391183473169804,0.01806076243519783,0.4883045256137848
-0.006391963455826044,0.01806296594440937,0.4883641004562378
-0.006394159514456987,0.01806917041540146,0.4885318875312805
-0.006389689166098833,0.018056537955999374,0.48819032311439514
-0.006390489637851715,0.01805880106985569,0.4882515072822571
-0.006391018163412809,0.018060294911265373,0.4882918894290924
-0.006387288216501474,0.018049754202365875,0.4880068898200989
-0.006388711743056774,0.018053775653243065,0.4881156384944916
-0.006388199049979448,0.01805233024060726,0.48807650804519653
-0.006384420674294233,0.01804164983332157,0.48778781294822693
-0.006385150831192732,0.01804371364414692,0.4878436028957367
-0.006385570392012596,0.01804490014910698,0.48787564039230347
-0.006384177133440971,0.018040960654616356,0.4877691864967346
-0.006386649329215288,0.01804794929921627,0.48795807361602783
-0.006384779699146748,0.018042664974927902,0.4878152310848236
-0.006384074222296476,0.018040671944618225,0.48776134848594666
-0.006383433938026428,0.018038863316178322,0.48771241307258606
-0.00638062646612525,0.018030928447842598,0.4874979257583618
-0.006382007151842117,0.018034830689430237,0.48760339617729187
-0.006384376436471939,0.018041526898741722,0.4877844452857971
-0.006384526379406452,0.018041949719190598,0.487795889377594
-0.006383682135492563,0.018039563670754433,0.487731397151947
-0.006383610423654318,0.018039360642433167,0.4877258837223053
-0.006384000647813082,0.01804046519100666,0.4877557158470154
-0.006381855346262455,0.018034400418400764,0.48759180307388306
-0.006382648833096027,0.018036644905805588,0.48765242099761963
-0.006380116101354361,0.018029488623142242,0.4874589443206787
-0.006381755694746971,0.01803412102162838,0.4875842034816742
-0.006381050683557987,0.018032127991318703,0.48753035068511963
-0.0063813612796366215,0.01803300529718399,0.48755407333374023
-0.006382405292242765,0.018035955727100372,0.4876338243484497
-0.006383812520653009,0.01803993247449398,0.4877413511276245
-0.006385356187820435,0.01804429478943348,0.4878592789173126
-0.0063865226693451405,0.018047591671347618,0.4879484176635742
-0.006387476809322834,0.018050285056233406,0.48802128434181213
-0.0063878754153847694,0.01805141381919384,0.48805174231529236
-0.006387890782207251,0.018051456660032272,0.48805293440818787
-0.006388071458786726,0.01805196702480316,0.48806673288345337
-0.006387903820723295,0.018051493912935257,0.48805394768714905
-0.006388774607330561,0.01805395446717739,0.4881204664707184
-0.006389581132680178,0.01805623434484005,0.48818209767341614
-0.006389911286532879,0.018057167530059814,0.48820731043815613
-0.006390766240656376,0.018059583380818367,0.48827263712882996
-0.0063884980045259,0.018053172156214714,0.4880993068218231
-0.0063907611183822155,0.018059566617012024,0.48827221989631653
-0.00639042304828763,0.018058612942695618,0.4882464110851288
-0.00639219069853425,0.018063608556985855,0.48838144540786743
-0.006391497328877449,0.018061649054288864,0.4883284866809845
-0.006388906389474869,0.018054326996207237,0.48813050985336304
-0.006389914080500603,0.01805717498064041,0.48820754885673523
-0.0063886260613799095,0.018053535372018814,0.48810911178588867
-0.006388850510120392,0.018054166808724403,0.4881262481212616
-0.006383261177688837,0.018038375303149223,0.4876992106437683
-0.0063875759951770306,0.01805056631565094,0.4880288541316986
-0.006385018117725849,0.018944770097732544,0.4878334403038025
-0.006384033709764481,0.018040558323264122,0.48775824904441833
-0.006381080485880375,0.018032211810350418,0.4875326156616211
-0.0063833314925432205,0.01803857460618019,0.4877046048641205
-0.006382699590176344,0.01803678646683693,0.4876563251018524
-0.006382687482982874,0.0189378559589386,0.487655371427536
-0.0063842167146503925,0.01804107241332531,0.4877721965312958
-0.00638226605951786,0.018035562708973885,0.4876231849193573
-0.006381258834153414,0.01803271472454071,0.4875462055206299
-0.00638059014454484,0.01803082786500454,0.48749515414237976
-0.006382605992257595,0.01803652197122574,0.487649142742157
-0.00638643279671669,0.018047336488962173,0.48794153332710266
-0.0063878935761749744,0.01805146411061287,0.4880531430244446
-0.006387901026755571,0.01805148646235466,0.48805370926856995
-0.006388072855770588,0.01805197075009346,0.48806682229042053
-0.0063920714892446995,0.018063271418213844,0.4883723556995392
-0.006390557158738375,0.01805899105966091,0.48825663328170776
-0.006387745961546898,0.01805104687809944,0.48804184794425964
-0.0063887243159115314,0.0180538110435009,0.48811662197113037
-0.006390778347849846,0.018059616908431053,0.4882735311985016
-0.00638907216489315,0.018054794520139694,0.4881431758403778
-0.006390152033418417,0.018057847395539284,0.48822569847106934
-0.006388266570866108,0.018052518367767334,0.4880816340446472
-0.006388375069946051,0.018052825704216957,0.488089919090271
-0.006388667039573193,0.018053648993372917,0.4881122410297394
-0.006386078428477049,0.018947916105389595,0.48791444301605225
-0.0063856118358671665,0.01804501563310623,0.48787879943847656
-0.006384958978742361,0.018043171614408493,0.48782894015312195
-0.006382203195244074,0.01803538389503956,0.4876183867454529
-0.006380378268659115,0.018931005150079727,0.48747897148132324
-0.00638185627758503,0.018034402281045914,0.48759186267852783
-0.006379740312695503,0.01802842505276203,0.487430214881897
-0.006382386665791273,0.018035901710391045,0.4876323938369751
-0.006381559185683727,0.01803356409072876,0.4875691831111908
-0.006382917053997517,0.018037401139736176,0.48767292499542236
-0.006383994128555059,0.01804044470191002,0.4877552092075348
-0.006387137342244387,0.01804932951927185,0.4879953861236572
-0.006388846784830093,0.018054159358143806,0.4881259799003601
-0.006388881243765354,0.018054256215691566,0.4881286025047302
-0.0063888863660395145,0.01805427111685276,0.48812901973724365
-0.006388743408024311,0.018053865060210228,0.488118052482605
-0.006388811394572258,0.018054060637950897,0.4881232976913452
-0.006389234215021133,0.018055252730846405,0.4881555736064911
-0.00638876436278224,0.018053926527500153,0.4881196916103363
-0.006388589274138212,0.018053429201245308,0.48810628056526184
-0.006390634924173355,0.01805921085178852,0.4882625937461853
-0.006391772069036961,0.018062425777316093,0.48834946751594543
-0.00639254879206419,0.018064619973301888,0.48840880393981934
-0.006390885449945927,0.018962180241942406,0.4882817268371582
-0.006388718727976084,0.018053796142339706,0.48811617493629456
-0.006388557609170675,0.018053341656923294,0.4881038963794708
-0.006388157606124878,0.01805221103131771,0.48807334899902344
-0.006387971341609955,0.01805168390274048,0.4880591034889221
-0.0063848658464848995,0.01804290898144245,0.4878218173980713
-0.006383648607879877,0.018039468675851822,0.4877288341522217
-0.006383270490914583,0.018038401380181313,0.4876999258995056
-0.006382729858160019,0.018036874011158943,0.48765861988067627
-0.006385435815900564,0.018044520169496536,0.4878653883934021
-0.00638259993866086,0.018937597051262856,0.48764869570732117
-0.006383017171174288,0.018938833847641945,0.4876805543899536
-0.006381984334439039,0.018034765496850014,0.4876016676425934
-0.00638302369043231,0.01803770288825035,0.4876810610294342
-0.006380953826010227,0.018031854182481766,0.4875229299068451
-0.006378953345119953,0.0180261991918087,0.4873700737953186
-0.006381047889590263,0.018032120540738106,0.4875301420688629
-0.0063849277794361115,0.01804308407008648,0.48782652616500854
-0.006386744789779186,0.01804821752011776,0.4879653751850128
-0.006388746667653322,0.018053874373435974,0.48811832070350647
-0.006389246322214603,0.01805528625845909,0.4881564974784851
-0.006389623042196035,0.0180563535541296,0.4881852865219116
-0.006391146220266819,0.018060656264424324,0.4883016347885132
-0.006389767397195101,0.018056759610772133,0.48819631338119507
-0.006391646806150675,0.01806207187473774,0.48833993077278137
-0.006390838418155909,0.018059788271784782,0.4882781505584717
-0.0063885897397994995,0.018053431063890457,0.48810631036758423
-0.006389479618519545,0.01805594563484192,0.48817431926727295
-0.006392055191099644,0.018063224852085114,0.4883711338043213
-0.0063923923298716545,0.01806417852640152,0.48839688301086426
-0.006390981841832399,0.018060190603137016,0.48828908801078796
-0.006388540379703045,0.018053291365504265,0.4881025552749634
-0.006384253967553377,0.018041180446743965,0.4877750873565674
-0.006382961291819811,0.018037527799606323,0.48767632246017456
-0.0063839382492005825,0.018040286377072334,0.48775094747543335
-0.006382728461176157,0.018036868423223495,0.4876585006713867
-0.006385765969753265,0.0180454533547163,0.4878906011581421
-0.006384385284036398,0.018041549250483513,0.48778510093688965
-0.006384929176419973,0.01804308593273163,0.4878266453742981
-0.006385835353285074,0.01804564706981182,0.4878958761692047
-0.006385650020092726,0.018045125529170036,0.48788174986839294
-0.006387593224644661,0.01805061660706997,0.48803022503852844
-0.006386762950569391,0.018048269674181938,0.48796677589416504
-0.0063890558667480946,0.018054747954010963,0.4881419241428375
-0.006391135975718498,0.018060628324747086,0.4883008897304535
-0.00639163376763463,0.018062034621834755,0.4883389174938202
-0.006391637958586216,0.0180620439350605,0.48833921551704407
-0.006390694063156843,0.01805937848985195,0.48826712369918823
-0.006394093856215477,0.018068986013531685,0.4885268807411194
-0.0063944547437131405,0.018070006743073463,0.488554447889328
-0.00639126542955637,0.018060993403196335,0.4883107542991638
-0.006392104085534811,0.018063362687826157,0.48837482929229736
-0.0063929143361747265,0.01806565374135971,0.488436758518219
-0.006391480099409819,0.018061598762869835,0.48832714557647705
-0.006388500332832336,0.01805317960679531,0.48809948563575745
-0.006386013701558113,0.018046151846647263,0.4879094958305359
-0.006384236738085747,0.018041130155324936,0.48777374625205994
-0.006384548731148243,0.018042011186480522,0.4877975881099701
-0.0063860658556222916,0.0180463008582592,0.4879135191440582
-0.006384992506355047,0.018043266609311104,0.4878314733505249
-0.006385224871337414,0.018043924123048782,0.48784926533699036
-0.006386708002537489,0.018048115074634552,0.487962543964386
-0.006387337110936642,0.01804989203810692,0.48801061511039734
-0.0063895732164382935,0.01805621199309826,0.488181471824646
-0.006391084752976894,0.018060483038425446,0.4882969856262207
-0.006391080562025309,0.01806047186255455,0.48829662799835205
-0.006390400696545839,0.018058547750115395,0.4882446825504303
-0.0063900272361934185,0.01805749535560608,0.4882161617279053
-0.00639317836612463,0.018066398799419403,0.4884569048881531
-0.006395004224032164,0.018071558326482773,0.4885964095592499
-0.006393395364284515,0.0180670116096735,0.48847347497940063
-0.0063919308595359325,0.01806287281215191,0.4883615970611572
-0.00639216136187315,0.018965966999530792,0.48837924003601074
-0.0063902647234499454,0.018058164045214653,0.488234281539917
-0.006386894267052412,0.018048642203211784,0.4879767894744873
-0.006383565254509449,0.018940461799502373,0.4877224564552307
-0.006388094276189804,0.018052032217383385,0.48806849122047424
-0.006380999926477671,0.018031982704997063,0.48752644658088684
-0.006384352687746286,0.0180414579808712,0.48778262734413147
-0.0063827065750956535,0.01803680881857872,0.4876568615436554
-0.006383678875863552,0.018039554357528687,0.48773112893104553
-0.006384036969393492,0.018040567636489868,0.48775848746299744
-0.006384379230439663,0.01804153248667717,0.48778462409973145
-0.006385533604770899,0.018044795840978622,0.487872838973999
-0.006386233493685722,0.018046773970127106,0.48792630434036255
-0.0063874078914523125,0.018050091341137886,0.4880160391330719
-0.00638607470318675,0.01804632507264614,0.48791420459747314
-0.0063856057822704315,0.01804499886929989,0.48787835240364075
-0.006386648863554001,0.01804794743657112,0.48795804381370544
-0.006388518493622541,0.01805322989821434,0.48810088634490967
-0.0063866120763123035,0.018047843128442764,0.4879552125930786
-0.006387526169419289,0.018050426617264748,0.48802506923675537
-0.006387494970113039,0.018050339072942734,0.48802268505096436
-0.00638903584331274,0.018054692074656487,0.48814043402671814
-0.006389774847775698,0.018056781962513924,0.48819687962532043
-0.006389848422259092,0.01805698871612549,0.4882024824619293
-0.006390197668224573,0.01805797591805458,0.4882291853427887
-0.006389863323420286,0.01805703155696392,0.48820364475250244
-0.00639117369428277,0.01806073635816574,0.4883037805557251
-0.006391709204763174,0.018062246963381767,0.488344669342041
-0.0063897171057760715,0.01805661804974079,0.48819243907928467
-0.006390606053173542,0.018059130758047104,0.4882603883743286
-0.006391672417521477,0.01806214265525341,0.4883418679237366
-0.006390918977558613,0.01806001551449299,0.48828428983688354
-0.006392208393663168,0.018063656985759735,0.48838281631469727
-0.00639156810939312,0.018061848357319832,0.48833391070365906
-0.006389934103935957,0.01805723085999489,0.4882090389728546
-0.0063890255987644196,0.0180546622723341,0.48813962936401367
-0.006389278918504715,0.018055379390716553,0.4881590008735657
-0.006390440743416548,0.018058663234114647,0.48824775218963623
-0.00638897018507123,0.018054507672786713,0.4881353974342346
-0.006387341767549515,0.018049906939268112,0.4880110025405884
-0.00639005284756422,0.01805756613612175,0.4882180988788605
-0.006388455629348755,0.018053052946925163,0.48809608817100525
-0.006388118024915457,0.018052099272608757,0.4880703091621399
-0.006386777386069298,0.01804831251502037,0.4879678785800934
-0.006385758053511381,0.01804543100297451,0.48789000511169434
-0.006385880522429943,0.018045775592327118,0.4878993630409241
-0.00638566492125392,0.01804516837000847,0.4878828823566437
-0.006384651642292738,0.018042301759123802,0.48780545592308044
-0.006383331026881933,0.018038572743535042,0.4877045452594757
-0.006383985280990601,0.01804042048752308,0.48775455355644226
-0.0063842046074569225,0.018041040748357773,0.48777130246162415
-0.006381776183843613,0.018034178763628006,0.48758578300476074
-0.006382219959050417,0.01803543232381344,0.48761966824531555
-0.006381921470165253,0.018034586682915688,0.4875968396663666
-0.0063825673423707485,0.018036413937807083,0.4876461923122406
-0.0063844663091003895,0.01804177835583687,0.4877912998199463
-0.00638653663918376,0.018047628924250603,0.4879494607448578
-0.006387247238308191,0.018049638718366623,0.48800376057624817
-0.006387446541339159,0.01805020309984684,0.48801901936531067
-0.006392818409949541,0.018065381795167923,0.4884294271469116
-0.006396132055670023,0.018074745312333107,0.4886825680732727
-0.006398801226168871,0.018082287162542343,0.4888865053653717
-0.006399237550795078,0.018083520233631134,0.48891985416412354
-0.006395284086465836,0.018072349950671196,0.48861780762672424
-0.006390259135514498,0.01805815100669861,0.48823389410972595
-0.006392120849341154,0.018063411116600037,0.4883761405944824
-0.006389260292053223,0.018055325374007225,0.4881575405597687
-0.006387668661773205,0.01805083081126213,0.48803597688674927
-0.006386906839907169,0.01804867573082447,0.4879777729511261
-0.00638575479388237,0.018045419827103615,0.48788970708847046
-0.006382863037288189,0.018037250265479088,0.48766881227493286
-0.00638202577829361,0.018034882843494415,0.4876048266887665
-0.006382524035871029,0.018036289140582085,0.48764288425445557
-0.00638227816671133,0.0189366415143013,0.4876241087913513
-0.0063850474543869495,0.01804342120885849,0.48783570528030396
-0.006388195790350437,0.018052319064736366,0.48807623982429504
-0.00639118067920208,0.018060753121972084,0.4883042573928833
-0.006394985597580671,0.018071504309773445,0.48859497904777527
-0.006397667340934277,0.018079083412885666,0.4887998700141907
-0.006393779534846544,0.0180680975317955,0.4885028600692749
-0.006391588598489761,0.018061906099319458,0.48833543062210083
-0.00639146426692605,0.018061554059386253,0.48832595348358154
-0.006389232352375984,0.018055247142910957,0.48815542459487915
-0.006385838612914085,0.018045658245682716,0.4878961443901062
-0.006383027881383896,0.018037714064121246,0.48768138885498047
-0.006382973399013281,0.01803756132721901,0.4876772165298462
-0.006381976418197155,0.018034743145108223,0.48760104179382324
-0.006381681188941002,0.018033908680081367,0.48757851123809814
-0.0063821556977927685,0.0189362782984972,0.4876147508621216
-0.0063858432695269585,0.018045669421553612,0.48789647221565247
-0.006386416498571634,0.018047291785478592,0.48794031143188477
-0.006392287090420723,0.018063880503177643,0.4883888363838196
-0.006394407711923122,0.01806987263262272,0.4885508418083191
-0.00639518816024065,0.018072079867124557,0.48861047625541687
-0.006399534177035093,0.018084360286593437,0.48894253373146057
-0.006396690383553505,0.018076324835419655,0.4887252449989319
-0.006391826085746288,0.01806257665157318,0.48835358023643494
-0.006391074974089861,0.018060455098748207,0.488296240568161
-0.006392465904355049,0.018064385280013084,0.48840248584747314
-0.006389819085597992,0.018056906759738922,0.48820027709007263
-0.006389126181602478,0.01805494911968708,0.4881473183631897
-0.00638675456866622,0.018048247322440147,0.4879661202430725
-0.006385559681802988,0.01804487034678459,0.487874835729599
-0.006383057218044996,0.018037796020507812,0.48768362402915955
-0.006381487473845482,0.018033361062407494,0.48756369948387146
-0.0063819121569395065,0.018034562468528748,0.48759615421295166
-0.006382439285516739,0.018036052584648132,0.48763641715049744
-0.0063824765384197235,0.01803615689277649,0.48763924837112427
-0.006387463770806789,0.01805024966597557,0.4880203306674957
-0.006391663104295731,0.01806211657822132,0.48834115266799927
-0.0063942368142306805,0.018069392070174217,0.48853781819343567
-0.006396722048521042,0.018076414242386818,0.4887276887893677
-0.00639637466520071,0.018075432628393173,0.48870113492012024
-0.0063941325061023235,0.01806909590959549,0.48852983117103577
-0.0063920170068740845,0.018063116818666458,0.4883681833744049
-0.0063905189745128155,0.018058883026242256,0.48825371265411377
-0.006394105963408947,0.01806901954114437,0.488527774810791
-0.006392438430339098,0.018064307048916817,0.4884003698825836
-0.0063910274766385555,0.018060320988297462,0.4882926046848297
-0.006389723625034094,0.018056634813547134,0.48819294571876526
-0.006386732682585716,0.018048185855150223,0.4879644513130188
-0.00638510612770915,0.01804358698427677,0.4878401756286621
-0.00638462882488966,0.01804223842918873,0.48780372738838196
-0.006382106337696314,0.01803511008620262,0.48761099576950073
-0.006380562670528889,0.018030747771263123,0.48749303817749023
-0.0063809785060584545,0.018031923100352287,0.4875248074531555
-0.006381894927471876,0.01803451217710972,0.4875948131084442
-0.006384614389389753,0.018042199313640594,0.4878026247024536
-0.006387162487953901,0.018049398437142372,0.48799729347229004
-0.006386637222021818,0.01894957385957241,0.4879571497440338
-0.006387447007000446,0.01805020496249199,0.48801904916763306
-0.006387731526046991,0.01805100589990616,0.4880407452583313
-0.006388518493622541,0.01805323176085949,0.48810091614723206
-0.006392139941453934,0.018063465133309364,0.4883776009082794
-0.006391980219632387,0.01806301437318325,0.48836538195610046
-0.006392799783498049,0.018065329641103745,0.488427996635437
-0.0063952794298529625,0.018975218757987022,0.4886174499988556
-0.006396794691681862,0.018076619133353233,0.4887332022190094
-0.0063966806046664715,0.018076296895742416,0.4887244999408722
-0.006395610980689526,0.018073273822665215,0.48864278197288513
-0.006396472919732332,0.01807570829987526,0.48870861530303955
-0.006397192366421223,0.01807774230837822,0.48876360058784485
-0.006395424250513315,0.018072744831442833,0.4886285066604614
-0.006394586991518736,0.01807037927210331,0.48856452107429504
-0.00639183446764946,0.01806260086596012,0.48835426568984985
-0.006392178125679493,0.01806357316672802,0.4883805215358734
-0.0063890255987644196,0.0180546622723341,0.48813962936401367
-0.006390702910721302,0.01805940270423889,0.48826777935028076
-0.0063921366818249226,0.01806345395743847,0.48837733268737793
-0.006389655638486147,0.018056444823741913,0.4881877899169922
-0.006390496157109737,0.018058817833662033,0.4882519841194153
-0.006391813978552818,0.018062543123960495,0.4883526861667633
-0.006390018854290247,0.01805746927857399,0.48821550607681274
-0.006391431204974651,0.018061460927128792,0.4883234202861786
-0.006390642374753952,0.01805923320353031,0.48826318979263306
-0.006390034686774015,0.01805751584470272,0.48821672797203064
-0.00638979859650135,0.018056847155094147,0.4881986677646637
-0.006389278918504715,0.018055379390716553,0.4881590008735657
-0.006389982998371124,0.01805737055838108,0.48821279406547546
-0.006389863323420286,0.01805702969431877,0.48820361495018005
-0.006391818169504404,0.01806255616247654,0.48835301399230957
-0.006391612812876701,0.01806197501718998,0.48833730816841125
-0.00639366963878274,0.01806778833270073,0.4884944558143616
-0.006391997914761305,0.01806306280195713,0.4883667230606079
-0.006392122246325016,0.018063414841890335,0.4883762300014496
-0.006394139491021633,0.018069114536046982,0.48853036761283875
-0.006395569071173668,0.018073154613375664,0.48863956332206726
-0.0063970983028411865,0.01807747595012188,0.4887564182281494
-0.006396107841283083,0.018074676394462585,0.48868072032928467
-0.006397091317921877,0.018077457323670387,0.48875588178634644
-0.006396193988621235,0.018074920400977135,0.48868730664253235
-0.00639598723500967,0.018977317959070206,0.48867154121398926
-0.00639337208122015,0.018066948279738426,0.48847174644470215
-0.006390370428562164,0.018960651010274887,0.48824238777160645
-0.006387566681951284,0.01805054023861885,0.4880281686782837
-0.006385148968547583,0.01804370805621147,0.48784345388412476
-0.006385843735188246,0.01804567128419876,0.48789653182029724
-0.006381362676620483,0.01803300902247429,0.4875541627407074
-0.0063809482380747795,0.018031837418675423,0.4875224828720093
-0.006383551750332117,0.018039196729660034,0.48772141337394714
-0.006382421590387821,0.018036000430583954,0.48763507604599
-0.006382817402482033,0.01803711988031864,0.4876652956008911
-0.0063835554756224155,0.01803920418024063,0.48772168159484863
-0.006384765729308128,0.018042627722024918,0.48781418800354004
-0.006387446075677872,0.01805020123720169,0.4880189597606659
-0.0063900426030159,0.018057536333799362,0.4882173240184784
-0.006390123162418604,0.018057765439152718,0.48822349309921265
-0.006392782088369131,0.018065279349684715,0.4884266257286072
-0.006394163239747286,0.01897190697491169,0.4885321855545044
-0.006396540906280279,0.01807590015232563,0.488713800907135
-0.006393890827894211,0.018971098586916924,0.4885113537311554
-0.006391822826117277,0.018062567338347435,0.48835334181785583
-0.006386518944054842,0.018047580495476723,0.48794811964035034
-0.006386569235473871,0.018047722056508064,0.48795196413993835
-0.006383372005075216,0.018038686364889145,0.4877076745033264
-0.006383673287928104,0.018039539456367493,0.4877307116985321
-0.006385458167642355,0.01804458163678646,0.4878670573234558
-0.006385366898030043,0.018044324591755867,0.4878600835800171
-0.006387281231582165,0.018049733713269234,0.4880063533782959
-0.006390729919075966,0.01805947907269001,0.4882698357105255
-0.006389327812939882,0.018055517226457596,0.48816272616386414
-0.006391517352312803,0.01806170679628849,0.48833003640174866
-0.0063917250372469425,0.01806229166686535,0.4883458912372589
-0.006393355317413807,0.018066899850964546,0.4884704649448395
-0.006393109913915396,0.018066205084323883,0.48845168948173523
-0.006390162743628025,0.01896003447473049,0.4882265031337738
-0.006388544570654631,0.01805330440402031,0.48810288310050964
-0.0063902512192726135,0.01805812679231167,0.4882332682609558
-0.006390530616044998,0.01896112784743309,0.4882546365261078
-0.006383633241057396,0.01803942583501339,0.48772764205932617
-0.006382311694324017,0.01803569123148918,0.48762667179107666
-0.0063818455673754215,0.018034374341368675,0.48759105801582336
-0.006382651627063751,0.018036652356386185,0.48765265941619873
-0.006383690517395735,0.018039587885141373,0.48773202300071716
-0.006385848391801119,0.018045686185359955,0.4878968894481659
-0.006389171350747347,0.018055075779557228,0.48815077543258667
-0.00638939905911684,0.018055720254778862,0.4881681799888611
-0.0063878875225782394,0.018051449209451675,0.48805269598960876
-0.006389126181602478,0.01805494911968708,0.4881473183631897
-0.006393021903932095,0.018065957352519035,0.488444983959198
-0.006393135990947485,0.018066279590129852,0.4884536862373352
-0.006394578143954277,0.01807035319507122,0.4885638654232025
-0.006394661962985992,0.01807059347629547,0.48857030272483826
-0.00639326823875308,0.018969248980283737,0.48846378922462463
-0.006390953436493874,0.01806011237204075,0.48828694224357605
-0.0063887229189276695,0.018053807318210602,0.4881165027618408
-0.006387948989868164,0.018051620572805405,0.48805737495422363
-0.006386710796505213,0.01804812066257,0.4879627525806427
-0.0063849990256130695,0.018043283373117447,0.4878319799900055
-0.006383041385561228,0.018938906490802765,0.48768240213394165
-0.006381409242749214,0.018033141270279884,0.4875577390193939
-0.0063802385702729225,0.01802983321249485,0.48746830224990845
-0.00638377433642745,0.018039824441075325,0.4877384305000305
-0.006385401822626591,0.018044423311948776,0.487862765789032
-0.006387853063642979,0.018051350489258766,0.48805004358291626
-0.006389461923390627,0.01805589720606804,0.4881729781627655
-0.006390399765223265,0.018058547750115395,0.4882446229457855
-0.006389711517840624,0.018056603148579597,0.48819205164909363
-0.006392271723598242,0.01806383766233921,0.4883876442909241
-0.00638978648930788,0.01805681549012661,0.48819777369499207
-0.006389932706952095,0.01805722713470459,0.48820894956588745
-0.006392078939825296,0.018063290044665337,0.48837289214134216
-0.006395254749804735,0.01807226613163948,0.4886155426502228
-0.0063949148170650005,0.018071305006742477,0.4885895848274231
-0.006396791897714138,0.018076609820127487,0.4887329936027527
-0.006394639611244202,0.018070528283715248,0.48856857419013977
-0.0063947103917598724,0.018070729449391365,0.48857396841049194
-0.006395780015736818,0.018073750659823418,0.488655686378479
-0.006394064519554377,0.01806890405714512,0.4885246157646179
-0.00638987310230732,0.01805705949664116,0.4882044196128845
-0.00639092642813921,0.01806003414094448,0.4882848560810089
-0.0063888272270560265,0.01805410161614418,0.48812445998191833
-0.0063878009095788,0.018051203340291977,0.4880460798740387
-0.006385931745171547,0.018947480246424675,0.4879032373428345
-0.00638564070686698,0.018045099452137947,0.48788103461265564
-0.006382462568581104,0.018036117777228355,0.4876382052898407
-0.006380694452673197,0.018031122162938118,0.4875031113624573
-0.006381521001458168,0.018033456057310104,0.4875662624835968
-0.006380564998835325,0.01803075522184372,0.48749321699142456
-0.006381131708621979,0.018032357096672058,0.4875365197658539
-0.006382295396178961,0.01803564466536045,0.4876254200935364
-0.006382534746080637,0.01803632080554962,0.48764368891716003
-0.006384218577295542,0.018041079863905907,0.4877723455429077
-0.00638500414788723,0.01804330013692379,0.4878323972225189
-0.006385215558111668,0.018043898046016693,0.48784855008125305
-0.006389219779521227,0.01805521361529827,0.48815450072288513
-0.00639005471020937,0.018057571724057198,0.4882182776927948
-0.006389230024069548,0.01805524155497551,0.4881552457809448
-0.006391006987541914,0.018060263246297836,0.48829102516174316
-0.006391425151377916,0.01806144416332245,0.4883229434490204
-0.006388009060174227,0.018051790073513985,0.48806196451187134
-0.006388602778315544,0.018053468316793442,0.4881073236465454
-0.0063915313221514225,0.018061745911836624,0.4883310794830322
-0.006391058210283518,0.018060408532619476,0.48829492926597595
-0.006391175091266632,0.01806073822081089,0.48830386996269226
-0.006390318274497986,0.01805831678211689,0.4882383942604065
-0.006390667986124754,0.018059303984045982,0.48826512694358826
-0.0063927373848855495,0.018065152689814568,0.488423228263855
-0.006391639821231365,0.018062051385641098,0.4883393943309784
-0.006389815825968981,0.018056895583868027,0.48819997906684875
-0.006391327362507582,0.018061166629195213,0.48831549286842346
-0.006395799573510885,0.018073808401823044,0.4886572062969208
-0.006395070347934961,0.018071746453642845,0.4886015057563782
-0.0063960920087993145,0.018074629828333855,0.4886794984340668
-0.006396019831299782,0.018074428662657738,0.48867401480674744
-0.006395768374204636,0.01807371899485588,0.48865482211112976
-0.006396369077265263,0.01807541400194168,0.4887006878852844
-0.006398038472980261,0.018080132082104683,0.48882824182510376
-0.006397759076207876,0.01807934232056141,0.48880690336227417
-0.006398105528205633,0.018080322071909904,0.48883336782455444
-0.006395413540303707,0.018072715029120445,0.48862770199775696
-0.006397426128387451,0.018078401684761047,0.4887814521789551
-0.006397206801921129,0.018077783286571503,0.4887647032737732
-0.0063988398760557175,0.018082398921251297,0.4888894855976105
-0.006399024277925491,0.018082918599247932,0.48890355229377747
-0.006396648474037647,0.018076205626130104,0.4887220561504364
-0.006398162804543972,0.018080484122037888,0.48883774876594543
-0.006398787721991539,0.01808224804699421,0.48888546228408813
-0.006397153250873089,0.018077630549669266,0.4887605905532837
-0.006396804004907608,0.018076645210385323,0.4887339472770691
-0.00639681750908494,0.018076684325933456,0.4887349605560303
-0.006398478057235479,0.01808137446641922,0.4888618290424347
-0.0063990093767642975,0.01808287762105465,0.4889024496078491
-0.006400063633918762,0.01808585599064827,0.4889829754829407
-0.0063995481468737125,0.01808439940214157,0.48894357681274414
-0.006401020102202892,0.018088558688759804,0.4890560805797577
-0.006398508790880442,0.018081462010741234,0.4888641834259033
-0.0063955518417060375,0.01897602528333664,0.4886382520198822
-0.006396226119250059,0.018075011670589447,0.4886897802352905
-0.006396004930138588,0.018074387684464455,0.4886728823184967
-0.006395340897142887,0.01807251013815403,0.48862215876579285
-0.00639622425660491,0.018075006082654,0.4886896312236786
-0.0063924482092261314,0.018064334988594055,0.4884011447429657
-0.006391565781086683,0.018964199349284172,0.48833373188972473
-0.006390629801899195,0.01896142214536667,0.48826220631599426
-0.006392394192516804,0.018064182251691818,0.4883970022201538
-0.0063917129300534725,0.018964635208249092,0.4883449673652649
-0.0063891359604895115,0.01805497519671917,0.4881480634212494
-0.00638652965426445,0.01804761029779911,0.4879489243030548
-0.006387145724147558,0.01804935187101364,0.48799601197242737
-0.00638615945354104,0.018046563491225243,0.4879206418991089
-0.00638426560908556,0.018041212111711502,0.4877759516239166
-0.006381987128406763,0.01803477481007576,0.4876018762588501
-0.006382872350513935,0.018037276342511177,0.48766952753067017
-0.006382782477885485,0.018037021160125732,0.4876626431941986
-0.006382707040756941,0.01803680881857872,0.4876568913459778
-0.00638378644362092,0.01803985796868801,0.48773935437202454
-0.006385095417499542,0.018043557181954384,0.48783937096595764
-0.006385536398738623,0.01804480329155922,0.48787304759025574
-0.006387353874742985,0.01804993860423565,0.48801189661026
-0.006388646550476551,0.01805359125137329,0.48811066150665283
-0.006388569716364145,0.01805337518453598,0.48810479044914246
-0.006388791836798191,0.01805400289595127,0.48812177777290344
-0.006390000227838755,0.01805741712450981,0.4882141053676605
-0.00639520026743412,0.018072111532092094,0.4886113703250885
-0.006396002136170864,0.01807437837123871,0.48867267370224
-0.006392120849341154,0.018965845927596092,0.4883761405944824
-0.006394318770617247,0.018069621175527573,0.4885440170764923
-0.00639077415689826,0.018961850553750992,0.4882732331752777
-0.006391691509634256,0.018062198534607887,0.48834332823753357
-0.006387746427208185,0.01805104874074459,0.4880419075489044
-0.006382337771356106,0.01803576387465,0.48762863874435425
-0.0063818772323429585,0.01803446188569069,0.48759347200393677
-0.006379764061421156,0.018028490245342255,0.48743200302124023
-0.0063817137852311134,0.01803399994969368,0.4875809848308563
-0.006384336389601231,0.01804141327738762,0.4877813756465912
-0.0063867331482470036,0.018048185855150223,0.4879644811153412
-0.00638870382681489,0.018053753301501274,0.4881150424480438
-0.006388671696186066,0.018053662031888962,0.48811256885528564
-0.006390465889126062,0.018058734014630318,0.48824968934059143
-0.006392014678567648,0.01806311123073101,0.48836803436279297
-0.006395319476723671,0.018072450533509254,0.4886205196380615
-0.006394747644662857,0.01807083562016487,0.48857682943344116
-0.006393407937139273,0.018969666212797165,0.48847445845603943
-0.006392066366970539,0.01806325651705265,0.48837196826934814
-0.006388917565345764,0.018054360523819923,0.48813140392303467
-0.006389540620148182,0.018958190456032753,0.4881789982318878
-0.006388330366462469,0.018954599276185036,0.4880865216255188
-0.006383212748914957,0.018939414992928505,0.48769551515579224
-0.0063831680454313755,0.018038112670183182,0.48769211769104004
-0.0063837990164756775,0.018039893358945847,0.48774030804634094
-0.006383057683706284,0.01803779788315296,0.48768365383148193
-0.006386163178831339,0.018046574667096138,0.48792093992233276
-0.0063874623738229275,0.018050245940685272,0.4880202114582062
-0.0063873883336782455,0.01805003546178341,0.4880145192146301
-0.0063907369039952755,0.018059497699141502,0.4882703721523285
-0.006392589304596186,0.01806473545730114,0.48841193318367004
-0.006389404647052288,0.018055735155940056,0.4881685972213745
-0.006388057488948107,0.018051927909255028,0.4880656599998474
-0.0063893720507621765,0.018055642023682594,0.48816609382629395
-0.006389751564711332,0.0180567167699337,0.48819512128829956
-0.006389259360730648,0.018055323511362076,0.4881574809551239
-0.006391385104507208,0.018061330541968346,0.48831990361213684
-0.006393542513251305,0.018067428842186928,0.4884847402572632
-0.0063971299678087234,0.018077565357089043,0.48875880241394043
-0.006396550219506025,0.01807592809200287,0.4887145459651947
-0.006398151163011789,0.0180804505944252,0.4888368546962738
-0.006395905278623104,0.01807410642504692,0.48866528272628784
-0.006396102253347635,0.01807466149330139,0.48868033289909363
-0.006395458709448576,0.018975749611854553,0.48863115906715393
-0.0063968016766011715,0.018076637759804726,0.4887337386608124
-0.0063939751125872135,0.018068648874759674,0.48851776123046875
-0.0063934326171875,0.018969736993312836,0.48847633600234985
-0.006391998380422592,0.01806306466460228,0.4883667826652527
-0.00639318535104394,0.018066419288516045,0.48845747113227844
-0.0063929688185453415,0.018065806478261948,0.4884409010410309
-0.006391969043761492,0.01896539516746998,0.4883645176887512
-0.006392904091626406,0.018065623939037323,0.4884359538555145
-0.0063942507840693,0.018069429323077202,0.48853883147239685
-0.006394004914909601,0.018971433863043785,0.4885200560092926
-0.0063925632275640965,0.01806466095149517,0.48840993642807007
-0.00639308150857687,0.018968695774674416,0.4884495139122009
-0.006394530180841684,0.018070219084620476,0.48856019973754883
-0.006394179537892342,0.018069228157401085,0.4885334074497223
-0.006396398413926363,0.018075499683618546,0.4887029528617859
-0.006397423334419727,0.01807839423418045,0.48878124356269836
-0.006397470831871033,0.018078528344631195,0.48878487944602966
-0.006394966971129179,0.018071454018354416,0.48859357833862305
-0.006394945550709963,0.01807139255106449,0.4885919392108917
-0.006397788412868977,0.018079426139593124,0.48880913853645325
-0.006398632191121578,0.01808181032538414,0.48887360095977783
-0.006397963501513004,0.01807992160320282,0.4888225197792053
-0.006392471492290497,0.018064400181174278,0.4884029030799866
-0.0063906703144311905,0.01805931143462658,0.4882653057575226
-0.006388938520103693,0.01805441826581955,0.4881329834461212
-0.006388307083398104,0.018052631989121437,0.48808473348617554
-0.006389886140823364,0.018057094886898994,0.4882053732872009
-0.006388312205672264,0.01805264875292778,0.48808515071868896
-0.006388961337506771,0.018054483458399773,0.4881347417831421
-0.006389919202774763,0.018057188019156456,0.4882079064846039
-0.006387201137840748,0.018049508333206177,0.4880002439022064
-0.006384947802871466,0.018043139949440956,0.4878280758857727
-0.006383243482559919,0.018038323149085045,0.48769786953926086
-0.006384056527167559,0.018040623515844345,0.4877600073814392
-0.0063834842294454575,0.018039003014564514,0.4877162575721741
-0.006383528932929039,0.01803913153707981,0.48771968483924866
-0.006379579659551382,0.01802797056734562,0.48741793632507324
-0.006379575002938509,0.01892862096428871,0.4874175786972046
-0.006381779443472624,0.018034188076853752,0.48758602142333984
-0.006384072359651327,0.018040668219327927,0.4877611994743347
-0.006385463289916515,0.018044596537947655,0.48786747455596924
-0.006382895167917013,0.01803733967244625,0.48767125606536865
-0.006387822795659304,0.0180512648075819,0.4880477488040924
-0.006390083581209183,0.018057653680443764,0.4882204532623291
-0.006387290079146624,0.018049757927656174,0.4880070388317108
-0.006391340401023626,0.018061205744743347,0.48831650614738464
-0.006391830742359161,0.018964985385537148,0.488353967666626
-0.006394635420292616,0.018070515245199203,0.4885682165622711
-0.0063943276181817055,0.018069647252559662,0.4885447323322296
-0.00639669643715024,0.01807633973658085,0.4887256920337677
-0.006395095493644476,0.018071819096803665,0.488603413105011
-0.0063948617316782475,0.01807115599513054,0.48858553171157837
-0.0063967336900532246,0.018076445907354355,0.4887285530567169
-0.006395577918738127,0.018073180690407753,0.48864027857780457
-0.006394947879016399,0.018071400001645088,0.48859214782714844
-0.006391480565071106,0.018061600625514984,0.4883272051811218
-0.006390532478690147,0.01805892214179039,0.48825475573539734
-0.006390576250851154,0.01805904507637024,0.48825812339782715
-0.006388276815414429,0.018052546307444572,0.4880824089050293
-0.006387464702129364,0.01805025339126587,0.4880203902721405
-0.006388584617525339,0.018053418025374413,0.4881059527397156
-0.006390930153429508,0.018060047179460526,0.4882851541042328
-0.006389854475855827,0.01805700734257698,0.4882029592990875
-0.006388483569025993,0.01805313117802143,0.4880982041358948
-0.00638685142621398,0.018048519268631935,0.48797354102134705
-0.006382695399224758,0.018036777153611183,0.48765599727630615
-0.006382759194821119,0.01803695596754551,0.48766085505485535
-0.006382439285516739,0.018036052584648132,0.48763641715049744
-0.006383039057254791,0.018037747591733932,0.4876822531223297
-0.006381390616297722,0.018033087253570557,0.4875562787055969
-0.006382512394338846,0.018036257475614548,0.4876420199871063
-0.006380356848239899,0.018930941820144653,0.4874773323535919
-0.006381732877343893,0.01893502287566662,0.4875824451446533
-0.006386307068169117,0.01804698072373867,0.4879319369792938
-0.006390285678207874,0.01805822364985943,0.4882359206676483
-0.0063909380696713924,0.018060067668557167,0.48828575015068054
-0.006390342954546213,0.01805838569998741,0.4882402718067169
-0.006393340416252613,0.018066857010126114,0.48846930265426636
-0.00639392388984561,0.018068505451083183,0.48851388692855835
-0.006396270822733641,0.018075138330459595,0.4886931777000427
-0.006395518779754639,0.018073013052344322,0.48863571882247925
-0.006397653836756945,0.01807904615998268,0.4887988865375519
-0.006397836841642857,0.018079563975334167,0.4888128340244293
-0.006395888049155474,0.01807405799627304,0.4886639714241028
-0.0063933818601071835,0.018066974356770515,0.48847246170043945
-0.006391167640686035,0.01806071773171425,0.4883033037185669
-0.0063899788074195385,0.018057357519865036,0.4882124662399292
-0.006389867514371872,0.018057042732834816,0.4882039725780487
-0.00638932129368186,0.018055498600006104,0.48816221952438354
-0.006386416964232922,0.01804729364812374,0.48794034123420715
-0.006387047935277224,0.018049074336886406,0.48798853158950806
-0.006385072600096464,0.01804349198937416,0.48783761262893677
-0.006382995285093784,0.018037624657154083,0.4876789152622223
-0.006379285361617804,0.018027137964963913,0.4873954653739929
-0.006378963124006987,0.01802622713148594,0.4873708188533783
-0.006381278391927481,0.018933676183223724,0.48754772543907166
-0.006382941268384457,0.018938610330224037,0.4876747727394104
-0.006388495676219463,0.018053166568279266,0.4880991578102112
-0.006389140151441097,0.018054986372590065,0.48814839124679565
-0.006387761794030666,0.018051093444228172,0.48804306983947754
-0.006391142960637808,0.018060646951198578,0.4883013963699341
-0.006391935050487518,0.018062885850667953,0.4883619248867035
-0.006393935065716505,0.01806853897869587,0.4885147511959076
-0.0063943881541490555,0.01806981861591339,0.4885493516921997
-0.0063966722227633,0.018076270818710327,0.48872384428977966
-0.006397026125341654,0.018077272921800613,0.4887509047985077
-0.0063971360214054585,0.018077582120895386,0.48875927925109863
-0.006393971852958202,0.018068641424179077,0.48851755261421204
-0.006391704548150301,0.018062233924865723,0.48834431171417236
-0.00638969149440527,0.01805654540657997,0.48819050192832947
-0.006389482878148556,0.018055956810712814,0.48817458748817444
-0.006389736197888851,0.01805667206645012,0.48819392919540405
-0.006391484290361404,0.01806161366403103,0.4883275032043457
-0.0063907550647854805,0.01805955171585083,0.4882717728614807
-0.006388608831912279,0.018053485080599785,0.4881078004837036
-0.006387779954820871,0.018051141873002052,0.4880444407463074
-0.006384395528584719,0.01804158091545105,0.48778587579727173
-0.006385678891092539,0.018045205622911453,0.48788392543792725
-0.006386967841535807,0.01804884895682335,0.4879824221134186
-0.0063851638697087765,0.018043750897049904,0.4878445863723755
-0.006386704742908478,0.018048105761408806,0.4879623353481293
-0.00638460461050272,0.018042171373963356,0.4878018796443939
-0.006381757091730833,0.01803412474691868,0.48758429288864136
-0.006381716579198837,0.018034009262919426,0.48758119344711304
-0.0063824220560491085,0.018036002293229103,0.4876351058483124
-0.0063828942365944386,0.018938468769192696,0.4876711666584015
-0.006386293098330498,0.018046943470835686,0.48793086409568787
-0.006389338057488203,0.018055545166134834,0.4881635010242462
-0.006387324072420597,0.018049854785203934,0.48800966143608093
-0.006385666783899069,0.018045173957943916,0.4878830313682556
-0.006385497748851776,0.018946195021271706,0.48787009716033936
-0.006386720109730959,0.018048150464892387,0.4879634976387024
-0.006387490779161453,0.01805032789707184,0.4880223870277405
-0.006389356683939695,0.018055599182844162,0.4881649315357208
-0.0063908337615430355,0.01805977337062359,0.488277792930603
-0.006393183954060078,0.018066415563225746,0.4884573519229889
-0.006391818169504404,0.018964948132634163,0.48835301399230957
-0.006393458228558302,0.018067190423607826,0.48847830295562744
-0.006394594442099333,0.018973184749484062,0.4885650873184204
-0.00639560678973794,0.01807326078414917,0.48864245414733887
-0.00639411760494113,0.018069053068757057,0.48852869868278503
-0.006394979078322649,0.018071487545967102,0.4885944724082947
-0.0063979909755289555,0.018079999834299088,0.48882463574409485
-0.006396186072379351,0.018074898049235344,0.4886867105960846
-0.006395003758370876,0.018071556463837624,0.4885963797569275
-0.006394867319613695,0.018071172758936882,0.4885859787464142
-0.006393760442733765,0.018068043515086174,0.4885013997554779
-0.0063927979208528996,0.018065324053168297,0.4884278476238251
-0.006393613759428263,0.018067630007863045,0.48849016427993774
-0.0063921548426151276,0.018063507974147797,0.48837873339653015
-0.00639085378497839,0.018059831112623215,0.4882793426513672
-0.006391436327248812,0.018061477690935135,0.488323837518692
-0.0063948011957108974,0.01807098463177681,0.4885809123516083
-0.006393375340849161,0.018066953867673874,0.48847195506095886
-0.006393563933670521,0.018067488446831703,0.4884863793849945
-0.006392066366970539,0.01806325651705265,0.48837196826934814
-0.006394248455762863,0.018069423735141754,0.4885386824607849
-0.006395552773028612,0.018073108047246933,0.488638311624527
-0.006392236333340406,0.0180637389421463,0.4883849620819092
-0.006391834933310747,0.01806260272860527,0.48835429549217224
-0.006392481736838818,0.018064429983496666,0.48840370774269104
-0.006390581838786602,0.018059061840176582,0.4882585406303406
-0.006390430964529514,0.01805863529443741,0.48824700713157654
-0.006390987895429134,0.01806020922958851,0.48828956484794617
-0.006392072420567274,0.018063275143504143,0.48837244510650635
-0.006392245646566153,0.01806376501917839,0.4883856773376465
-0.006391163449734449,0.018060704693198204,0.48830294609069824
-0.006392741575837135,0.018065163865685463,0.48842352628707886
-0.00639330642297864,0.018066760152578354,0.48846670985221863
-0.0063926284201443195,0.018064845353364944,0.4884149134159088
-0.006392098031938076,0.018063345924019814,0.48837438225746155
-0.00638994574546814,0.018057264387607574,0.48820993304252625
-0.006390618626028299,0.01805916801095009,0.4882613718509674
-0.006390014663338661,0.018057459965348244,0.48821520805358887
-0.006389550399035215,0.018056146800518036,0.4881797432899475
-0.0063897063955664635,0.018056586384773254,0.4881916344165802
-0.006390301510691643,0.01805826835334301,0.4882371127605438
-0.006386668421328068,0.01804800145328045,0.48795953392982483
-0.006386178079992533,0.01804661564528942,0.4879220724105835
-0.006384588312357664,0.018042124807834625,0.48780062794685364
-0.006381867919117212,0.01803443767130375,0.48759278655052185
-0.0063821799121797085,0.018035318702459335,0.4876165986061096
-0.006378743797540665,0.018025608733296394,0.4873540997505188
-0.006379271857440472,0.01802710071206093,0.48739442229270935
-0.006380337290465832,0.018030110746622086,0.48747584223747253
-0.0063824839890003204,0.01803617738187313,0.48763981461524963
-0.00638327281922102,0.01803840696811676,0.48770010471343994
-0.006382128689438105,0.018035175278782845,0.48761269450187683
-0.006385352462530136,0.018945762887597084,0.48785898089408875
-0.006386402063071728,0.01804725080728531,0.4879392087459564
-0.00638720765709877,0.01804952509701252,0.4880007207393646
-0.006388483569025993,0.018955053761601448,0.4880982041358948
-0.006388457026332617,0.01805305667221546,0.4880961775779724
-0.006388904992491007,0.01805432327091694,0.4881304204463959
-0.0063895294442772865,0.018958156928420067,0.4881781041622162
-0.0063921669498085976,0.018063541501760483,0.4883796274662018
-0.006392308510839939,0.018063940107822418,0.4883904457092285
-0.006394638679921627,0.0180705264210701,0.488568514585495
-0.006393100135028362,0.018066177144646645,0.48845094442367554
-0.006391665432602167,0.018062124028801918,0.4883413314819336
-0.006392176728695631,0.018063567578792572,0.4883803725242615
-0.006394778378307819,0.018070921301841736,0.4885791838169098
-0.006395959295332432,0.01807425729930401,0.48866939544677734
-0.006393933668732643,0.018068531528115273,0.48851460218429565
-0.006394196301698685,0.018069276586174965,0.48853471875190735
-0.006393886171281338,0.018068399280309677,0.48851099610328674
-0.006394010968506336,0.018068751320242882,0.4885205328464508
-0.0063934032805264,0.01806703396141529,0.4884740710258484
-0.006392729934304953,0.018065132200717926,0.4884226620197296
-0.006391332484781742,0.018061183393001556,0.4883158802986145
-0.006389819085597992,0.018056906759738922,0.48820027709007263
-0.006389854941517115,0.01805700734257698,0.4882029891014099
-0.006389699410647154,0.018056567758321762,0.4881910979747772
-0.006388656795024872,0.01805362105369568,0.4881114661693573
-0.006386440247297287,0.018047356978058815,0.487942099571228
-0.006385710556060076,0.018045296892523766,0.48788636922836304
-0.006385378073900938,0.018044356256723404,0.48786094784736633
-0.006386092863976955,0.01804637722671032,0.487915575504303
-0.006386848632246256,0.018048511818051338,0.48797330260276794
-0.006384570617228746,0.018042074516415596,0.4877992868423462
-0.006386435590684414,0.01804734580218792,0.48794177174568176
-0.006385316606611013,0.018044183030724525,0.48785626888275146
-0.006384431384503841,0.01804168149828911,0.4877886474132538
-0.006382925435900688,0.018037425354123116,0.4876735508441925
-0.006381087936460972,0.01803223229944706,0.4875331521034241
-0.006380293983966112,0.018029987812042236,0.4874725043773651
-0.006382129620760679,0.018035175278782845,0.4876127541065216
-0.006382001098245382,0.018034813925623894,0.48760294914245605
-0.006380145438015461,0.01802957057952881,0.4874611794948578
-0.006382311694324017,0.01803569123148918,0.48762667179107666
-0.00638233870267868,0.0180357675999403,0.4876287579536438
-0.00638255150988698,0.0180363692343235,0.4876450002193451
-0.0063852486200630665,0.018043991178274155,0.487851083278656
-0.006384384352713823,0.018041549250483513,0.4877850413322449
-0.006384408101439476,0.018041614443063736,0.4877868592739105
-0.006385356653481722,0.01804429478943348,0.4878593385219574
-0.006389997899532318,0.018057411536574364,0.4882139265537262
-0.006391729693859816,0.018062306568026543,0.48834624886512756
-0.006390070542693138,0.01805761642754078,0.4882194697856903
-0.006391625385731459,0.018062010407447815,0.48833826184272766
-0.006391201633960009,0.01806081272661686,0.4883058965206146
-0.0063920775428414345,0.018063286319375038,0.488372802734375
-0.006393068470060825,0.01806608960032463,0.48844853043556213
-0.006393881980329752,0.018068386241793633,0.4885106682777405
-0.006395895034074783,0.018074074760079384,0.4886644780635834
-0.006394405849277973,0.01806986704468727,0.48855069279670715
-0.006393334828317165,0.01806684210896492,0.48846888542175293
-0.006393374875187874,0.018066953867673874,0.4884719252586365
-0.006392269395291805,0.018063830211758614,0.48838746547698975
-0.006391717586666346,0.018062271177768707,0.48834529519081116
-0.006389972288161516,0.018057338893413544,0.488211989402771
-0.006388766225427389,0.018955891951918602,0.48811981081962585
-0.006389738526195288,0.018056679517030716,0.4881941080093384
-0.0063934409990906715,0.018067141994833946,0.4884769916534424
-0.006393266376107931,0.01896924339234829,0.4884636402130127
-0.006393778137862682,0.018068093806505203,0.48850274085998535
-0.006391116883605719,0.018060574308037758,0.4882994294166565
-0.006390176713466644,0.018057918176054955,0.48822760581970215
-0.006392628885805607,0.01896735280752182,0.4884149432182312
-0.006391148082911968,0.018962960690259933,0.4883018136024475
-0.006393928546458483,0.018068518489599228,0.488514244556427
-0.0063933818601071835,0.018066974356770515,0.48847246170043945
-0.006393129471689463,0.018968839198350906,0.4884531795978546
-0.0063924831338226795,0.018064433708786964,0.4884037971496582
-0.00639397744089365,0.018971353769302368,0.48851796984672546
-0.006394163239747286,0.018069183453917503,0.4885321855545044
-0.006392260082066059,0.018063805997371674,0.48838678002357483
-0.0063934605568647385,0.018067196011543274,0.48847848176956177
-0.006393019575625658,0.01806594990193844,0.4884447753429413
-0.006394875701516867,0.018974019214510918,0.4885866045951843
-0.006395244970917702,0.01807224005460739,0.4886148273944855
-0.006393002811819315,0.01806590147316456,0.4884434938430786
-0.006393682211637497,0.018067823722958565,0.48849543929100037
-0.006393874995410442,0.018971050158143044,0.4885101318359375
-0.006392545532435179,0.01806461252272129,0.4884085953235626
-0.006391916889697313,0.018062833696603775,0.48836055397987366
-0.006395765580236912,0.018073711544275284,0.48865461349487305
-0.0063958619721233845,0.018073981627821922,0.4886619448661804
-0.006398016586899757,0.01808007061481476,0.48882657289505005
-0.006399895995855331,0.018085382878780365,0.48897016048431396
-0.00639897957444191,0.01898619718849659,0.48890015482902527
-0.0063981250859797,0.01808037795126438,0.48883485794067383
-0.00639744009822607,0.01807844266295433,0.48878252506256104
-0.006396300625056028,0.01807522214949131,0.4886954724788666
-0.006396900396794081,0.01807691715657711,0.48874127864837646
-0.006398516241461039,0.018081484362483025,0.4888647496700287
-0.006397555116564035,0.018078768625855446,0.4887913465499878
-0.0063966307789087296,0.018076155334711075,0.48872068524360657
-0.0063967229798436165,0.018076416105031967,0.48872774839401245
-0.006394694559276104,0.018070682883262634,0.48857274651527405
-0.006393875926733017,0.01806836947798729,0.4885101914405823
-0.006391006987541914,0.018060263246297836,0.48829102516174316
-0.006388370878994465,0.01805281452834606,0.4880896210670471
-0.00638504046946764,0.018043402582406998,0.487835168838501
-0.0063806273974478245,0.018030930310487747,0.4874979853630066
-0.0063815638422966,0.018033577129244804,0.48756954073905945
-0.006381282117217779,0.018032781779766083,0.48754799365997314
-0.006381035316735506,0.01803208328783512,0.4875291585922241
-0.0063817305490374565,0.01803404837846756,0.487582266330719
-0.006381701678037643,0.018033966422080994,0.4875800907611847
-0.006384936161339283,0.01804310642182827,0.4878271818161011
-0.006382158026099205,0.01803525723516941,0.4876149296760559
-0.0063811540603637695,0.018032420426607132,0.48753821849823
-0.006383650470525026,0.01803947426378727,0.48772895336151123
-0.006382060702890158,0.018034979701042175,0.487607479095459
-0.00638300646096468,0.01803765445947647,0.48767974972724915
-0.006380210630595684,0.018029753118753433,0.48746615648269653
-0.006379817146807909,0.018028641119599342,0.48743608593940735
-0.006382102612406015,0.018035100772976875,0.48761069774627686
-0.006382710300385952,0.018036816269159317,0.4876571297645569
-0.006383598782122135,0.01803932711482048,0.48772501945495605
-0.0063812099397182465,0.018032576888799667,0.4875424802303314
-0.006378816906362772,0.01802581548690796,0.4873596429824829
-0.006379151716828346,0.01802676171064377,0.48738527297973633
-0.006378966849297285,0.018026238307356834,0.4873711168766022
-0.00638077175244689,0.018031340092420578,0.48750901222229004
-0.006382869090884924,0.01803726702928543,0.4876692593097687
-0.0063845012336969376,0.018041877076029778,0.4877939522266388
-0.006387575529515743,0.01805056631565094,0.4880288243293762
-0.006389623507857323,0.0180563535541296,0.488185316324234
-0.006393530406057835,0.018067393451929092,0.48848381638526917
-0.006398113444447517,0.018080344423651695,0.4888339638710022
-0.006395008414983749,0.018071569502353668,0.48859673738479614
-0.0063940053805708885,0.018068736419081688,0.4885201156139374
-0.006395169533789158,0.01807202585041523,0.48860904574394226
-0.006397303659468889,0.01807805709540844,0.48877209424972534
-0.006396912038326263,0.018076950684189796,0.4887421727180481
-0.006396420765668154,0.01807556115090847,0.488704651594162
-0.006397221237421036,0.018077824264764786,0.48876580595970154
-0.0063974279910326,0.018078407272696495,0.488781601190567
-0.006397839169949293,0.018079569563269615,0.48881301283836365
-0.006399594247341156,0.018084529787302017,0.4889470934867859
-0.00639937212690711,0.018083902075886726,0.4889301359653473
-0.006402807310223579,0.018093610182404518,0.4891926050186157
-0.006396796554327011,0.018076622858643532,0.4887333810329437
-0.006399046164005995,0.018082980066537857,0.4889052212238312
-0.006398174911737442,0.018080517649650574,0.48883864283561707
-0.006396416109055281,0.018075548112392426,0.48870429396629333
-0.006396986078470945,0.01807715930044651,0.48874783515930176
-0.006398616824299097,0.018081767484545708,0.4888724386692047
-0.006399377249181271,0.01808391511440277,0.48893052339553833
-0.00639985641464591,0.018085269257426262,0.4889671206474304
-0.0064008887857198715,0.018088189885020256,0.48904603719711304
-0.006397238001227379,0.018077870830893517,0.4887670874595642
-0.006398224271833897,0.018080657348036766,0.4888424277305603
-0.006398024037480354,0.0180800911039114,0.4888271391391754
-0.006396824959665537,0.01807670295238495,0.48873552680015564
-0.0063973176293075085,0.018078096210956573,0.4887731969356537
-0.006397264543920755,0.018077945336699486,0.4887691140174866
-0.006396676413714886,0.018076283857226372,0.4887241721153259
-0.00639380095526576,0.018068157136440277,0.48850446939468384
-0.006388622801750898,0.01805352419614792,0.4881088435649872
-0.006382807623594999,0.018037093803286552,0.4876645803451538
-0.006381374318152666,0.018033042550086975,0.48755505681037903
-0.00638069910928607,0.018031133338809013,0.4875034689903259
-0.006380958016961813,0.01803186535835266,0.48752322793006897
-0.006383152212947607,0.01803806610405445,0.48769089579582214
-0.006379592232406139,0.018028005957603455,0.48741888999938965
-0.006381260231137276,0.018032720312476158,0.48754632472991943
-0.00638453708961606,0.018943345174193382,0.48779669404029846
-0.006389397196471691,0.018055712804198265,0.48816803097724915
-0.0063918884843587875,0.018062753602862358,0.48835834860801697
-0.0063962386921048164,0.018075047060847282,0.48869073390960693
-0.006399198900908232,0.01808341220021248,0.48891690373420715
-0.006397955119609833,0.018983157351613045,0.4888218939304352
-0.006397237069904804,0.018077868968248367,0.48876702785491943
-0.006397926714271307,0.018079817295074463,0.4888196885585785
-0.00639863358810544,0.018081815913319588,0.4888737201690674
-0.006398042663931847,0.018080145120620728,0.48882856965065
-0.006399546749889851,0.018084395676851273,0.488943487405777
-0.006396435666829348,0.018075603991746902,0.4887057840824127
-0.006396614946424961,0.018076108768582344,0.48871946334838867
-0.0063955034129321575,0.01807296834886074,0.48863455653190613
-0.006393097806721926,0.018066171556711197,0.4884507656097412
-0.0063916947692632675,0.018062207847833633,0.48834356665611267
-0.006388296373188496,0.01805260218679905,0.48808392882347107
-0.006385823246091604,0.018045615404844284,0.4878949820995331
-0.006381588988006115,0.018033649772405624,0.48757147789001465
-0.006381227634847164,0.018032627180218697,0.48754388093948364
-0.006384130101650953,0.01804083026945591,0.4877656102180481
-0.0063857450149953365,0.018045393750071526,0.48788899183273315
-0.006382152438163757,0.018035240471363068,0.4876145124435425
-0.006381156854331493,0.018933316692709923,0.4875384569168091
-0.006378763820976019,0.018926214426755905,0.4873555898666382
-0.006383262109011412,0.018038377165794373,0.4876993000507355
-0.006385011598467827,0.0189447533339262,0.4878329634666443
-0.0063843014650046825,0.01804131455719471,0.4877787232398987
-0.0063863713294267654,0.018948785960674286,0.4879368543624878
-0.006388083565980196,0.018052002415060997,0.4880676865577698
-0.006387729663401842,0.01805100031197071,0.48804062604904175
-0.006390510592609644,0.018058860674500465,0.48825308680534363
-0.006392385344952345,0.018064158037304878,0.4883963167667389
-0.006394070107489824,0.018068917095661163,0.48852503299713135
-0.006396715063601732,0.018076393753290176,0.4887271523475647
-0.0063949027098715305,0.01807127147912979,0.4885886609554291
-0.00639584893360734,0.018073944374918938,0.4886609613895416
-0.006395627744495869,0.018073322251439095,0.4886440634727478
-0.006396894343197346,0.018980009481310844,0.48874083161354065
-0.00639497023075819,0.018071461468935013,0.48859381675720215
-0.006395995616912842,0.018074361607432365,0.4886721670627594
-0.0063949646428227425,0.01897428371012211,0.4885933995246887
-0.006398123688995838,0.018080374225974083,0.4888347387313843
-0.006394653115421534,0.018070567399263382,0.48856958746910095
-0.006395911332219839,0.018074121326208115,0.48866569995880127
-0.0063949753530323505,0.018071476370096207,0.4885942041873932
-0.0063967215828597546,0.01807641237974167,0.4887276589870453
-0.006397255230695009,0.018077919259667397,0.48876839876174927
-0.006398103665560484,0.018080316483974457,0.4888332486152649
-0.006398816592991352,0.018082331866025925,0.4888876974582672
-0.006399630103260279,0.018084630370140076,0.48894983530044556
-0.006396901328116655,0.01807691901922226,0.48874136805534363
-0.006399231031537056,0.01808350346982479,0.48891937732696533
-0.006401116028428078,0.018088828772306442,0.4890633523464203
-0.0063986037857830524,0.018081730231642723,0.48887142539024353
-0.006399346049875021,0.018083829432725906,0.4889281690120697
-0.006397787015885115,0.018079424276947975,0.4888090491294861
-0.006397168152034283,0.018077673390507698,0.4887617528438568
-0.0063966671004891396,0.018076259642839432,0.488723486661911
-0.006396456155925989,0.01807566173374653,0.48870736360549927
-0.006396439857780933,0.018075615167617798,0.488706111907959
-0.006396942771971226,0.018980152904987335,0.4887445271015167
-0.0063964324072003365,0.018075592815876007,0.48870551586151123
-0.0063976747915148735,0.018079105764627457,0.48880043625831604
-0.006395258009433746,0.01897515542805195,0.48861581087112427
-0.006395564414560795,0.018976064398884773,0.488639235496521
-0.006396464072167873,0.01807568408548832,0.488707959651947
-0.0063971406780183315,0.01807759702205658,0.4887596666812897
-0.006395355332642794,0.018072549253702164,0.4886232316493988
-0.006394842639565468,0.018973922356963158,0.48858410120010376
-0.0063928281888365746,0.018967945128679276,0.4884301722049713
-0.006394159514456987,0.01806917041540146,0.4885318875312805
-0.006394941825419664,0.018974216654896736,0.48859167098999023
-0.006394907832145691,0.018071288242936134,0.4885890781879425
-0.006392765324562788,0.018967757001519203,0.4884253442287445
-0.006395001895725727,0.018071552738547325,0.48859623074531555
-0.006393001414835453,0.01806589961051941,0.48844340443611145
-0.006395809818059206,0.018073836341500282,0.48865798115730286
-0.006394458934664726,0.018070019781589508,0.48855477571487427
-0.006392902694642544,0.018065618351101875,0.488435834646225
-0.00639444449916482,0.018069978803396225,0.4885536730289459
-0.006395560223609209,0.018073128536343575,0.48863887786865234
-0.006398667581379414,0.0180819109082222,0.4888763129711151
-0.006397450342774391,0.018078472465276718,0.4887833297252655
-0.006398823577910662,0.018082350492477417,0.4888882339000702
-0.006399770732969046,0.018085027113556862,0.4889605939388275
-0.00639917328953743,0.018083341419696808,0.48891496658325195
-0.00639778096228838,0.018079405650496483,0.4888085722923279
-0.006397870369255543,0.018079658970236778,0.48881539702415466
-0.006399402394890785,0.01808398775756359,0.48893246054649353
-0.006400552578270435,0.018087238073349,0.48902031779289246
-0.0063980561681091785,0.01808018423616886,0.4888296127319336
-0.006396939512342215,0.018077027052640915,0.4887442886829376
-0.006394794210791588,0.018070966005325317,0.4885803759098053
-0.006394294556230307,0.0180695541203022,0.48854222893714905
-0.006393712013959885,0.01806790567934513,0.48849767446517944
-0.00639337720349431,0.01806696131825447,0.4884721040725708
-0.006390366703271866,0.018058452755212784,0.48824211955070496
-0.006387505680322647,0.01805036887526512,0.4880235195159912
-0.0063840304501354694,0.018040549010038376,0.48775801062583923
-0.0063828229904174805,0.018037136644124985,0.48766574263572693
-0.006382657680660486,0.018036669120192528,0.48765310645103455
-0.006382179446518421,0.018035316839814186,0.48761656880378723
-0.00638006255030632,0.018029334023594856,0.4874548316001892
-0.006383036728948355,0.018037740141153336,0.4876820743083954
-0.006380819249898195,0.018031474202871323,0.48751264810562134
-0.006379515398293734,0.018027788028120995,0.4874130189418793
-0.0063838898204267025,0.01804014854133129,0.4877472221851349
-0.006382198538631201,0.018035372719168663,0.48761802911758423
-0.006380690727382898,0.018031110987067223,0.4875028431415558
-0.006378992926329374,0.018026312813162804,0.48737311363220215
-0.006377452984452248,0.01892232522368431,0.4872554540634155
-0.0063837990164756775,0.018039893358945847,0.48774030804634094
-0.0063833813183009624,0.018038712441921234,0.4877083897590637
-0.006384644191712141,0.01804228313267231,0.4878048896789551
-0.006388264242559671,0.018052512779831886,0.4880814850330353
-0.006387648172676563,0.01895257458090782,0.4880343973636627
-0.0063895308412611485,0.018958162516355515,0.4881782531738281
-0.006391210947185755,0.0180608369410038,0.48830658197402954
-0.006391359958797693,0.018061259761452675,0.48831796646118164
-0.006391663569957018,0.01806211844086647,0.48834118247032166
-0.006390443071722984,0.018960867077112198,0.48824793100357056
-0.006393360905349255,0.01806691475212574,0.4884708523750305
-0.006395071279257536,0.018071750178933144,0.48860156536102295
-0.00639339629560709,0.0180670153349638,0.4884735941886902
-0.006391074974089861,0.018060455098748207,0.488296240568161
-0.006391368806362152,0.018963614478707314,0.48831865191459656
-0.006390193942934275,0.018057964742183685,0.4882289171218872
-0.006390792783349752,0.01896190643310547,0.4882746636867523
-0.006395356263965368,0.018072552978992462,0.4886232912540436
-0.006396927405148745,0.01807699352502823,0.4887433648109436
-0.006396839395165443,0.018979845568537712,0.488736629486084
-0.006395593285560608,0.018073223531246185,0.4886414408683777
-0.006395882461220026,0.018074041232466698,0.48866352438926697
-0.006395105738192797,0.018974702805280685,0.48860418796539307
-0.006395605858415365,0.01807325892150402,0.4886423945426941
-0.006396827753633261,0.018076712265610695,0.48873576521873474
-0.0063974903896451,0.018078584223985672,0.48878636956214905
-0.006397474557161331,0.01807853952050209,0.48878517746925354
-0.0063981250859797,0.01808037795126438,0.48883485794067383
-0.006396823562681675,0.01807669922709465,0.4887354075908661
-0.006394939962774515,0.018071375787258148,0.4885914921760559
-0.006398952100425959,0.018082713708281517,0.48889803886413574
-0.006399716716259718,0.018084874376654625,0.4889564514160156
-0.006399989128112793,0.018085645511746407,0.48897725343704224
-0.006399428006261587,0.01808406040072441,0.4889344274997711
-0.006398096214979887,0.018080295994877815,0.48883265256881714
-0.006397932302206755,0.018079832196235657,0.4888201355934143
-0.006395132280886173,0.018071919679641724,0.48860618472099304
-0.006392210256308317,0.018063664436340332,0.4883829653263092
-0.006387016270309687,0.018950700759887695,0.48798611760139465
-0.0063834539614617825,0.0180389191955328,0.48771393299102783
-0.006384806241840124,0.01804273948073387,0.48781725764274597
-0.006384632550179958,0.018042249605059624,0.48780399560928345
-0.006385267712175846,0.018044043332338333,0.4878525137901306
-0.006385410204529762,0.018945934250950813,0.4878633916378021
-0.006390580907464027,0.018059058114886284,0.4882584512233734
-0.006395290140062571,0.01807236671447754,0.48861825466156006
-0.0063982997089624405,0.018080871552228928,0.4888482093811035
-0.006399266887456179,0.01808360405266285,0.4889220893383026
-0.006399536971002817,0.018084369599819183,0.4889427423477173
-0.0063987416215240955,0.018082119524478912,0.4888819754123688
-0.006398365367203951,0.01808105781674385,0.48885324597358704
-0.006400322075933218,0.018086586147546768,0.48900270462036133
-0.0063970512710511684,0.018077341839671135,0.4887528121471405
-0.006392575800418854,0.018064694479107857,0.4884108603000641
-0.006386215798556805,0.018046723678708076,0.4879249632358551
-0.006382484454661608,0.01803617924451828,0.4876398742198944
-0.006383358500897884,0.01803864724934101,0.48770663142204285
-0.006382635794579983,0.018036607652902603,0.48765143752098083
-0.006383934058248997,0.01804027520120144,0.4877506494522095
-0.006385722663253546,0.01804533042013645,0.48788729310035706
-0.006386961787939072,0.018048832193017006,0.4879819452762604
-0.006393252871930599,0.018066609278321266,0.4884625971317291
-0.006394973956048489,0.018974309787154198,0.488594114780426
-0.006395366508513689,0.01807258278131485,0.48862409591674805
-0.0063993604853749275,0.01808386854827404,0.48892924189567566
-0.006400456186383963,0.01808696612715721,0.4890129864215851
-0.006398916710168123,0.01808261312544346,0.48889532685279846
-0.006397800054401159,0.01807945966720581,0.4888100028038025
-0.006395169533789158,0.01807202585041523,0.48860907554626465
-0.006395233795046806,0.018072206526994705,0.48861393332481384
-0.006392320618033409,0.018063973635435104,0.48839136958122253
-0.006388755980879068,0.018053902313113213,0.4881190359592438
-0.0063848537392914295,0.018042875453829765,0.48782089352607727
-0.006382025312632322,0.018034880980849266,0.4876047968864441
-0.006381431594491005,0.018033204600214958,0.48755943775177
-0.0063859946094453335,0.018046097829937935,0.4879080653190613
-0.006383407860994339,0.018038788810372353,0.4877104163169861
-0.006381053477525711,0.0180321354418993,0.48753052949905396
-0.00638405280187726,0.0180406104773283,0.48775967955589294
-0.006386116612702608,0.018948029726743698,0.48791739344596863
-0.006389329209923744,0.018055522814393044,0.4881628453731537
-0.006392320152372122,0.018063973635435104,0.48839133977890015
-0.006395973265171051,0.01807429827749729,0.4886704683303833
-0.006399857345968485,0.018988799303770065,0.4889672100543976
-0.006398094817996025,0.018080292269587517,0.48883256316185
-0.006396892014890909,0.01807689294219017,0.4887406527996063
-0.0063972389325499535,0.018077872693538666,0.488767147064209
-0.006399380508810282,0.018083926290273666,0.4889307916164398
-0.006397538352757692,0.018078718334436417,0.48879000544548035
-0.006395954173058271,0.018074242398142815,0.4886690080165863
-0.006397643592208624,0.018079016357660294,0.488798052072525
-0.0063963294960558414,0.018075304105877876,0.48869767785072327
-0.0063935862854123116,0.018067551776766777,0.4884880781173706
-0.006386955734342337,0.018048813566565514,0.4879814684391022
-0.00638233870267868,0.0180357675999403,0.4876287579536438
-0.006381754297763109,0.018034115433692932,0.48758408427238464
-0.006384701933711767,0.018042445182800293,0.48780930042266846
-0.006380126811563969,0.018930258229374886,0.4874597489833832
-0.006384724751114845,0.018042508512735367,0.48781102895736694
-0.006386864930391312,0.01895025186240673,0.4879745543003082
-0.006390012335032225,0.018057452514767647,0.48821502923965454
-0.006395156029611826,0.018974851816892624,0.4886080324649811
-0.006397504359483719,0.018981819972395897,0.488787442445755
-0.006397381890565157,0.018078278750181198,0.48877808451652527
-0.0063998023979365826,0.018085120245814323,0.4889630377292633
-0.006401641294360161,0.01809031516313553,0.4891035258769989
-0.006397596560418606,0.018078884109854698,0.4887945055961609
-0.006398249417543411,0.018080729991197586,0.4888443648815155
-0.006398384924978018,0.01808111183345318,0.48885470628738403
-0.0063985842280089855,0.018081674352288246,0.48886993527412415
-0.006396040786057711,0.018074488267302513,0.48867562413215637
-0.006391493603587151,0.01806163787841797,0.4883281886577606
-0.006387868896126747,0.018051395192742348,0.48805126547813416
-0.006384075619280338,0.018040675669908524,0.4877614378929138
-0.006380671635270119,0.018031056970357895,0.4875013530254364
-0.00638181297108531,0.018034281209111214,0.4875885546207428
-0.006383836735039949,0.018040001392364502,0.48774319887161255
-0.006382610183209181,0.018036535009741783,0.48764950037002563
-0.006387805100530386,0.018051214516162872,0.4880463778972626
-0.006390745751559734,0.01805952563881874,0.4882710576057434
-0.006396728567779064,0.01807643100619316,0.4887281656265259
-0.006398238707333803,0.01808069832623005,0.48884353041648865
-0.006395814474672079,0.018073847517371178,0.4886583387851715
-0.006398626137524843,0.018081793561577797,0.488873153924942
-0.006398641038686037,0.01808183453977108,0.48887425661087036
-0.0063979062251746655,0.018079761415719986,0.4888181686401367
-0.006395356729626656,0.018072552978992462,0.48862332105636597
-0.006397041957825422,0.018077317625284195,0.4887521266937256
-0.006395160220563412,0.01807199977338314,0.48860836029052734
-0.006392582785338163,0.018064716830849648,0.48841142654418945
-0.006387224420905113,0.0180495735257864,0.4880020022392273
-0.006382171995937824,0.018035296350717545,0.48761600255966187
-0.006379923317581415,0.01802894100546837,0.4874441921710968
-0.006381472572684288,0.01803332008421421,0.4875625669956207
-0.006382403429597616,0.018035950139164925,0.48763367533683777
-0.006380745209753513,0.01803126372396946,0.4875069856643677
-0.006381739396601915,0.0180340725928545,0.4875829517841339
-0.0063829803839325905,0.0180375799536705,0.48767775297164917
-0.006389221642166376,0.01805521734058857,0.4881546199321747
-0.006393402814865112,0.01806703209877014,0.488474041223526
-0.006391116417944431,0.018060574308037758,0.4882993996143341
-0.006392897106707096,0.01896815001964569,0.48843544721603394
-0.00639432854950428,0.01806965097784996,0.4885448217391968
-0.006397436372935772,0.018078431487083435,0.48878225684165955
-0.006398151163011789,0.01808045245707035,0.4888368844985962
-0.006402765866369009,0.018093490973114967,0.48918941617012024
-0.00640038400888443,0.018086761236190796,0.48900744318962097
-0.006398044992238283,0.018080150708556175,0.48882871866226196
-0.006397631485015154,0.018078982830047607,0.4887971580028534
-0.006394792813807726,0.01807096228003502,0.48858028650283813
-0.0063895583152771,0.018056169152259827,0.48818033933639526
-0.0063834404572844505,0.018038880079984665,0.48771288990974426
-0.006382960360497236,0.018037524074316025,0.4876762330532074
-0.006383161060512066,0.01803809031844139,0.48769158124923706
-0.006381404586136341,0.01803312636911869,0.4875573515892029
-0.006386258639395237,0.018046844750642776,0.48792824149131775
-0.006391589529812336,0.018964270129799843,0.4883355498313904
-0.006396678276360035,0.01807628944516182,0.48872432112693787
-0.006395992822945118,0.01807435229420662,0.4886719286441803
-0.006397446617484093,0.018078459426760674,0.48878300189971924
-0.0064013260416686535,0.018089422956109047,0.48907941579818726
-0.006398290395736694,0.01808084361255169,0.4888474643230438
-0.006396496668457985,0.01807577535510063,0.4887104332447052
-0.006396198179572821,0.01807493157684803,0.4886876344680786
-0.006393845193088055,0.018068283796310425,0.48850786685943604
-0.0063933683559298515,0.01806693524122238,0.4884714186191559
-0.006387852597981691,0.018051348626613617,0.48805001378059387
-0.006382719147950411,0.018036842346191406,0.4876578152179718
-0.006380378268659115,0.018030228093266487,0.48747897148132324
-0.006382308434695005,0.018035681918263435,0.48762643337249756
-0.006384280975908041,0.018041254952549934,0.48777711391448975
-0.006381918676197529,0.01803458109498024,0.48759663105010986
-0.006385886576026678,0.01894734799861908,0.4878998100757599
-0.0063886758871376514,0.018053676933050156,0.4881129264831543
-0.006391050759702921,0.018962671980261803,0.4882943630218506
-0.006394479423761368,0.018070075660943985,0.4885563254356384
-0.006397206801921129,0.018077783286571503,0.4887647032737732
-0.006399744655936956,0.018084954470396042,0.48895859718322754
-0.006400595884770155,0.01808736100792885,0.4890236556529999
-0.00639676209539175,0.018076526001095772,0.48873069882392883
-0.0063972026109695435,0.018077770248055458,0.48876437544822693
-0.006395942997187376,0.018074210733175278,0.48866814374923706
-0.006393824703991413,0.01806822419166565,0.4885062873363495
-0.006390333641320467,0.018058359622955322,0.488239586353302
-0.006384811829775572,0.018042756244540215,0.4878176748752594
-0.006379821803420782,0.018028654158115387,0.487436443567276
-0.006379955448210239,0.01802903227508068,0.487446665763855
-0.006382185500115156,0.01803533546626568,0.48761704564094543
-0.006383639294654131,0.018039442598819733,0.4877281188964844
-0.006380582228302956,0.0180308036506176,0.487494558095932
-0.006380584556609392,0.018931617960333824,0.48749473690986633
-0.006382983643561602,0.018037589266896248,0.48767799139022827
-0.0063858674839138985,0.018045738339424133,0.4878983199596405
-0.00638959463685751,0.018958350643515587,0.4881831109523773
-0.0063951276242733,0.018071908503770828,0.4886058568954468
-0.006393572315573692,0.018970152363181114,0.48848700523376465
-0.0063951085321605206,0.01807185262441635,0.4886043965816498
-0.00639782939106226,0.018079541623592377,0.48881226778030396
-0.006395438220351934,0.018072785809636116,0.4886295795440674
-0.00639672065153718,0.01807640865445137,0.48872753977775574
-0.006395119708031416,0.018071884289383888,0.48860523104667664
-0.006398388184607029,0.018081121146678925,0.4888549745082855
-0.006401673890650272,0.01809040643274784,0.4891059994697571
-0.006400066427886486,0.018085863441228867,0.4889831840991974
-0.006396634969860315,0.01807616651058197,0.48872101306915283
-0.00639458280056715,0.018070368096232414,0.48856422305107117
-0.0063964324072003365,0.018075592815876007,0.48870551586151123
-0.0063967457972466946,0.01807647943496704,0.48872947692871094
-0.006397592835128307,0.018078874796628952,0.488794207572937
-0.006397291086614132,0.018078021705150604,0.48877114057540894
-0.006393696181476116,0.0180678628385067,0.48849648237228394
-0.00639158533886075,0.018061896786093712,0.48833519220352173
-0.0063919853419065475,0.018063027411699295,0.4883657693862915
-0.006388823501765728,0.018054092302918434,0.48812419176101685
-0.006385193206369877,0.01804383471608162,0.48784682154655457
-0.006382766179740429,0.018036974593997,0.4876613914966583
-0.0063801719807088375,0.018029645085334778,0.48746317625045776
-0.006381411571055651,0.01803314872086048,0.48755791783332825
-0.006381224375218153,0.01803261786699295,0.48754358291625977
-0.00638050539419055,0.01803058572113514,0.48748865723609924
-0.006380862090736628,0.018031595274806023,0.487515926361084
-0.006381779443472624,0.018034186214208603,0.48758599162101746
-0.006381860934197903,0.01893540471792221,0.48759225010871887
-0.006380628328770399,0.01893174648284912,0.48749804496765137
-0.006383372470736504,0.018038688227534294,0.4877077341079712
-0.006384995765984058,0.01804327592253685,0.4878317415714264
-0.006385550834238529,0.01804484613239765,0.48787418007850647
-0.006390162277966738,0.018057875335216522,0.4882264733314514
-0.0063926647417247295,0.018064947798848152,0.48841768503189087
-0.006392957642674446,0.01806577481329441,0.48844006657600403
-0.006394405383616686,0.018069865182042122,0.48855066299438477
-0.006395098753273487,0.018071826547384262,0.4886036515235901
-0.006396734621375799,0.018076447769999504,0.4887286126613617
-0.006400282494723797,0.018086474388837814,0.48899969458580017
-0.0064003062434494495,0.018086541444063187,0.4890015125274658
-0.00639856792986393,0.018081627786159515,0.48886868357658386
-0.0063985800370574,0.01808166317641735,0.48886963725090027
-0.006395006086677313,0.01807156391441822,0.4885965585708618
-0.006392999552190304,0.01806589402258396,0.4884432554244995
-0.00638838205486536,0.01805284433066845,0.488090455532074
-0.006383887026458979,0.018040142953395844,0.48774704337120056
-0.006383504718542099,0.01803906261920929,0.48771780729293823
-0.006383579224348068,0.018039271235466003,0.4877234995365143
-0.006380550097674131,0.018931515514850616,0.48749208450317383
-0.006384660955518484,0.01894371211528778,0.48780617117881775
-0.00638682022690773,0.01804843172430992,0.48797115683555603
-0.006390387658029795,0.01805851422250271,0.4882436990737915
-0.006391532253473997,0.018061747774481773,0.4883311688899994
-0.006391435861587524,0.018061475828289986,0.48832380771636963
-0.0063963341526687145,0.01807531528174877,0.4886980354785919
-0.006399871781468391,0.018085313960909843,0.4889683127403259
-0.006399662233889103,0.018084721639752388,0.48895227909088135
-0.006396942771971226,0.01807703636586666,0.4887445271015167
-0.006399893667548895,0.018085377290844917,0.488970011472702
-0.006395488511770964,0.018072927370667458,0.4886334240436554
-0.0063921078108251095,0.018063373863697052,0.48837512731552124
-0.006391617469489574,0.018061988055706024,0.4883376657962799
-0.006386222783476114,0.018046744167804718,0.4879254996776581
-0.0063820104114711285,0.018034840002655983,0.48760363459587097
-0.006381756626069546,0.01803412288427353,0.48758426308631897
-0.006382633466273546,0.018937697634100914,0.4876512885093689
-0.006382935214787722,0.018037453293800354,0.4876742959022522
-0.006380411796271801,0.018931103870272636,0.4874815344810486
-0.00638542091473937,0.018044477328658104,0.487864226102829
-0.006390850525349379,0.01805982179939747,0.4882790744304657
-0.006391292903572321,0.018061069771647453,0.48831287026405334
-0.006392595823854208,0.018064754083752632,0.48841241002082825
-0.0063923196867108345,0.018063973635435104,0.48839130997657776
-0.006396155338734388,0.01807481050491333,0.48868435621261597
-0.00639973022043705,0.01808491349220276,0.4889574944972992
-0.006400358397513628,0.018086690455675125,0.48900550603866577
-0.006396697834134102,0.018076345324516296,0.48872584104537964
-0.006395282689481974,0.01807234436273575,0.4886176884174347
-0.00639486126601696,0.01807115599513054,0.488585501909256
-0.006391439121216536,0.018061483278870583,0.48832401633262634
-0.006387668661773205,0.01805083081126213,0.48803597688674927
-0.006382602266967297,0.018036512657999992,0.4876488745212555
-0.0063817924819886684,0.018034225329756737,0.48758700489997864
-0.006380233447998762,0.018029816448688507,0.487467885017395
-0.006381985265761614,0.018034769222140312,0.48760172724723816
-0.006380125880241394,0.01802951470017433,0.4874596893787384
-0.006382096093147993,0.018035082146525383,0.48761022090911865
-0.006386559456586838,0.018047695979475975,0.48795121908187866
-0.006388324778527021,0.018052684143185616,0.48808610439300537
-0.006389952730387449,0.018057283014059067,0.4882104694843292
-0.006390763912349939,0.01805957593023777,0.48827242851257324
-0.006391604896634817,0.01806195080280304,0.4883366823196411
-0.006396513897925615,0.01807582378387451,0.48871174454689026
-0.00639685383066535,0.018076786771416664,0.48873773217201233
-0.0063983965665102005,0.018081145361065865,0.48885560035705566
-0.006395758129656315,0.018073689192533493,0.4886540174484253
-0.006396551616489887,0.018075933679938316,0.48871466517448425
-0.006392601877450943,0.018064768984913826,0.48841285705566406
-0.006390897091478109,0.018059952184557915,0.48828262090682983
-0.006387307308614254,0.018049808219075203,0.4880083501338959
-0.006385393440723419,0.018044399097561836,0.48786211013793945
-0.006384257227182388,0.01804118975996971,0.4877753257751465
-0.006382235791534185,0.01803547702729702,0.48762089014053345
-0.006379508413374424,0.018027769401669502,0.4874124825000763
-0.006384778767824173,0.018944062292575836,0.48781517148017883
-0.006386992055922747,0.018950628116726875,0.4879842698574066
-0.006389658432453871,0.01805645227432251,0.4881879687309265
-0.006394705269485712,0.018070712685585022,0.4885735809803009
-0.006393964868038893,0.018068620935082436,0.48851701617240906
-0.006395138334482908,0.018071938306093216,0.48860666155815125
-0.006394623778760433,0.018070483580231667,0.4885673522949219
-0.006397064309567213,0.01807737909257412,0.4887537956237793
-0.006395303178578615,0.018072403967380524,0.48861926794052124
-0.0063959937542676926,0.01807435415685177,0.48867201805114746
-0.006395959295332432,0.01807425729930401,0.48866936564445496
-0.006396363954991102,0.018075402826070786,0.48870033025741577
-0.006391644012182951,0.018062062561511993,0.48833969235420227
-0.006392552051693201,0.018064627423882484,0.48840904235839844
-0.006392802577465773,0.01806533709168434,0.4884282052516937
-0.006390922702848911,0.018060024827718735,0.4882845878601074
-0.0063890255987644196,0.018054664134979248,0.48813965916633606
-0.006387545261532068,0.018050480633974075,0.48802655935287476
-0.006388003472238779,0.01805177517235279,0.4880615472793579
-0.006385349202901125,0.018044274300336838,0.48785874247550964
-0.006378365680575371,0.018024539574980736,0.48732516169548035
-0.006376800127327442,0.018020115792751312,0.4872055947780609
-0.006379133556038141,0.01802670955657959,0.4873838424682617
-0.006380625534802675,0.01803092658519745,0.48749786615371704
-0.00638227304443717,0.018936624750494957,0.4876236915588379
-0.006382535211741924,0.018937403336167336,0.4876437187194824
-0.006386265624314547,0.01804686337709427,0.48792874813079834
-0.006389337591826916,0.018055545166134834,0.48816347122192383
-0.006389766465872526,0.018056755885481834,0.4881962239742279
-0.0063906218856573105,0.01896139793097973,0.4882615804672241
-0.006392931565642357,0.01806570217013359,0.48843806982040405
-0.006394651252776384,0.018070559948682785,0.488569438457489
-0.006393281742930412,0.018066691234707832,0.4884648323059082
-0.006393176503479481,0.018066393211483955,0.4884567856788635
-0.0063933394849300385,0.018066853284835815,0.4884692430496216
-0.006395512726157904,0.01807299442589283,0.48863527178764343
-0.006394070573151112,0.018068920820951462,0.4885250926017761
-0.006390967406332493,0.018060149624943733,0.4882879853248596
-0.00638940604403615,0.018055737018585205,0.4881686866283417
-0.006386143621057272,0.01804651878774166,0.4879194498062134
-0.0063866060227155685,0.01804782636463642,0.4879547953605652
-0.006382792256772518,0.01803704909980297,0.4876633882522583
-0.006383847910910845,0.018941298127174377,0.4877440333366394
-0.006387273781001568,0.018049713224172592,0.48800578713417053
-0.006386915221810341,0.01895040087401867,0.48797842860221863
-0.006388450972735882,0.018954956904053688,0.4880957007408142
-0.006388906855136156,0.01895630918443203,0.4881305396556854
-0.0063927145674824715,0.018065087497234344,0.4884214699268341
-0.006391142029315233,0.01806064322590828,0.4883013367652893
-0.0063956016674637794,0.018073247745633125,0.4886420965194702
-0.0063961525447666645,0.018074803054332733,0.48868414759635925
-0.006393083371222019,0.018066130578517914,0.48844966292381287
-0.006394636817276478,0.018070518970489502,0.48856833577156067
-0.006395798642188311,0.018073804676532745,0.4886571168899536
-0.006394870113581419,0.01807118020951748,0.4885861873626709
-0.0063924603164196014,0.01806436851620674,0.48840203881263733
-0.006390707567334175,0.018059417605400085,0.4882681667804718
-0.006389430724084377,0.018055807799100876,0.4881705641746521
-0.006384832784533501,0.01804281584918499,0.4878193140029907
-0.006385074928402901,0.018043499439954758,0.4878377914428711
-0.006380648352205753,0.018931806087493896,0.4874995946884155
-0.0063810888677835464,0.018933113664388657,0.4875332713127136
-0.006384782958775759,0.01804267428815365,0.4878154993057251
-0.0063871960155665874,0.018049493432044983,0.4879998564720154
-0.006391310133039951,0.018061120063066483,0.4883141815662384
-0.006392435636371374,0.01806429959833622,0.4884001612663269
-0.006392470560967922,0.01806439831852913,0.4884028136730194
-0.0063922512345016,0.018063778057694435,0.4883860945701599
-0.006395509000867605,0.018072985112667084,0.48863497376441956
-0.006393434479832649,0.018067121505737305,0.4884764850139618
-0.0063946000300347805,0.018070414662361145,0.4885655343532562
-0.006396837066859007,0.018076738342642784,0.48873645067214966
-0.006393867079168558,0.01806834526360035,0.48850953578948975
-0.006394088733941317,0.01806897111237049,0.48852646350860596
-0.006393097806721926,0.018066171556711197,0.4884507656097412
-0.0063896444626152515,0.018056411296129227,0.48818689584732056
-0.006389522925019264,0.018056068569421768,0.48817765712738037
-0.006383608561009169,0.018039356917142868,0.48772576451301575
-0.006383200641721487,0.018038203939795494,0.4876945912837982
-0.006380971521139145,0.018031904473900795,0.48752427101135254
-0.006380293983966112,0.01893075369298458,0.4874725043773651
-0.006381486542522907,0.018033359199762344,0.4875636398792267
-0.006382304709404707,0.01803567074239254,0.4876261353492737
-0.006385574117302895,0.018044909462332726,0.48787590861320496
-0.006389460526406765,0.01805589348077774,0.48817285895347595
-0.006391525734215975,0.01806172914803028,0.4883306622505188
-0.006393002811819315,0.01806590147316456,0.4884434938430786
-0.006392904557287693,0.018065623939037323,0.4884359836578369
-0.006392486859112978,0.01806444302201271,0.4884040653705597
-0.006392454728484154,0.018064353615045547,0.4884016215801239
-0.00639192434027791,0.018062856048345566,0.488361120223999
-0.006395213771611452,0.01807215064764023,0.48861244320869446
-0.006392776966094971,0.01806526444852352,0.4884262681007385
-0.006391629576683044,0.01806202158331871,0.48833855986595154
-0.006394562311470509,0.018070310354232788,0.4885626435279846
-0.0063965474255383015,0.018075918778777122,0.4887143075466156
-0.006395390722900629,0.018072649836540222,0.4886259436607361
-0.006395070347934961,0.018071746453642845,0.4886014759540558
-0.006395365111529827,0.01807257905602455,0.4886240065097809
-0.006393151357769966,0.018066324293613434,0.4884548783302307
-0.00639074482023716,0.018059521913528442,0.48827096819877625
-0.006390782073140144,0.0180596262216568,0.48827382922172546
-0.006384430453181267,0.01804167777299881,0.48778852820396423
-0.006381374318152666,0.018033040687441826,0.48755502700805664
-0.0063817729242146015,0.01803416758775711,0.48758551478385925
-0.006382777821272612,0.018938126042485237,0.48766228556632996
-0.006384329404681921,0.018041392788290977,0.4877808392047882
-0.006381967104971409,0.018034718930721283,0.4876003563404083
-0.006385314278304577,0.01804417558014393,0.48785609006881714
-0.006385211367160082,0.018945345655083656,0.4878482222557068
-0.00638952711597085,0.018056081607937813,0.48817795515060425
-0.006390284281224012,0.018960395827889442,0.48823580145835876
-0.00639082957059145,0.018962014466524124,0.4882774353027344
-0.006393263582140207,0.018066639080643654,0.488463431596756
-0.006393556948751211,0.018970105797052383,0.48848584294319153
-0.006395305506885052,0.018072407692670822,0.4886194169521332
-0.0063921064138412476,0.018063370138406754,0.4883750379085541
-0.006393970921635628,0.018068639561533928,0.4885174632072449
-0.006394641008228064,0.018070532009005547,0.48856866359710693
-0.0063941748812794685,0.01806921511888504,0.48853304982185364
-0.006393545772880316,0.018067438155412674,0.4884850084781647
-0.006390231661498547,0.01805807091295719,0.4882317781448364
-0.006389257963746786,0.018055319786071777,0.48815739154815674
-0.006389129441231489,0.018054956570267677,0.4881475567817688
-0.006390308495610952,0.01805828884243965,0.4882376492023468
-0.006391149014234543,0.01806066557765007,0.4883018732070923
-0.006392479874193668,0.018064426258206367,0.4884035587310791
-0.0063919685781002045,0.018062980845570564,0.48836448788642883
-0.006391448900103569,0.01806151121854782,0.48832476139068604
-0.006393379531800747,0.018066968768835068,0.4884723126888275
-0.006394076161086559,0.018068935722112656,0.48852550983428955
-0.006392550654709339,0.018064625561237335,0.4884089529514313
-0.0063918763771653175,0.018062720075249672,0.48835745453834534
-0.0063934000208973885,0.018067024648189545,0.4884738624095917
-0.006392986513674259,0.018065856769680977,0.4884422719478607
-0.006392986513674259,0.018065856769680977,0.4884422719478607
-0.006393366493284702,0.018066931515932083,0.48847129940986633
-0.006393964868038893,0.018068620935082436,0.48851698637008667
-0.0063927192240953445,0.01806510239839554,0.48842185735702515
-0.006387609988451004,0.01805066503584385,0.4880315065383911
-0.006382148712873459,0.01803523115813732,0.4876142144203186
-0.006379811093211174,0.018028624355793,0.48743560910224915
-0.006381892133504152,0.01803450658917427,0.4875946342945099
-0.006381705868989229,0.01803397946059704,0.48758038878440857
-0.006380736827850342,0.01803123950958252,0.48750633001327515
-0.006383659318089485,0.01803949847817421,0.48772963881492615
-0.0063850185833871365,0.018043339252471924,0.4878334701061249
-0.006390416529029608,0.018058594316244125,0.4882459044456482
-0.006392057053744793,0.01806323044002056,0.48837125301361084
-0.00639177905395627,0.018062444403767586,0.4883500039577484
-0.00639153691008687,0.01806175895035267,0.48833149671554565
-0.006391659379005432,0.018062107264995575,0.4883408546447754
-0.006392433308064938,0.018064294010400772,0.48840001225471497
-0.006392841227352619,0.018065446987748146,0.4884311854839325
-0.006393945775926113,0.018068568781018257,0.48851555585861206
-0.006393869407474995,0.018068350851535797,0.4885096848011017
-0.006392253562808037,0.018063785508275032,0.48838627338409424
-0.006391643080860376,0.018062058836221695,0.4883396029472351
-0.006392884999513626,0.018065569922327995,0.48843449354171753
-0.006394786760210991,0.018070943653583527,0.48857980966567993
-0.006394490599632263,0.018070107325911522,0.48855718970298767
-0.006394471973180771,0.018070053309202194,0.4885557293891907
-0.006394635420292616,0.018070515245199203,0.4885682463645935
-0.006394199561327696,0.01806928589940071,0.48853495717048645
-0.006394310388714075,0.018069596961140633,0.48854342103004456
-0.006392932962626219,0.01806570589542389,0.4884381592273712
-0.006392764858901501,0.018065229058265686,0.4884253144264221
-0.006393710616976023,0.018067901954054832,0.4884975850582123
-0.006392933428287506,0.01806570589542389,0.4884381890296936
-0.006391505245119333,0.018061671406030655,0.48832908272743225
-0.00638968963176012,0.018056541681289673,0.4881903827190399
-0.006386874243617058,0.01804858259856701,0.48797523975372314
-0.006385835353285074,0.01804564706981182,0.4878958761692047
-0.00638231635093689,0.018035704270005226,0.4876270294189453
-0.006380346603691578,0.018030138686299324,0.48747655749320984
-0.0063810874707996845,0.01803223229944706,0.4875331223011017
-0.0063812402077019215,0.018032662570476532,0.48754480481147766
-0.006380027625709772,0.018029237166047096,0.4874521791934967
-0.0063816849142313,0.018033919855952263,0.48757877945899963
-0.006381701678037643,0.018033966422080994,0.4875800907611847
-0.006381360348314047,0.01803300343453884,0.48755401372909546
-0.006382427178323269,0.018036017194390297,0.4876354932785034
-0.0063840122893452644,0.018040496855974197,0.487756609916687
-0.006379774771630764,0.01802852191030979,0.4874328672885895
-0.006382329855114222,0.018936794251203537,0.4876280426979065
-0.006381609011441469,0.0180337056517601,0.48757296800613403
-0.00637776916846633,0.018022852018475533,0.48727959394454956
-0.006381377577781677,0.01803305186331272,0.4875553250312805
-0.006380556151270866,0.01803073100745678,0.48749253153800964
-0.006381425075232983,0.018033184111118317,0.48755893111228943
-0.006379931233823299,0.01802896521985531,0.48744481801986694
-0.006380598060786724,0.01803084835410118,0.4874957501888275
-0.006380312144756317,0.018030039966106415,0.48747387528419495
-0.0063784439116716385,0.018024761229753494,0.48733118176460266
-0.006378066726028919,0.018023695796728134,0.48730236291885376
-0.006376389879733324,0.01801895722746849,0.48717421293258667
-0.00638024415820837,0.018029848113656044,0.4874686896800995
-0.006379909813404083,0.018028901889920235,0.48744314908981323
-0.006380283739417791,0.018029959872364998,0.48747172951698303
-0.006379474885761738,0.01802767440676689,0.48740991950035095
-0.0063821556977927685,0.018035249784588814,0.4876147508621216
-0.006379331462085247,0.01802726835012436,0.48739898204803467
-0.006379359867423773,0.018027350306510925,0.48740115761756897
-0.006380736827850342,0.01803123950958252,0.48750633001327515
-0.006380429025739431,0.018030371516942978,0.48748284578323364
-0.006381140556186438,0.018032381311058998,0.4875372052192688
-0.006381920073181391,0.01803458482027054,0.4875967502593994
-0.006382344756275415,0.018035784363746643,0.4876292049884796
-0.0063825552351772785,0.018036378547549248,0.4876452684402466
-0.0063812206499278545,0.018032608553767204,0.4875433146953583
-0.006382129155099392,0.018035175278782845,0.4876127243041992
-0.0063838232308626175,0.018039962276816368,0.487742155790329
-0.006381882820278406,0.01803448051214218,0.4875939190387726
-0.006381464656442404,0.01803329586982727,0.4875619411468506
-0.00638184417039156,0.018034370616078377,0.4875909686088562
-0.006382708437740803,0.01803681068122387,0.48765698075294495
-0.006381967570632696,0.018034718930721283,0.4876003861427307
-0.006383000873029232,0.018037639558315277,0.4876793622970581
-0.0063827321864664555,0.01803687959909439,0.487658828496933
-0.006383998319506645,0.018040457740426064,0.48775556683540344
-0.0063843256793916225,0.01804138347506523,0.4877805709838867
-0.0063817608170211315,0.018034134060144424,0.48758459091186523
-0.006381485145539045,0.018033355474472046,0.48756352066993713
-0.006381602957844734,0.018033688887953758,0.4875725209712982
-0.006382205057889223,0.01893642544746399,0.48761850595474243
-0.006382626947015524,0.018036581575870514,0.4876507520675659
-0.0063833314925432205,0.018038572743535042,0.4877045750617981
-0.006385051645338535,0.018043434247374535,0.48783600330352783
-0.006387388799339533,0.018050039187073708,0.4880145788192749
-0.0063875699415802956,0.018050551414489746,0.4880284368991852
-0.006386126857250929,0.01804647222161293,0.4879181683063507
-0.006386336870491505,0.018047066405415535,0.4879342317581177
-0.006384755950421095,0.01804259791970253,0.48781341314315796
-0.006383542437106371,0.018039168789982796,0.48772069811820984
-0.006385006010532379,0.01804330386221409,0.48783251643180847
-0.006384961307048798,0.018944600597023964,0.4878290891647339
-0.006383566651493311,0.018039237707853317,0.48772257566452026
-0.006385721731930971,0.018045326694846153,0.4878872036933899
-0.0063888756558299065,0.018054239451885223,0.4881281554698944
-0.006386490073055029,0.018047498539090157,0.48794591426849365
-0.006388917565345764,0.018054360523819923,0.48813140392303467
-0.006386887282133102,0.018048619851469994,0.4879762530326843
-0.00638744980096817,0.018050212413072586,0.48801925778388977
-0.0063890391029417515,0.018054701387882233,0.48814064264297485
-0.006391469389200211,0.018061568960547447,0.4883263409137726
-0.006393228657543659,0.018066540360450745,0.4884607493877411
-0.006392036564648151,0.018063172698020935,0.4883696734905243
-0.00639170128852129,0.018062224611639977,0.4883440434932709
-0.006392615381628275,0.01806480810046196,0.48841390013694763
-0.006392967887222767,0.0180658046156168,0.4884408414363861
-0.006393532268702984,0.01806739903986454,0.4884839653968811
-0.006394139491021633,0.018069114536046982,0.48853036761283875
-0.006393231451511383,0.01806654967367649,0.4884609580039978
-0.006390751339495182,0.01896178163588047,0.48827147483825684
-0.006391437258571386,0.018061479553580284,0.4883238971233368
-0.0063915615901350975,0.01806182973086834,0.48833340406417847
-0.006393998861312866,0.018068715929985046,0.4885195791721344
-0.006390291731804609,0.018960418179631233,0.4882363975048065
-0.0063928584568202496,0.018065495416522026,0.48843249678611755
-0.006393720395863056,0.01806792989373207,0.488498330116272
-0.006391389295458794,0.01806134358048439,0.4883202314376831
-0.006390776950865984,0.018059613183140755,0.4882734417915344
-0.0063934619538486,0.01806720159947872,0.4884786009788513
-0.0063946484588086605,0.018070552498102188,0.4885692298412323
-0.006393548101186752,0.018067441880702972,0.4884851574897766
-0.006395080126821995,0.018974626436829567,0.4886022210121155
-0.006393261253833771,0.018066633492708206,0.48846325278282166
-0.0063906325958669186,0.018059203401207924,0.488262414932251
-0.006389046553522348,0.018054721876978874,0.4881412088871002
-0.006385852582752705,0.01804569736123085,0.48789718747138977
-0.006384334992617369,0.01804140955209732,0.48778125643730164
-0.006383084692060947,0.01803787611424923,0.4876857399940491
-0.006382890976965427,0.018037328496575356,0.4876709282398224
-0.006383229978382587,0.01803828589618206,0.4876968562602997
-0.006383215077221394,0.018038244917988777,0.48769569396972656
-0.006385376211255789,0.018044350668787956,0.4878607988357544
-0.006384588312357664,0.018042124807834625,0.48780062794685364
-0.006381720304489136,0.01803402043879032,0.4875814914703369
-0.006382187828421593,0.018035339191555977,0.4876171946525574
-0.006383180618286133,0.018038148060441017,0.48769307136535645
-0.006386475637555122,0.018047457560896873,0.4879448115825653
-0.006390016060322523,0.018057461827993393,0.48821529746055603
-0.0063936240039765835,0.018067657947540283,0.4884909391403198
-0.006392485462129116,0.01806444115936756,0.48840397596359253
-0.006393553223460913,0.018067458644509315,0.48848557472229004
-0.00639566732570529,0.01807343401014805,0.48864710330963135
-0.00639581261202693,0.01807384379208088,0.4886581599712372
-0.006394450552761555,0.01806999370455742,0.48855412006378174
-0.006394371390342712,0.01806977018713951,0.48854807019233704
-0.006394071038812399,0.018068920820951462,0.4885251224040985
-0.0063933380879461765,0.018066849559545517,0.48846909403800964
-0.0063942368142306805,0.018069392070174217,0.48853781819343567
-0.006393991876393557,0.018068699166178703,0.4885191023349762
-0.006395171396434307,0.018072031438350677,0.4886091947555542
-0.006392166018486023,0.018063537776470184,0.488379567861557
-0.006390390917658806,0.018058521673083305,0.488243967294693
-0.006390778347849846,0.018059616908431053,0.4882735311985016
-0.006391216069459915,0.018060853704810143,0.48830699920654297
-0.006389222573488951,0.01805521920323372,0.48815467953681946
-0.006386945024132729,0.018048783764243126,0.4879806637763977
-0.006384328473359346,0.01804138906300068,0.48778074979782104
-0.006386119406670332,0.01804645173251629,0.48791760206222534
-0.00638235779479146,0.018035821616649628,0.4876301884651184
-0.00638163136318326,0.018033768981695175,0.4875746965408325
-0.006384104024618864,0.01804075576364994,0.4877636134624481
-0.0063835023902356625,0.018039057031273842,0.4877176582813263
-0.006381870713084936,0.018034445121884346,0.4875929653644562
-0.006381922867149115,0.018034592270851135,0.4875969886779785
-0.006382943596690893,0.018037475645542145,0.4876749515533447
-0.006385815795511007,0.018045593053102493,0.4878943860530853
-0.0063869524747133255,0.018048806115984917,0.48798123002052307
-0.006390055641531944,0.018057573586702347,0.4882183372974396
-0.006391990464180708,0.01806304231286049,0.48836615681648254
-0.006392092444002628,0.01806332916021347,0.48837393522262573
-0.006391270086169243,0.01806100644171238,0.48831111192703247
-0.006392252631485462,0.018063783645629883,0.48838621377944946
-0.006392831448465586,0.01806541718542576,0.4884304106235504
-0.0063963402062654495,0.018075333908200264,0.48869848251342773
-0.006394739728420973,0.018070809543132782,0.488576203584671
-0.006394184194505215,0.01806924119591713,0.48853376507759094
-0.006393862422555685,0.018068332225084305,0.4885092079639435
-0.006396391429007053,0.018075479194521904,0.4887024164199829
-0.006391863338649273,0.018062682822346687,0.48835644125938416
-0.006393324118107557,0.018066810443997383,0.4884680509567261
-0.006394766736775637,0.01807088777422905,0.48857825994491577
-0.006392907351255417,0.01806563325226307,0.488436222076416
-0.006391899660229683,0.018062787130475044,0.4883592426776886
-0.006390862166881561,0.018059853464365005,0.48827993869781494
-0.006388546898961067,0.018053311854600906,0.48810306191444397
-0.006387769710272551,0.018051113933324814,0.4880436658859253
-0.00638830428943038,0.01805262640118599,0.4880845248699188
-0.006389216054230928,0.018055202439427376,0.48815417289733887
-0.006387594621628523,0.018050620332360268,0.4880303144454956
-0.0063864015974104404,0.01804724894464016,0.48793914914131165
-0.006381547544151545,0.018033532425761223,0.48756831884384155
-0.006380273494869471,0.01802993193268776,0.48747095465660095
-0.0063809584826231,0.01803186722099781,0.48752328753471375
-0.0063803293742239475,0.018030088394880295,0.4874752163887024
-0.006383649539202452,0.01803947240114212,0.48772889375686646
-0.006382302846759558,0.01803566701710224,0.48762598633766174
-0.006380265112966299,0.01802990958094597,0.4874703288078308
-0.006379588507115841,0.01802799478173256,0.48741862177848816
-0.006382642779499292,0.018036626279354095,0.4876519739627838
-0.00638617342337966,0.018046604469418526,0.48792171478271484
-0.006386685185134411,0.01804804988205433,0.4879608154296875
-0.006386562250554562,0.018047701567411423,0.4879514276981354
-0.006387069821357727,0.01804913580417633,0.48799020051956177
-0.006389062851667404,0.018054768443107605,0.4881424605846405
-0.006391436792910099,0.018061477690935135,0.4883238673210144
-0.006391779985278845,0.018062448129057884,0.4883500933647156
-0.006392840761691332,0.018065445125102997,0.4884311258792877
-0.006392037961632013,0.018063176423311234,0.48836976289749146
-0.00639002863317728,0.018057499080896378,0.48821625113487244
-0.00638986099511385,0.018057024106383324,0.4882034659385681
-0.0063916705548763275,0.018062138929963112,0.48834171891212463
-0.0063929203897714615,0.018065670505166054,0.4884372055530548
-0.006393975578248501,0.018068650737404823,0.4885178208351135
-0.006394605617970228,0.018070433288812637,0.48856598138809204
-0.0063927313312888145,0.018065135926008224,0.4884227514266968
-0.006391732022166252,0.01806231215596199,0.4883464276790619
-0.006391424685716629,0.0180614423006773,0.488322913646698
-0.006392721086740494,0.018065106123685837,0.4884219765663147
-0.006394184194505215,0.01806924119591713,0.48853376507759094
-0.00639222702011466,0.018063711002469063,0.4883842468261719
-0.006393651943653822,0.01806773617863655,0.4884931147098541
-0.006392811890691519,0.01806536316871643,0.48842892050743103
-0.006392922718077898,0.0180656760931015,0.48843738436698914
-0.006392126437276602,0.01806342601776123,0.48837652802467346
-0.006391697563230991,0.01806221343576908,0.4883437752723694
-0.006390294060111046,0.01805824786424637,0.48823654651641846
-0.006389443296939135,0.01805584318935871,0.4881715476512909
-0.006386373192071915,0.018047168850898743,0.48793697357177734
-0.006386620923876762,0.018047869205474854,0.4879559278488159
-0.006387821864336729,0.018051261082291603,0.48804765939712524
-0.006387233734130859,0.01804959960281849,0.488002747297287
-0.006385388318449259,0.01804438605904579,0.4878617525100708
-0.006381849758327007,0.01803438551723957,0.48759138584136963
-0.006379550788551569,0.018027888610959053,0.48741573095321655
-0.0063819242641329765,0.018034595996141434,0.4875970780849457
-0.006381832528859377,0.01803433708846569,0.48759007453918457
-0.006383456755429506,0.018038926646113396,0.48771414160728455
-0.006382177583873272,0.018035313114523888,0.4876164495944977
-0.006377403158694506,0.01802182011306286,0.4872516691684723
-0.006382352206856012,0.018035804852843285,0.487629771232605
-0.006385571323335171,0.01804490201175213,0.48787572979927063
-0.006385061424225569,0.01894490048289299,0.4878367781639099
-0.006388750858604908,0.01805388741195202,0.48811864852905273
-0.006388692185282707,0.018053721636533737,0.4881141483783722
-0.006387738976627588,0.01805102825164795,0.48804131150245667
-0.006388838402926922,0.018054135143756866,0.4881253242492676
-0.006393526680767536,0.018067384138703346,0.4884835481643677
-0.006395629607141018,0.018073325976729393,0.48864421248435974
-0.006396989803761244,0.018077168613672256,0.48874810338020325
-0.006397697143256664,0.01807916909456253,0.4888021647930145
-0.0063942004926502705,0.01806928776204586,0.4885350167751312
-0.006391975563019514,0.018062999472022057,0.4883650243282318
-0.006392606534063816,0.01806478388607502,0.4884132444858551
-0.006394162308424711,0.018069179728627205,0.48853209614753723
-0.006392827257514,0.018065407872200012,0.48843008279800415
-0.0063917674124240875,0.0180624108761549,0.4883491098880768
-0.006393034011125565,0.01806599088013172,0.48844587802886963
-0.006391548085957766,0.018061790615320206,0.4883323311805725
-0.006392397452145815,0.018064191564917564,0.4883972406387329
-0.006392145063728094,0.018063480034470558,0.48837798833847046
-0.006390008144080639,0.018057439476251602,0.4882147014141083
-0.0063851517625153065,0.01804371550679207,0.48784366250038147
-0.00638447655364871,0.018041810020804405,0.48779207468032837
-0.006384281907230616,0.018041258677840233,0.4877772033214569
-0.00638226605951786,0.018035562708973885,0.4876231849193573
-0.006383218802511692,0.018038252368569374,0.48769596219062805
-0.0063832104206085205,0.018038230016827583,0.4876953363418579
-0.006383270025253296,0.018038397654891014,0.48769986629486084
-0.006381459534168243,0.018033282831311226,0.48756158351898193
-0.0063796378672122955,0.01802813448011875,0.487422376871109
-0.006382804363965988,0.018037082627415657,0.4876643121242523
-0.006384263746440411,0.018041206523776054,0.4877758026123047
-0.006381192244589329,0.018032528460025787,0.487541139125824
-0.0063803791999816895,0.018931007012724876,0.487479031085968
-0.006381633225828409,0.018033772706985474,0.48757484555244446
-0.00638318108394742,0.018038148060441017,0.48769310116767883
-0.006382584106177092,0.018036460503935814,0.48764747381210327
-0.006383270490914583,0.018038401380181313,0.4876999258995056
-0.006382164545357227,0.018035273998975754,0.4876154363155365
-0.00638205511495471,0.01803496479988098,0.48760706186294556
-0.006381493527442217,0.018033377826213837,0.48756417632102966
-0.0063814134337008,0.01803315244615078,0.4875580370426178
-0.00638313964009285,0.018038030713796616,0.48768994212150574
-0.006382818799465895,0.01803712360560894,0.48766541481018066
-0.006383593659847975,0.018039312213659286,0.4877246022224426
-0.006384595762938261,0.018042145296931267,0.487801194190979
-0.0063833920285105705,0.018038742244243622,0.4877091944217682
-0.006379893980920315,0.018028859049081802,0.48744192719459534
-0.0063817184418439865,0.018034014850854874,0.48758137226104736
-0.006379835773259401,0.01802869513630867,0.48743751645088196
-0.006382375955581665,0.018035871908068657,0.48763158917427063
-0.006380867213010788,0.018031610175967216,0.487516313791275
-0.006381517741829157,0.018033446744084358,0.4875660240650177
-0.006381230428814888,0.018032634630799294,0.48754405975341797
-0.006382154766470194,0.018035247921943665,0.4876146912574768
-0.006381015293300152,0.018032027408480644,0.48752763867378235
-0.006381469778716564,0.018033312633633614,0.487562358379364
-0.006383161526173353,0.01803809218108654,0.48769161105155945
-0.006382578518241644,0.01803644560277462,0.48764705657958984
-0.006382460705935955,0.018036112189292908,0.48763805627822876
-0.006381896790117025,0.018034519627690315,0.48759496212005615
-0.006383621599525213,0.018039392307400703,0.48772677779197693
-0.006386635359376669,0.018047908321022987,0.4879570007324219
-0.006387263536453247,0.018049685284495354,0.48800501227378845
-0.006387842353433371,0.01805132068693638,0.4880492389202118
-0.006387313827872276,0.018049824982881546,0.4880088269710541
-0.006386286113411188,0.018046922981739044,0.4879303574562073
-0.006385985761880875,0.018046073615550995,0.48790737986564636
-0.006386454217135906,0.018047397956252098,0.487943172454834
-0.00638557318598032,0.018044907599687576,0.4878758490085602
-0.0063860188238322735,0.018046166747808456,0.4879099130630493
-0.006385025568306446,0.018043359741568565,0.48783400654792786
-0.0063842907547950745,0.018041282892227173,0.48777785897254944
-0.0063854302279651165,0.018044503405690193,0.4878649413585663
-0.006384795531630516,0.018042709678411484,0.4878164529800415
-0.006386060267686844,0.018046284094452858,0.4879130721092224
-0.0063867527060210705,0.0180482417345047,0.48796600103378296
-0.00638605048879981,0.01804625615477562,0.4879123270511627
-0.0063879708759486675,0.01805168390274048,0.48805907368659973
-0.006388678681105375,0.018053682520985603,0.488113135099411
-0.00638967240229249,0.018056491389870644,0.48818907141685486
-0.006392858922481537,0.018065497279167175,0.48843252658843994
-0.006392448674887419,0.018064336851239204,0.4884011745452881
-0.006391746923327446,0.018062354996800423,0.4883475601673126
-0.006391710136085749,0.018062248826026917,0.4883447289466858
-0.0063942912966012955,0.018069544807076454,0.48854196071624756
-0.006393614690750837,0.018067631870508194,0.4884902536869049
-0.006393108982592821,0.018066201359033585,0.48845160007476807
-0.006392211653292179,0.01806366629898548,0.48838305473327637
-0.006392462179064751,0.01806437410414219,0.48840218782424927
-0.0063957637175917625,0.018073704093694687,0.4886544346809387
-0.006396802607923746,0.018076639622449875,0.48873379826545715
-0.006395856384187937,0.01807396672666073,0.488661527633667
-0.006396996323019266,0.01807718724012375,0.48874861001968384
-0.006395529955625534,0.01807304471731186,0.4886365830898285
-0.006392313167452812,0.018063953146338463,0.48839080333709717
-0.006389376241713762,0.01805565506219864,0.4881664216518402
-0.006388705223798752,0.018053758889436722,0.4881151616573334
-0.0063866726122796535,0.018949680030345917,0.4879598617553711
-0.006389932241290808,0.01805722713470459,0.48820891976356506
-0.006387134548276663,0.018049320206046104,0.4879951477050781
-0.006389832589775324,0.018056944012641907,0.4882012605667114
-0.00638850312680006,0.018053187057375908,0.48809972405433655
-0.006385818589478731,0.01804560050368309,0.48789459466934204
-0.006385454908013344,0.018044572323560715,0.4878668189048767
-0.006384093780070543,0.018040725961327553,0.48776280879974365
-0.00638424651697278,0.018041158095002174,0.48777449131011963
-0.006383812986314297,0.01803993433713913,0.4877413809299469
-0.006379584316164255,0.018027983605861664,0.4874182641506195
-0.006380924955010414,0.0180317722260952,0.4875207245349884
-0.006382918916642666,0.018037406727671623,0.4876730740070343
-0.006384881213307381,0.018042953684926033,0.4878230094909668
-0.006383868400007486,0.018040088936686516,0.48774561285972595
-0.0063821012154221535,0.018035095185041428,0.4876105785369873
-0.006380816455930471,0.018031464889645576,0.4875124394893646
-0.006381448358297348,0.01803324930369854,0.4875606894493103
-0.006383940111845732,0.018040291965007782,0.4877510666847229
-0.00638562673702836,0.018045058473944664,0.4878799617290497
-0.006385758984833956,0.01804543286561966,0.4878900647163391
-0.0063895913772284985,0.018056262284517288,0.4881828725337982
-0.006392350420355797,0.01806405931711197,0.4883936643600464
-0.006389804184436798,0.01805686391890049,0.4881991147994995
-0.006391630042344332,0.01806202344596386,0.4883386194705963
-0.006394892930984497,0.018071243539452553,0.4885879158973694
-0.006394274532794952,0.018069498240947723,0.4885406792163849
-0.0063930400647223,0.018066007643938065,0.48844635486602783
-0.006391789764165878,0.018062474206089973,0.48835083842277527
-0.006391487084329128,0.018061619251966476,0.4883277118206024
-0.0063915494829416275,0.018061796203255653,0.48833248019218445
-0.0063912514597177505,0.018060952425003052,0.48830968141555786
-0.006390768568962812,0.018059590831398964,0.4882728159427643
-0.006389977876096964,0.018057353794574738,0.48821237683296204
-0.006385630462318659,0.018946588039398193,0.48788022994995117
-0.006386612541973591,0.018047846853733063,0.4879553020000458
-0.006390711292624474,0.01805942878127098,0.4882684350013733
-0.00638640858232975,0.0180472694337368,0.4879396855831146
-0.0063845147378742695,0.01804191619157791,0.48779499530792236
-0.006380910519510508,0.018031731247901917,0.48751962184906006
-0.006382664665579796,0.018937788903713226,0.4876536428928375
-0.0063853575848042965,0.018044298514723778,0.4878593981266022
-0.006384484935551882,0.018041832372546196,0.4877927005290985
-0.006382468622177839,0.0180361345410347,0.4876386523246765
-0.0063832295127213,0.018038282170891762,0.4876967668533325
-0.006386479828506708,0.01804746873676777,0.4879451394081116
-0.006390359718352556,0.01805843412876129,0.4882415533065796
-0.00639354158192873,0.01806742511689663,0.488484650850296
-0.006394027266651392,0.018068797886371613,0.4885217845439911
-0.00639110803604126,0.01806054823100567,0.4882987439632416
-0.006392732262611389,0.018065137788653374,0.48842281103134155
-0.0063934167847037315,0.018067073076963425,0.48847511410713196
-0.006393649149686098,0.018067730590701103,0.4884929060935974
-0.0063885776326060295,0.01805339753627777,0.4881054162979126
-0.006386928725987673,0.018048739060759544,0.4879794120788574
-0.006385274697095156,0.018044065684080124,0.487853080034256
-0.006385852582752705,0.01804569736123085,0.48789721727371216
-0.006382844876497984,0.01803719811141491,0.48766741156578064
-0.006380292121320963,0.018029984086751938,0.48747238516807556
-0.006382837425917387,0.01803717575967312,0.4876668453216553
-0.006381170358508825,0.018032463267445564,0.4875394403934479
-0.00638313964009285,0.018038028851151466,0.48768991231918335
-0.0063870614394545555,0.01804911158978939,0.48798954486846924
-0.0063909194432199,0.01806001551449299,0.48828431963920593
-0.006391610950231552,0.018061969429254532,0.4883371591567993
-0.006392898969352245,0.01806560903787613,0.4884355962276459
-0.006393167655915022,0.018066368997097015,0.4884561002254486
-0.006391085218638182,0.018060484901070595,0.4882970154285431
-0.006389010231941938,0.018054621294140816,0.48813846707344055
-0.006388852838426828,0.018956150859594345,0.4881264567375183
-0.006389647256582975,0.018056420609354973,0.48818713426589966
-0.006386959459632635,0.01804882474243641,0.48798176646232605
-0.006383773870766163,0.018039820715785027,0.48773837089538574
-0.006385192275047302,0.01804383099079132,0.4878467619419098
-0.006383918225765228,0.018040232360363007,0.4877494275569916
-0.006384048145264387,0.018040599301457405,0.4877593517303467
-0.006388205569237471,0.018052347004413605,0.48807698488235474
-0.006392526440322399,0.018064556643366814,0.48840710520744324
-0.006392629351466894,0.018064847216010094,0.4884149730205536
-0.006391492672264576,0.01806163601577282,0.48832812905311584
-0.006394875235855579,0.018071195110678673,0.48858657479286194
-0.006395463366061449,0.018072856590151787,0.4886315166950226
-0.006390053313225508,0.0180575679987669,0.48821818828582764
-0.006387476809322834,0.018050285056233406,0.48802128434181213
-0.006388402543962002,0.018052902072668076,0.4880920350551605
-0.006386701948940754,0.01804809644818306,0.48796209692955017
-0.006384453270584345,0.018041742965579033,0.4877902865409851
-0.006382528692483902,0.01803630404174328,0.4876432716846466
-0.006381071638315916,0.018032187595963478,0.4875319302082062
-0.006383598316460848,0.01803932711482048,0.48772498965263367
-0.0063872872851789,0.018049752339720726,0.4880068302154541
-0.006391975097358227,0.018062997609376907,0.4883649945259094
-0.006392606068402529,0.01806478202342987,0.4884131848812103
-0.006393630988895893,0.018067678436636925,0.4884915053844452
-0.0063938177190721035,0.018068205565214157,0.4885057508945465
-0.006394639611244202,0.018070528283715248,0.48856857419013977
-0.006391335278749466,0.018061190843582153,0.4883160889148712
-0.006389825604856014,0.018959036096930504,0.48820075392723083
-0.006389873567968607,0.01805706135928631,0.4882044494152069
-0.0063855405896902084,0.018946321681141853,0.4878733456134796
-0.0063842907547950745,0.018041282892227173,0.48777785897254944
-0.006382388528436422,0.01803590916097164,0.4876325726509094
-0.006384086795151234,0.01804070547223091,0.4877622723579407
-0.006383491214364767,0.018039025366306305,0.48771679401397705
-0.006385078653693199,0.018043510615825653,0.48783808946609497
-0.006389114074409008,0.018054915592074394,0.48814642429351807
-0.006391413509845734,0.018061412498354912,0.48832207918167114
-0.006393313407897949,0.018066782504320145,0.4884672462940216
-0.006395051721483469,0.018071692436933517,0.4886000454425812
-0.006391627714037895,0.018062015995383263,0.488338440656662
-0.006389737129211426,0.018056673929095268,0.48819398880004883
-0.006389689166098833,0.018056537955999374,0.48819032311439514
-0.006387488450855017,0.01805032044649124,0.48802220821380615
-0.006382688879966736,0.01803675666451454,0.48765549063682556
-0.00638567004352808,0.018045181408524513,0.4878832697868347
-0.0063850306905806065,0.01804337464272976,0.4878344237804413
-0.006383712403476238,0.018039649352431297,0.4877336919307709
-0.006387706845998764,0.018050935119390488,0.4880388677120209
-0.0063926344737410545,0.018064862117171288,0.48841536045074463
-0.0063947332091629505,0.01807079277932644,0.48857569694519043
-0.006391886621713638,0.01806274801492691,0.4883582293987274
-0.006395696196705103,0.018073514103889465,0.48864927887916565
-0.00639635045081377,0.01807536371052265,0.4886992871761322
-0.006394135765731335,0.018069105222821236,0.48853006958961487
-0.0063925799913704395,0.01806470938026905,0.48841121792793274
-0.006389829330146313,0.01805693656206131,0.4882010519504547
-0.006390820257365704,0.018059734255075455,0.48827674984931946
-0.00638720765709877,0.01804952509701252,0.4880007207393646
-0.006385922431945801,0.01804589480161667,0.48790255188941956
-0.006381428800523281,0.018033195286989212,0.4875591993331909
-0.006382028106600046,0.018034888431429863,0.4876049757003784
-0.006381310522556305,0.0180328618735075,0.48755019903182983
-0.0063806576654314995,0.01803101785480976,0.48750030994415283
-0.006379289086908102,0.01802714914083481,0.4873957335948944
-0.006382548715919256,0.018036359921097755,0.487644761800766
-0.006386874243617058,0.018048584461212158,0.48797526955604553
-0.006392138544470072,0.018063461408019066,0.48837748169898987
-0.006396216340363026,0.018074985593557358,0.48868903517723083
-0.006395789794623852,0.018073778599500656,0.4886564314365387
-0.006394432857632637,0.01806994341313839,0.4885527491569519
-0.006395577918738127,0.018073180690407753,0.48864027857780457
-0.006395966280251741,0.01807427778840065,0.4886699318885803
-0.006392363924533129,0.018064096570014954,0.48839467763900757
-0.006391494069248438,0.018061639741063118,0.4883282482624054
-0.006392729002982378,0.018967648968100548,0.48842257261276245
-0.006394505500793457,0.018070148304104805,0.488558292388916
-0.00639144703745842,0.018061505630612373,0.4883246421813965
-0.006389607209712267,0.01805630698800087,0.4881840646266937
-0.006386992987245321,0.01804891973733902,0.4879843294620514
-0.006380751729011536,0.0180312842130661,0.48750749230384827
-0.006381099112331867,0.018032265827059746,0.4875340461730957
-0.006380661856383085,0.018031027168035507,0.4875006079673767
-0.006379375699907541,0.018027395009994507,0.4874023497104645
-0.006380925886332989,0.018031775951385498,0.48752081394195557
-0.006381398998200893,0.018033111467957497,0.48755693435668945
-0.0063852169550955296,0.01804390177130699,0.4878486692905426
-0.00638872105628252,0.018053803592920303,0.48811638355255127
-0.006392219103872776,0.018063688650727272,0.4883836507797241
-0.0063933320343494415,0.018066834658384323,0.4884686768054962
-0.0063968319445848465,0.01807672344148159,0.4887360632419586
-0.006397283170372248,0.018077997490763664,0.4887705445289612
-0.006394720636308193,0.018070757389068604,0.4885747730731964
-0.006394138094037771,0.018069108948111534,0.4885302186012268
-0.006398037541657686,0.018080130219459534,0.488828182220459
-0.006399022415280342,0.018082913011312485,0.4889034032821655
-0.006394894327968359,0.018071249127388,0.48858803510665894
-0.00639504287391901,0.018071666359901428,0.48859935998916626
-0.006390769965946674,0.018059592694044113,0.48827290534973145
-0.006389364134520292,0.018055619671940804,0.4881654977798462
-0.006386963184922934,0.018048835918307304,0.48798203468322754
-0.006383918691426516,0.01894151046872139,0.48774945735931396
-0.006380928680300713,0.018031783401966095,0.4875210225582123
-0.006382223684340715,0.018035441637039185,0.48761993646621704
-0.006381696555763483,0.01803395338356495,0.48757967352867126
-0.006384513806551695,0.018041914328932762,0.4877949357032776
-0.006380965933203697,0.018031887710094452,0.4875238537788391
-0.006380778271704912,0.01803135685622692,0.48750948905944824
-0.0063783531077206135,0.0180245041847229,0.48732423782348633
-0.006380189675837755,0.018029693514108658,0.4874645173549652
-0.00638266745954752,0.018036697059869766,0.48765385150909424
-0.0063873520120978355,0.01804993487894535,0.48801177740097046
-0.00638961186632514,0.018056320026516914,0.4881844222545624
-0.006395100150257349,0.01807182841002941,0.48860374093055725
-0.006395652890205383,0.018073391169309616,0.4886459708213806
-0.006392844952642918,0.018065456300973892,0.4884314239025116
-0.0063973162323236465,0.018078092485666275,0.48877304792404175
-0.006398283410817385,0.018080824986100197,0.48884695768356323
-0.0063960799016058445,0.018074598163366318,0.48867860436439514
-0.0063991183415055275,0.018083184957504272,0.4889107644557953
-0.006396224722266197,0.01807500794529915,0.48868969082832336
-0.006394966039806604,0.018071452155709267,0.48859351873397827
-0.006396381184458733,0.018075449392199516,0.48870164155960083
-0.006400044541805983,0.018085801973938942,0.4889815151691437
-0.0063991970382630825,0.01808340847492218,0.4889167845249176
-0.006399500649422407,0.018084265291690826,0.48893997073173523
-0.006396549288183451,0.01807592436671257,0.48871445655822754
-0.006396861281245947,0.018076807260513306,0.4887383282184601
-0.006395113654434681,0.018071867525577545,0.4886047840118408
-0.0063939341343939304,0.018068533390760422,0.48851463198661804
-0.006395261734724045,0.018072286620736122,0.48861610889434814
-0.006395035423338413,0.018071647733449936,0.4885987937450409
-0.006392584647983313,0.018064720556139946,0.488411545753479
-0.006393540184944868,0.01806742139160633,0.48848456144332886
-0.006392336450517178,0.018064020201563835,0.48839259147644043
-0.006394784897565842,0.018070939928293228,0.4885796904563904
-0.006394614931195974,0.018070459365844727,0.48856669664382935
-0.006395495496690273,0.01897585764527321,0.4886339604854584
-0.00639482494443655,0.018071051687002182,0.48858270049095154
-0.006395973265171051,0.01807429827749729,0.4886704683303833
-0.006392827257514,0.018065407872200012,0.48843008279800415
-0.006387691479176283,0.01895270310342312,0.48803767561912537
-0.006390122231096029,0.01805776357650757,0.48822343349456787
-0.006388672161847353,0.018955612555146217,0.4881126284599304
-0.006387385074049234,0.018050026148557663,0.488014280796051
-0.006384779699146748,0.018042664974927902,0.4878152310848236
-0.006383286789059639,0.018038446083664894,0.4877011775970459
-0.006382068619132042,0.018035003915429115,0.48760807514190674
-0.006380773615092039,0.018031345680356026,0.487509161233902
-0.006381646730005741,0.018033811822533607,0.487575888633728
-0.00638442812487483,0.018041672185063362,0.4877883791923523
-0.006382760591804981,0.01893807388842106,0.4876609742641449
-0.006384418345987797,0.018041644245386124,0.4877876341342926
-0.006384115666151047,0.018040789291262627,0.48776450753211975
-0.006382973399013281,0.01803756132721901,0.4876772165298462
-0.006382871884852648,0.018037274479866028,0.4876694977283478
-0.006380751263350248,0.01893211156129837,0.4875074326992035
-0.006380648817867041,0.018030991777777672,0.4874996244907379
-0.006382964085787535,0.01803753525018692,0.4876765310764313
-0.006386514753103256,0.018047569319605827,0.48794782161712646
-0.0063871885649859905,0.01804947294294834,0.48799929022789
-0.006384626496583223,0.01804223284125328,0.48780351877212524
-0.00638248585164547,0.018036184832453728,0.48763999342918396
-0.006381961517035961,0.01803470030426979,0.4875999093055725
-0.006381248589605093,0.018032686784863472,0.4875454306602478
-0.006381961517035961,0.01803470030426979,0.4875999093055725
-0.006382741499692202,0.01803690567612648,0.4876595139503479
-0.0063863471150398254,0.018047096207737923,0.48793500661849976
-0.0063882688991725445,0.01805252581834793,0.48808181285858154
-0.00639297952875495,0.018065836280584335,0.48844173550605774
-0.006396652664989233,0.018076216802001,0.4887223541736603
-0.006398783531039953,0.018082238733768463,0.48888516426086426
-0.006396766752004623,0.018076539039611816,0.4887310862541199
-0.006398431956768036,0.018081244081258774,0.48885831236839294
-0.0063980999402701855,0.01808030717074871,0.48883292078971863
-0.006397326476871967,0.018078122287988663,0.4887738525867462
-0.006396286189556122,0.018075181171298027,0.48869433999061584
-0.006397221703082323,0.018077826127409935,0.4887658357620239
-0.006398992147296667,0.01808282919228077,0.4889011085033417
-0.006397133227437735,0.018980717286467552,0.4887590706348419
-0.0063935075886547565,0.018969960510730743,0.4884820580482483
-0.006395354866981506,0.018072549253702164,0.4886232018470764
-0.006394530646502972,0.01897299662232399,0.4885602295398712
-0.006394620984792709,0.01807047612965107,0.4885671138763428
-0.00639026565477252,0.01805816777050495,0.48823437094688416
-0.006385034881532192,0.018043385818600655,0.48783472180366516
-0.006384159903973341,0.018040914088487625,0.48776787519454956
-0.0063853273168206215,0.018044212833046913,0.48785707354545593
-0.006384619046002626,0.01804221235215664,0.48780298233032227
-0.006383049301803112,0.01803777366876602,0.4876829981803894
-0.006384697277098894,0.01804243214428425,0.4878089427947998
-0.006394953932613134,0.01807141676545143,0.48859256505966187
-0.006395971402525902,0.018074292689561844,0.48867031931877136
-0.006394748575985432,0.01807083748281002,0.48857688903808594
-0.006394938100129366,0.01807137206196785,0.48859137296676636
-0.006395052652806044,0.018071694299578667,0.48860010504722595
-0.006395863834768534,0.01807398907840252,0.48866212368011475
-0.006396138574928045,0.01807476207613945,0.4886830747127533
-0.006392442621290684,0.01806432008743286,0.4884006977081299
-0.006387282162904739,0.018049735575914383,0.4880064129829407
-0.006386854685842991,0.01804852858185768,0.48797377943992615
-0.006387495901435614,0.018050342798233032,0.4880227744579315
-0.0063855890184640884,0.018044952303171158,0.4878770709037781
-0.006390777882188559,0.018059615045785904,0.4882735013961792
-0.006394482217729092,0.01807008497416973,0.48855653405189514
-0.006395001895725727,0.018071552738547325,0.48859623074531555
-0.006394427269697189,0.018069926649332047,0.4885523319244385
-0.006396767217665911,0.0189796332269907,0.48873111605644226
-0.00639336695894599,0.018066931515932083,0.4884713292121887
-0.0063934363424777985,0.0180671289563179,0.48847663402557373
-0.006393296178430319,0.018969332799315453,0.48846590518951416
-0.0063864062540233135,0.018047261983156204,0.4879395067691803
-0.006384986452758312,0.01804324984550476,0.4878310561180115
-0.006383256986737251,0.01803836226463318,0.48769891262054443
-0.006383989471942186,0.018040431663393974,0.48775485157966614
-0.006385812070220709,0.018045581877231598,0.48789408802986145
-0.006393209099769592,0.018066488206386566,0.4884592890739441
-0.006391627714037895,0.018062015995383263,0.488338440656662
-0.006393606308847666,0.018067607656121254,0.4884895980358124
-0.006394246127456427,0.018069416284561157,0.4885385036468506
-0.00639529200270772,0.018975256010890007,0.4886184334754944
-0.006396795157343149,0.018076620995998383,0.4887332618236542
-0.006395694334059954,0.018073510378599167,0.4886491596698761
-0.006392582785338163,0.018967216834425926,0.48841139674186707
-0.006389454007148743,0.0180558729916811,0.48817235231399536
-0.006384429056197405,0.01804167404770851,0.48778843879699707
-0.0063844104297459126,0.018041620030999184,0.48778700828552246
-0.006386138964444399,0.018046507611870766,0.4879190921783447
-0.006385022774338722,0.01804335042834282,0.48783379793167114
-0.006389258895069361,0.018055321648716927,0.4881574511528015
-0.0063937269151210785,0.018067950382828712,0.48849883675575256
-0.006395593285560608,0.018073223531246185,0.4886414110660553
-0.006396183278411627,0.018074890598654747,0.4886865019798279
-0.006397411692887545,0.018078360706567764,0.48878034949302673
-0.006397921591997147,0.01807980239391327,0.48881930112838745
-0.006394323892891407,0.018069636076688766,0.48854443430900574
-0.006396946031600237,0.018077045679092407,0.4887447655200958
-0.006392966024577618,0.01806579902768135,0.48844069242477417
-0.006387894041836262,0.01895330473780632,0.48805317282676697
-0.006387707777321339,0.018050938844680786,0.48803892731666565
-0.006383460480719805,0.018038935959339142,0.4877144396305084
-0.00638433825224638,0.018041418865323067,0.48778149485588074
-0.006382741965353489,0.01803690753877163,0.4876595437526703
-0.006386512890458107,0.01804756373167038,0.48794764280319214
-0.006393414922058582,0.018067067489027977,0.4884749948978424
-0.006395470816642046,0.01807287707924843,0.48863208293914795
-0.006392504088580608,0.01806449331343174,0.48840537667274475
-0.00639831367880106,0.018080908805131912,0.4888492524623871
-0.006393530871719122,0.01806739531457424,0.48848384618759155
-0.006394647061824799,0.01807054877281189,0.48856914043426514
-0.006394966039806604,0.018071452155709267,0.48859351873397827
-0.006387853063642979,0.018051350489258766,0.48805004358291626
-0.006385626271367073,0.018045058473944664,0.4878799319267273
-0.006386185996234417,0.01804663985967636,0.48792266845703125
-0.00638500414788723,0.01804330013692379,0.4878323972225189
-0.006384477484971285,0.018041811883449554,0.48779213428497314
-0.006387699861079454,0.018050918355584145,0.4880383610725403
-0.006395475938916206,0.018072891980409622,0.4886324405670166
-0.006394803989678621,0.018070993945002556,0.488581120967865
-0.006395368836820126,0.018072588369250298,0.4886242747306824
-0.00639628991484642,0.018075192347168922,0.4886946678161621
-0.006396185141056776,0.018074896186590195,0.4886866509914398
-0.006395573727786541,0.018976090475916862,0.4886399209499359
-0.006395694799721241,0.018976449966430664,0.4886491894721985
-0.006393617484718561,0.01806763932108879,0.4884904623031616
-0.006386544089764357,0.018047651275992393,0.48795002698898315
-0.006386089604347944,0.018046367913484573,0.4879153370857239
-0.0063825747929513454,0.018036434426903725,0.48764675855636597
-0.0063840546645224094,0.018040616065263748,0.4877598285675049
-0.00638215895742178,0.01803525909781456,0.4876149892807007
-0.006385099142789841,0.01804356835782528,0.48783963918685913
-0.006392286624759436,0.018063878640532494,0.4883888065814972
-0.006395326461642981,0.018072471022605896,0.4886210560798645
-0.0063947816379368305,0.018070928752422333,0.4885793924331665
-0.0063938540406525135,0.018068309873342514,0.48850855231285095
-0.006396573036909103,0.018075991421937943,0.4887162744998932
-0.006395959760993719,0.01897723600268364,0.48866942524909973
-0.006395412143319845,0.018072711303830147,0.4886275827884674
-0.006388711743056774,0.01895572990179062,0.4881156384944916
-0.006384073756635189,0.018040670081973076,0.48776131868362427
-0.006383910775184631,0.018040210008621216,0.4877488613128662
-0.006383380386978388,0.018038710579276085,0.48770833015441895
-0.006382561754435301,0.01803639717400074,0.4876457750797272
-0.006385690066963434,0.01804523915052414,0.4878847897052765
-0.006390606984496117,0.018059132620692253,0.4882604479789734
-0.006392245646566153,0.01806376315653324,0.4883856475353241
-0.006395356729626656,0.01807255670428276,0.48862338066101074
-0.006394579075276852,0.01807035692036152,0.4885639250278473
-0.006395677570253611,0.018073461949825287,0.4886478781700134
-0.00639232387766242,0.01806398294866085,0.48839160799980164
-0.0054897768422961235,0.018063711002469063,0.4883842468261719
-0.006395462900400162,0.018072856590151787,0.4886314868927002
-0.006386771332472563,0.018048293888568878,0.4879674017429352
-0.006385729648172855,0.018045349046587944,0.48788779973983765
-0.006382316816598177,0.018035704270005226,0.4876270592212677
-0.006382833234965801,0.018037164583802223,0.487666517496109
-0.006383033469319344,0.01803773082792759,0.4876818358898163
-0.00638819532468915,0.018052317202091217,0.48807618021965027
-0.006391638424247503,0.01806204579770565,0.48833924531936646
-0.006394569296389818,0.01807032898068428,0.4885631799697876
-0.006395858246833086,0.018073972314596176,0.48866167664527893
-0.006394579075276852,0.01807035692036152,0.4885639250278473
-0.00639719283208251,0.01807774230837822,0.48876363039016724
-0.006395070347934961,0.018071744590997696,0.4886014461517334
-0.006392328068614006,0.018063997849822044,0.4883919656276703
-0.006392215844243765,0.018063679337501526,0.48838338255882263
-0.006392813753336668,0.018967902287840843,0.4884290397167206
-0.006391818635165691,0.01806255802512169,0.48835304379463196
-0.006385345011949539,0.018945740535855293,0.4878584146499634
-0.006383738946169615,0.018039723858237267,0.48773571848869324
-0.006383695639669895,0.018039602786302567,0.4877324402332306
-0.006382249295711517,0.018035516142845154,0.487621933221817
-0.006382145453244448,0.018035221844911575,0.4876139760017395
-0.006380723789334297,0.018031204119324684,0.48750534653663635
-0.006381507962942123,0.01803342066705227,0.487565279006958
-0.006380425300449133,0.018030360341072083,0.48748254776000977
-0.006380600389093161,0.018030855804681778,0.48749592900276184
-0.006384228356182575,0.018041107803583145,0.4877731204032898
-0.006386834662407637,0.018048472702503204,0.4879722595214844
-0.006388948764652014,0.018054446205496788,0.4881337583065033
-0.006392818409949541,0.018065381795167923,0.4884294271469116
-0.006392191629856825,0.018063612282276154,0.4883815348148346
-0.006395008414983749,0.018071569502353668,0.48859673738479614
-0.006394866853952408,0.018071170896291733,0.4885859489440918
-0.006395386531949043,0.018072638660669327,0.4886256158351898
-0.006396665703505278,0.018076254054903984,0.48872336745262146
-0.006394921336323023,0.01807132549583912,0.4885900914669037
-0.0063928584568202496,0.018065495416522026,0.48843249678611755
-0.006395602598786354,0.018073251470923424,0.488642156124115
-0.006399983540177345,0.018085630610585213,0.4889768660068512
-0.0063978335820138454,0.01807955466210842,0.4888125956058502
-0.006392979063093662,0.01896839402616024,0.48844170570373535
-0.006394457072019577,0.01807001233100891,0.48855459690093994
-0.006394166499376297,0.01806919276714325,0.4885324239730835
-0.006395482458174229,0.018072908744215965,0.4886329472064972
-0.006395408418029547,0.01807270012795925,0.4886273145675659
-0.006391801405698061,0.01806250587105751,0.4883517026901245
-0.006389246787875891,0.01805528812110424,0.4881565272808075
-0.006389971356838942,0.018057337030768394,0.48821187019348145
-0.006388423498719931,0.01805296167731285,0.48809364438056946
-0.0063848732970654964,0.018042929470539093,0.48782238364219666
-0.006380968261510134,0.01803189516067505,0.48752403259277344
-0.006382221821695566,0.018035437911748886,0.4876197874546051
-0.006384154781699181,0.01804089918732643,0.4877675175666809
-0.006382842548191547,0.018037190660834312,0.4876672327518463
-0.006380391772836447,0.018030265346169472,0.4874799847602844
-0.006379053462296724,0.018026482313871384,0.48737773299217224
-0.006380102131515741,0.01802944764494896,0.48745787143707275
-0.00637994846329093,0.01802901364862919,0.487446129322052
-0.0063821785151958466,0.018035314977169037,0.48761650919914246
-0.006383542437106371,0.018039168789982796,0.48772069811820984
-0.006385029759258032,0.01804337278008461,0.4878343641757965
-0.006389255169779062,0.01805531233549118,0.4881571829319
-0.006396763492375612,0.01807652972638607,0.48873084783554077
-0.006393421441316605,0.01806708611547947,0.488475501537323
-0.006394980475306511,0.0180714912712574,0.48859459161758423
-0.00639767711982131,0.018079109489917755,0.48880061507225037
-0.006397494114935398,0.018078593537211418,0.48878663778305054
-0.0063975960947573185,0.018078884109854698,0.4887944757938385
-0.006395630072802305,0.018073325976729393,0.48864424228668213
-0.00639590248465538,0.018074097111821175,0.48866504430770874
-0.006392486393451691,0.01806444302201271,0.4884040355682373
-0.006392709910869598,0.01806507632136345,0.48842114210128784
-0.006398104131221771,0.018080318346619606,0.4888332784175873
-0.006403468549251556,0.018095478415489197,0.48924311995506287
-0.0064021009020507336,0.018091613426804543,0.4891386330127716
-0.006401529535651207,0.01808999851346016,0.48909497261047363
-0.006400123704224825,0.01808602549135685,0.4889875650405884
-0.006399073638021946,0.018083058297634125,0.4889073371887207
-0.006396003067493439,0.018977364525198936,0.48867273330688477
-0.006395693402737379,0.018976446241140366,0.4886491000652313
-0.00639696791768074,0.01807710900902748,0.4887464642524719
-0.006399272475391626,0.018083618953824043,0.4889225363731384
-0.006400321144610643,0.01808658428490162,0.48900264501571655
-0.006400233134627342,0.018086332827806473,0.48899590969085693
-0.006401114631444216,0.018088825047016144,0.4890632629394531
-0.006402668543159962,0.01809321716427803,0.4891819953918457
-0.006402045022696257,0.018091456964612007,0.48913437128067017
-0.006402619648724794,0.018093077465891838,0.48917824029922485
-0.006401985418051481,0.018091287463903427,0.48912981152534485
-0.0064003667794167995,0.018086712807416916,0.4890061318874359
-0.006399012636393309,0.018082886934280396,0.4889026880264282
-0.0063966126181185246,0.018076101318001747,0.48871928453445435
-0.00639289990067482,0.018065612763166428,0.48843565583229065
-0.006393573712557554,0.01806751638650894,0.4884871244430542
-0.006394130643457174,0.018069090321660042,0.48852968215942383
-0.006392293609678745,0.018063899129629135,0.48838934302330017
-0.0063928160816431046,0.018065376207232475,0.4884292483329773
-0.00639251759275794,0.018064530566334724,0.4884064197540283
-0.006394971627742052,0.01807146519422531,0.4885939061641693
-0.006396230775862932,0.018075022846460342,0.4886901080608368
-0.006394762080162764,0.018070874735713005,0.4885779321193695
-0.006396587938070297,0.018076034262776375,0.4887174069881439
-0.00639952952042222,0.018084347248077393,0.4889421761035919
-0.006399866193532944,0.0180852971971035,0.4889678657054901
-0.006399482022970915,0.0180842112749815,0.48893851041793823
-0.006399131380021572,0.018083220347762108,0.4889117181301117
-0.006395463366061449,0.018072856590151787,0.4886315166950226
-0.00639634532853961,0.018075348809361458,0.4886988699436188
-0.0063956016674637794,0.018073247745633125,0.4886420965194702
-0.006393785588443279,0.018068114295601845,0.4885033071041107
-0.006394556257873774,0.018070291727781296,0.4885621964931488
-0.006391008384525776,0.018060266971588135,0.4882911145687103
-0.006390061229467392,0.01805759221315384,0.4882187843322754
-0.0063932291232049465,0.018066542223095894,0.4884607791900635
-0.00639314204454422,0.018066294491291046,0.488454133272171
-0.00639337720349431,0.01806696131825447,0.4884721040725708
-0.006394320633262396,0.01806962862610817,0.48854419589042664
-0.0063948738388717175,0.018071191385388374,0.4885864555835724
-0.006394363474100828,0.01806974783539772,0.4885474741458893
-0.0063950661569833755,0.0180717334151268,0.4886011481285095
-0.006396592129021883,0.01807604543864727,0.4887177348136902
-0.006397984456270933,0.018079979345202446,0.48882409930229187
-0.0063980016857385635,0.018080029636621475,0.4888254404067993
-0.006398829631507397,0.01808236911892891,0.488888680934906
-0.006395811680704355,0.01807384006679058,0.4886581003665924
-0.006396022625267506,0.018074436113238335,0.48867422342300415
-0.0063977353274822235,0.018079275265336037,0.4888050854206085
-0.006397096905857325,0.01807747222483158,0.48875629901885986
-0.006397548597306013,0.018981952220201492,0.4887908399105072
-0.006395625416189432,0.0189762432128191,0.4886438548564911
-0.006394213531166315,0.018069325014948845,0.4885360300540924
-0.006394290365278721,0.018069541081786156,0.4885418713092804
-0.006395229138433933,0.01807219348847866,0.4886136054992676
-0.0063964067958295345,0.018075522035360336,0.48870357871055603
-0.006393935065716505,0.01806853897869587,0.4885147511959076
-0.0063957818783819675,0.018073756247758865,0.48865586519241333
-0.006392695941030979,0.018065035343170166,0.4884200692176819
-0.006392626091837883,0.018064837902784348,0.4884147047996521
-0.006385408341884613,0.018945930525660515,0.4878632724285126
-0.006380918435752392,0.018031753599643707,0.4875202476978302
-0.006383115891367197,0.018037963658571243,0.4876881241798401
-0.006383436266332865,0.01803886890411377,0.4877125918865204
-0.006381611805409193,0.018934663385152817,0.48757320642471313
-0.006381848361343145,0.01803438365459442,0.48759129643440247
-0.006385586690157652,0.01804494671523571,0.48787689208984375
-0.006385240238159895,0.018043966963887215,0.4878504276275635
-0.006385046057403088,0.01804341748356819,0.4878355860710144
-0.006385527551174164,0.01804477907717228,0.4878723919391632
-0.00638745678588748,0.01805023103952408,0.48801976442337036
-0.006385889835655689,0.018045801669359207,0.487900048494339
-0.006390074267983437,0.018057627603411674,0.4882197678089142
-0.006392271723598242,0.01806383766233921,0.4883876442909241
-0.006394585594534874,0.01807037554681301,0.4885644316673279
-0.00639543728902936,0.018072782084345818,0.4886294901371002
-0.00639327010139823,0.018066657707095146,0.4884639382362366
-0.006395150441676378,0.018071971833705902,0.48860758543014526
-0.006396525073796511,0.018075857311487198,0.4887126386165619
-0.006395733915269375,0.01807362027466297,0.48865216970443726
-0.006394999101758003,0.01807154342532158,0.48859602212905884
-0.006396058015525341,0.018074536696076393,0.48867693543434143
-0.006398424506187439,0.01808122545480728,0.4888577461242676
-0.006400725804269314,0.018087727949023247,0.489033579826355
-0.0064004287123680115,0.018086887896060944,0.48901087045669556
-0.006401172373443842,0.018088988959789276,0.4890676736831665
-0.006400125566869974,0.018086031079292297,0.4889877140522003
-0.006399744190275669,0.018084952607750893,0.48895853757858276
-0.006395993288606405,0.01807435229420662,0.4886719584465027
-0.0063952733762562275,0.01807231828570366,0.4886169731616974
-0.00639480073004961,0.01807098463177681,0.4885808825492859
-0.006394798401743174,0.018070977181196213,0.48858070373535156
-0.006393284071236849,0.01806669868528843,0.48846501111984253
-0.0063943034037947655,0.01806957833468914,0.4885428845882416
-0.006394631695002317,0.018070505931973457,0.48856794834136963
-0.006393355783075094,0.018066901713609695,0.48847049474716187
-0.006395256146788597,0.01807227171957493,0.48861566185951233
-0.00639695767313242,0.018077079206705093,0.48874565958976746
-0.0063944929279387,0.018972884863615036,0.488557368516922
-0.006394391879439354,0.01897258311510086,0.4885496199131012
-0.006395268719643354,0.018975187093019485,0.4886166453361511
-0.0063949646428227425,0.01807144656777382,0.4885933995246887
-0.006393583491444588,0.01806754432618618,0.4884878993034363
-0.006393753923475742,0.01806802488863468,0.4885008633136749
-0.006396652199327946,0.01807621493935585,0.4887223243713379
-0.006394377909600735,0.018972543999552727,0.4885485768318176
-0.006394961383193731,0.018974274396896362,0.48859313130378723
-0.006395373493432999,0.01807260327041149,0.4886246621608734
-0.006394579075276852,0.01807035692036152,0.4885639250278473
-0.0063930898904800415,0.018066149204969406,0.48845016956329346
-0.006393341813236475,0.018066860735416412,0.4884693920612335
-0.006395761854946613,0.01807370036840439,0.48865431547164917
-0.006394526921212673,0.01807021163403988,0.4885599613189697
-0.0063965958543121815,0.018076056614518166,0.4887180030345917
-0.0064013199880719185,0.018089404329657555,0.48907893896102905
-0.006402044091373682,0.01809145323932171,0.489134281873703
-0.006401231978088617,0.018089156597852707,0.4890722334384918
-0.00639943266287446,0.018084073439240456,0.4889347553253174
-0.006398797035217285,0.018082277849316597,0.4888862073421478
-0.006397517863661051,0.01807866245508194,0.4887884855270386
-0.006394751835614443,0.018070844933390617,0.48857712745666504
-0.006396024022251368,0.018074439838528633,0.4886743426322937
-0.006398353725671768,0.018081024289131165,0.488852322101593
-0.006397256162017584,0.018077922984957695,0.48876845836639404
-0.0063942898996174335,0.018069539219141006,0.488541841506958
-0.006389113143086433,0.018054911866784096,0.4881463348865509
-0.006386975757777691,0.01804887130856514,0.48798301815986633
-0.0063852909952402115,0.018044110387563705,0.4878543019294739
-0.006385971792042255,0.018046032637357712,0.4879063069820404
-0.006384391337633133,0.018041567876935005,0.48778557777404785
-0.006382188759744167,0.01893637701869011,0.48761728405952454
-0.006381847430020571,0.018935363739728928,0.4875912070274353
-0.00638533104211092,0.01804422400891781,0.4878573715686798
-0.006383578758686781,0.018039271235466003,0.4877234697341919
-0.006381969433277845,0.01803472265601158,0.48760050535202026
-0.006383374333381653,0.018038693815469742,0.48770785331726074
-0.006389032583683729,0.01805468462407589,0.48814019560813904
-0.006391190458089113,0.018060782924294472,0.48830506205558777
-0.006390989292412996,0.01896248757839203,0.48828965425491333
-0.006392431445419788,0.018064288422465324,0.488399863243103
-0.006391776259988546,0.01806243695318699,0.4883497953414917
-0.006391649600118399,0.018062077462673187,0.4883401095867157
-0.006390976253896952,0.018962450325489044,0.4882887005805969
-0.006392633076757193,0.01806485652923584,0.4884152412414551
-0.006392120383679867,0.018965844064950943,0.48837611079216003
-0.0063878926448524,0.01895330101251602,0.4880530834197998
-0.006385857239365578,0.018045710399746895,0.4878975749015808
-0.006388103123754263,0.018052056431770325,0.4880691468715668
-0.006390697322785854,0.018059387803077698,0.48826733231544495
-0.006389332469552755,0.01805553212761879,0.4881630837917328
-0.006385377608239651,0.018044356256723404,0.48786091804504395
-0.006384755950421095,0.01804259791970253,0.48781341314315796
-0.006387059576809406,0.018049107864499092,0.4879894256591797
-0.0063855890184640884,0.018044952303171158,0.4878770709037781
-0.006385553628206253,0.0180448517203331,0.4878743588924408
-0.005482328590005636,0.018039202317595482,0.48772162199020386
-0.0063828835263848305,0.018037306144833565,0.487670361995697
-0.006381284911185503,0.01803278923034668,0.48754823207855225
-0.006380826700478792,0.018031494691967964,0.4875132143497467
-0.0063858493231236935,0.018045688048005104,0.48789694905281067
-0.006387411616742611,0.01805010251700878,0.4880163073539734
-0.006386802531778812,0.018048381432890892,0.4879697859287262
-0.0063867103308439255,0.01804812066257,0.4879627227783203
-0.0063890679739415646,0.018054785206913948,0.48814287781715393
-0.006390776950865984,0.018059613183140755,0.4882734417915344
-0.006394348572939634,0.018069704994559288,0.48854631185531616
-0.006396509241312742,0.018075810745358467,0.488711416721344
-0.00639674998819828,0.018076492473483086,0.4887298047542572
-0.006394979543983936,0.01807148940861225,0.48859453201293945
-0.006395714357495308,0.018073566257953644,0.48865067958831787
-0.006395962089300156,0.018074266612529755,0.48866960406303406
-0.0063964975997805595,0.01807577908039093,0.48871052265167236
-0.00639911787584424,0.018083184957504272,0.4889107346534729
-0.006399721372872591,0.01808488927781582,0.48895683884620667
-0.006401832215487957,0.018090853467583656,0.4891180992126465
-0.006399320438504219,0.018083754926919937,0.4889262020587921
-0.006398224737495184,0.018080659210681915,0.4888424873352051
-0.00639825826510787,0.018080754205584526,0.4888450503349304
-0.006399437319487333,0.01808408461511135,0.48893511295318604
-0.006399963516741991,0.018085572868585587,0.48897531628608704
-0.006401319056749344,0.018089404329657555,0.4890788793563843
-0.006402528379112482,0.018092822283506393,0.4891712963581085
-0.006401362828910351,0.018089527264237404,0.4890822172164917
-0.006401796359568834,0.018090752884745598,0.4891153573989868
-0.006401587277650833,0.018090160563588142,0.489099383354187
-0.006404259242117405,0.018097711727023125,0.4893035292625427
-0.006400429643690586,0.018086889758706093,0.48901093006134033
-0.006400403566658497,0.018086817115545273,0.48900893330574036
-0.006400407757610083,0.018086828291416168,0.4890092611312866
-0.006398110184818506,0.01808033511042595,0.4888336956501007
-0.006400192156434059,0.01808621920645237,0.4889927804470062
-0.006401228252798319,0.01808914728462696,0.48907196521759033
-0.006399430334568024,0.01808406598865986,0.48893457651138306
-0.006402048747986555,0.018091464415192604,0.48913460969924927
-0.006404018495231867,0.018097029998898506,0.48928511142730713
-0.006404323503375053,0.01809789426624775,0.4893084466457367
-0.0064034308306872845,0.01809537224471569,0.48924025893211365
-0.006401947699487209,0.01809117943048477,0.48912692070007324
-0.0064013185910880566,0.018089402467012405,0.4890788495540619
-0.006401699036359787,0.01809047907590866,0.4891079366207123
-0.006399164441972971,0.01808331534266472,0.48891428112983704
-0.006398799829185009,0.018082283437252045,0.48888641595840454
-0.006400721613317728,0.018087714910507202,0.4890332520008087
-0.006399083882570267,0.018083088099956512,0.48890814185142517
-0.006398586556315422,0.018081683665513992,0.48887014389038086
-0.006397218909114599,0.01807781681418419,0.4887656271457672
-0.006396440323442221,0.018075617030262947,0.48870614171028137
-0.0063965762965381145,0.018076002597808838,0.4887165427207947
-0.00639604264870286,0.01807449385523796,0.4886757433414459
-0.006395426578819752,0.01807275228202343,0.48862868547439575
-0.005490284878760576,0.018065381795167923,0.4884294271469116
-0.006396718788892031,0.018076403066515923,0.4887274205684662
-0.0063947644084692,0.018070880323648453,0.48857808113098145
-0.006394479889422655,0.018070077523589134,0.4885563552379608
-0.0063964929431676865,0.018075766041874886,0.4887101650238037
-0.006396835204213858,0.018076732754707336,0.4887363016605377
-0.006397475954145193,0.01807854324579239,0.4887852668762207
-0.006397251971065998,0.01807790994644165,0.4887681305408478
-0.006396799813956022,0.018076632171869278,0.4887336194515228
-0.0063948011957108974,0.01807098463177681,0.4885809123516083
-0.0063966200686991215,0.018076125532388687,0.4887198805809021
-0.006394903175532818,0.01807127334177494,0.48858869075775146
-0.006396468263119459,0.018075697124004364,0.4887082874774933
-0.006394835188984871,0.01807108148932457,0.488583505153656
-0.006394304800778627,0.018069583922624588,0.48854300379753113
-0.006398222874850035,0.018080653622746468,0.48884233832359314
-0.006396087817847729,0.01807462051510811,0.4886792004108429
-0.006395577918738127,0.018073180690407753,0.4886402487754822
-0.006395307369530201,0.01807241514325142,0.4886195957660675
-0.006398021709173918,0.0180800873786211,0.4888269901275635
-0.006399082951247692,0.018083084374666214,0.4889080226421356
-0.006399608217179775,0.01808456890285015,0.48894819617271423
-0.006402147002518177,0.01809174194931984,0.48914211988449097
-0.006405536085367203,0.018101319670677185,0.48940107226371765
-0.006404001731425524,0.018096985295414925,0.48928382992744446
-0.006400778889656067,0.018087876960635185,0.4890376031398773
-0.006402024999260902,0.01809139922261238,0.4891328513622284
-0.0064016771502792835,0.018090417608618736,0.48910626769065857
-0.006399132777005434,0.018083225935697556,0.48891186714172363
-0.006398961413651705,0.018082741647958755,0.48889878392219543
-0.006395447533577681,0.018072811886668205,0.4886302947998047
-0.006393416319042444,0.018067071214318275,0.48847508430480957
-0.006394072435796261,0.01806892454624176,0.4885252118110657
-0.006396827287971973,0.018076712265610695,0.48873573541641235
-0.006395403295755386,0.018072685226798058,0.4886268973350525
-0.006392853334546089,0.018065478652715683,0.4884320795536041
-0.006391775794327259,0.01806243509054184,0.4883497357368469
-0.006393116433173418,0.018968798220157623,0.48845216631889343
-0.0063931322656571865,0.018066268414258957,0.48845338821411133
-0.00639286357909441,0.01806551031768322,0.4884328544139862
-0.006391527131199837,0.01896408386528492,0.48833075165748596
-0.00639408128336072,0.01806895062327385,0.4885258972644806
-0.006396549753844738,0.01807592622935772,0.4887144863605499
-0.006391648668795824,0.018062077462673187,0.4883400499820709
-0.006392680108547211,0.018064990639686584,0.488418847322464
-0.006389528512954712,0.01895815320312977,0.4881780445575714
-0.006387524306774139,0.0180504210293293,0.48802492022514343
-0.005481576081365347,0.018036726862192154,0.4876546859741211
-0.006383240222930908,0.0180383138358593,0.48769763112068176
-0.006384207401424646,0.01804104819893837,0.48777151107788086
-0.0063872626051306725,0.018049681559205055,0.4880049228668213
-0.0063870674930512905,0.018049130216240883,0.48799002170562744
-0.006388712674379349,0.018053779378533363,0.48811572790145874
-0.0063917930237948895,0.01806248351931572,0.48835107684135437
-0.00639251759275794,0.018064530566334724,0.4884064197540283
-0.006394774187356234,0.018070906400680542,0.48857882618904114
-0.0063946181908249855,0.018070468679070473,0.48856693506240845
-0.005490280222147703,0.01806536689400673,0.4884290099143982
-0.006396496202796698,0.018075773492455482,0.4887104034423828
-0.006396317854523659,0.01807527057826519,0.48869678378105164
-0.0063959648832678795,0.018074272200465202,0.48866981267929077
-0.006397326476871967,0.018078122287988663,0.4887738525867462
-0.006397856865078211,0.018079619854688644,0.4888143837451935
-0.006399326957762241,0.01808377355337143,0.4889266788959503
-0.006400476675480604,0.018087022006511688,0.48901453614234924
-0.006403397768735886,0.01809527911245823,0.4892377257347107
-0.006406592670828104,0.01810430735349655,0.4894818067550659
-0.00640364782884717,0.01809598319232464,0.4892567992210388
-0.006401002407073975,0.018088508397340775,0.48905467987060547
-0.006399413105100393,0.01808401755988598,0.488933265209198
-0.006398944649845362,0.018082695081830025,0.48889750242233276
-0.0063967895694077015,0.01807660236954689,0.48873281478881836
-0.006397670134902,0.018079092726111412,0.4888001084327698
-0.006397529039531946,0.018078692257404327,0.48878931999206543
-0.006396187469363213,0.018074901774525642,0.48868682980537415
-0.006394761148840189,0.018070871010422707,0.48857787251472473
-0.006392193492501974,0.018063614144921303,0.48838165402412415
-0.006392005831003189,0.01806308515369892,0.48836731910705566
-0.006390977185219526,0.018962452188134193,0.4882887601852417
-0.006393183954060078,0.018066415563225746,0.4884573519229889
-0.006394065450876951,0.018068907782435417,0.4885247051715851
-0.006394854746758938,0.018071135506033897,0.4885849952697754
-0.006391736213117838,0.018062325194478035,0.48834675550460815
-0.006390587892383337,0.018059076741337776,0.4882589876651764
-0.0063935136422514915,0.018067345023155212,0.4884825348854065
-0.006394796539098024,0.018070971593260765,0.4885805547237396
-0.006393959745764732,0.01806860789656639,0.488516628742218
-0.006392285693436861,0.018063874915242195,0.48838871717453003
-0.006394474767148495,0.01807006262242794,0.4885559678077698
-0.006392237730324268,0.01806374080479145,0.48838505148887634
-0.0063943397253751755,0.018069680780172348,0.48854565620422363
-0.006394810508936644,0.0180710107088089,0.4885816276073456
-0.006396217737346888,0.018074987456202507,0.488689124584198
-0.00639820471405983,0.01808060333132744,0.4888409376144409
-0.006402196828275919,0.01809188537299633,0.489145964384079
-0.006400467362254858,0.0180869959294796,0.48901382088661194
-0.00640435004606843,0.01809796877205372,0.48931047320365906
-0.0064084711484611034,0.01810961402952671,0.48962530493736267
-0.006409119814634323,0.018111446872353554,0.4896748960018158
-0.006404298357665539,0.01809782348573208,0.4893065392971039
-0.0064010825008153915,0.01808873564004898,0.48906081914901733
-0.00639877375215292,0.018082210794091225,0.48888441920280457
-0.006392822600901127,0.01806539297103882,0.4884297251701355
-0.006393489893525839,0.01806727796792984,0.48848071694374084
-0.006395210977643728,0.01807214505970478,0.48861223459243774
-0.006392800249159336,0.018065331503748894,0.4884280562400818
-0.006391937844455242,0.01806289330124855,0.4883621335029602
-0.006391087546944618,0.018060490489006042,0.48829716444015503
-0.0063848719000816345,0.018042923882603645,0.4878222644329071
-0.006384336389601231,0.01804141327738762,0.4877813756465912
-0.006380151491612196,0.01802958734333515,0.4874616265296936
-0.0063851443119347095,0.01894514635205269,0.4878430962562561
-0.006388264242559671,0.018052512779831886,0.4880814850330353
-0.006391736678779125,0.018062325194478035,0.48834678530693054
-0.006391660310328007,0.018964478746056557,0.48834094405174255
-0.006392887327820063,0.018065575510263443,0.48843467235565186
-0.006393278483301401,0.018066681921482086,0.4884645640850067
-0.006395596545189619,0.01807323284447193,0.4886416792869568
-0.006395264994353056,0.01807229407131672,0.48861631751060486
-0.006394687108695507,0.018070664256811142,0.48857221007347107
-0.006395931355655193,0.01807417720556259,0.48866724967956543
-0.006396415643393993,0.018075546249747276,0.48870426416397095
-0.006396285258233547,0.018075179308652878,0.48869428038597107
-0.0063980575650930405,0.01808018609881401,0.48882970213890076
-0.006401289254426956,0.01808931864798069,0.4890766143798828
-0.006400798913091421,0.01808793470263481,0.48903918266296387
-0.006402555853128433,0.018092898651957512,0.48917335271835327
-0.006405072286725044,0.018100010231137276,0.4893656373023987
-0.006404380779713392,0.018098056316375732,0.4893128275871277
-0.0064039332792162895,0.018096791580319405,0.4892786145210266
-0.006406034342944622,0.018102727830410004,0.48943912982940674
-0.0064043523743748665,0.018097974359989166,0.489310622215271
-0.006402784492820501,0.018093544989824295,0.48919084668159485
-0.006401957478374243,0.01809120737016201,0.48912766575813293
-0.006401099730283022,0.01808878220617771,0.4890621304512024
-0.006399826146662235,0.018085183575749397,0.4889647960662842
-0.006401497405022383,0.018089907243847847,0.48909252882003784
-0.006398428697139025,0.018081234768033028,0.48885804414749146
-0.006397792138159275,0.01807943731546402,0.4888094365596771
-0.006399130914360285,0.018083220347762108,0.4889116883277893
-0.006397457327693701,0.01807849109172821,0.4887838661670685
-0.006398505065590143,0.01808145083487034,0.48886388540267944
-0.006398485042154789,0.01808139495551586,0.48886236548423767
-0.006400060839951038,0.018085848540067673,0.48898276686668396
-0.0063988822512328625,0.0180825162678957,0.48889270424842834
-0.0063995602540671825,0.018084434792399406,0.48894453048706055
-0.0063997539691627026,0.01808498054742813,0.48895931243896484
-0.006398503202944994,0.01808144710958004,0.4888637661933899
-0.006397528573870659,0.018078690394759178,0.48878926038742065
-0.006398453377187252,0.01808130368590355,0.4888599216938019
-0.0063965036533772945,0.018075797706842422,0.48871099948883057
-0.006397004704922438,0.01807721145451069,0.48874926567077637
-0.006398806348443031,0.018082303926348686,0.48888692259788513
-0.006397155113518238,0.018077636137604713,0.488760769367218
-0.00639702333137393,0.018077265471220016,0.488750696182251
-0.006397794000804424,0.018079442903399467,0.48880958557128906
-0.005494480486959219,0.018079187721014023,0.4888026714324951
-0.006398350931704044,0.01808101497590542,0.4888521134853363
-0.006396534387022257,0.018075883388519287,0.4887133538722992
-0.006395988166332245,0.018074339255690575,0.48867160081863403
-0.006398565601557493,0.018081622198224068,0.48886850476264954
-0.006398034282028675,0.018080120906233788,0.4888279139995575
-0.006400933489203453,0.018088314682245255,0.48904943466186523
-0.005496290512382984,0.018085144460201263,0.4889637231826782
-0.005496231839060783,0.018084950745105743,0.4889585077762604
-0.006396840792149305,0.01807674951851368,0.48873674869537354
-0.006394573487341404,0.018070342019200325,0.48856350779533386
-0.006394899450242519,0.018071262165904045,0.48858842253685
-0.006393419578671455,0.01806708052754402,0.48847538232803345
-0.006391673348844051,0.01806214451789856,0.48834192752838135
-0.006392000708729029,0.018063070252537727,0.4883669316768646
-0.006389501970261335,0.018056008964776993,0.48817601799964905
-0.00638857576996088,0.018053391948342323,0.48810526728630066
-0.006387416273355484,0.018050115555524826,0.48801669478416443
-0.005484048277139664,0.018044861033558846,0.4878746271133423
-0.006384400185197592,0.018041592091321945,0.4877862334251404
-0.005478597711771727,0.01802692748606205,0.4873897135257721
-0.005479888059198856,0.018031170591711998,0.4875044822692871
-0.006386531982570887,0.018047617748379707,0.4879491329193115
-0.006390848197042942,0.01805981434881687,0.48827889561653137
-0.00639308663085103,0.01806613989174366,0.48844993114471436
-0.006395116914063692,0.01807187683880329,0.4886050224304199
-0.006394631695002317,0.018070507794618607,0.488567978143692
-0.006396397482603788,0.018075495958328247,0.4887028634548187
-0.006398034282028675,0.018080120906233788,0.4888279139995575
-0.006399598438292742,0.018084540963172913,0.48894745111465454
-0.006398819386959076,0.01808234117925167,0.4888879060745239
-0.006401950027793646,0.01809118688106537,0.48912709951400757
-0.006403631530702114,0.018095940351486206,0.4892555773258209
-0.006405557505786419,0.01810138113796711,0.489402711391449
-0.006400861777365208,0.01808811165392399,0.4890439510345459
-0.0063972934149205685,0.018078027293086052,0.4887712895870209
-0.00639717560261488,0.01807769574224949,0.4887623190879822
-0.005491700489073992,0.01807004027068615,0.488555371761322
-0.00639560678973794,0.01807326078414917,0.48864245414733887
-0.006389961112290621,0.018057305365800858,0.48821109533309937
-0.006390404887497425,0.01805856265127659,0.48824504017829895
-0.006388536188751459,0.01805328205227852,0.4881022572517395
-0.006389993708580732,0.01805740036070347,0.48821359872817993
-0.005483997520059347,0.018044693395495415,0.48787006735801697
-0.00638560438528657,0.01804499514400959,0.4878782331943512
-0.006382205057889223,0.018035389482975006,0.48761850595474243
-0.0063856495544314384,0.018045123666524887,0.48788172006607056
-0.006390801630914211,0.018059682101011276,0.48827531933784485
-0.006393208168447018,0.018066484481096268,0.48845919966697693
-0.006392648443579674,0.01806490123271942,0.4884164333343506
-0.0063946242444217205,0.018070483580231667,0.48856738209724426
-0.0063950237818062305,0.01807161420583725,0.48859792947769165
-0.00639538886025548,0.018072644248604774,0.48862579464912415
-0.006395340897142887,0.01807251013815403,0.48862215876579285
-0.006398321595042944,0.018080933019518852,0.48884984850883484
-0.006401828024536371,0.01809084229171276,0.4891177713871002
-0.0064016045071184635,0.01809021085500717,0.48910069465637207
-0.006403965875506401,0.018096884712576866,0.4892811179161072
-0.006403414066880941,0.01809532195329666,0.4892389476299286
-0.006402407772839069,0.018092479556798935,0.48916205763816833
-0.006398467812687159,0.01808134652674198,0.4888610541820526
-0.006395839620381594,0.01807391829788685,0.4886602461338043
-0.005493219010531902,0.018075037747621536,0.48869046568870544
-0.006394678261131048,0.018070638179779053,0.48857149481773376
-0.0054878597147762775,0.018057404085993767,0.4882136881351471
-0.006390965543687344,0.018060145899653435,0.4882878363132477
-0.005485521629452705,0.018049709498882294,0.488005667924881
-0.006390586495399475,0.018059074878692627,0.48825889825820923
-0.005483595188707113,0.01804336905479431,0.48783427476882935
-0.006383721716701984,0.018039675429463387,0.4877344071865082
-0.006382395513355732,0.018035927787423134,0.4876330494880676
-0.00638583255931735,0.018045639619231224,0.487895667552948
-0.006389983464032412,0.01805737055838108,0.48821282386779785
-0.00638973293825984,0.018958760425448418,0.48819366097450256
-0.006392390001565218,0.018064171075820923,0.48839670419692993
-0.006393791176378727,0.018068131059408188,0.48850375413894653
-0.006394366268068552,0.018069757148623466,0.488547682762146
-0.006396609358489513,0.0180760957300663,0.48871907591819763
-0.006398532539606094,0.018081527203321457,0.4888659715652466
-0.006398794241249561,0.01808226853609085,0.4888859689235687
-0.006401720456779003,0.018090538680553436,0.4891095459461212
-0.006404725834727287,0.01809903047978878,0.4893391728401184
-0.006401062943041325,0.018088681623339653,0.48905932903289795
-0.006395683158189058,0.01807347871363163,0.48864832520484924
-0.005493806209415197,0.01807696931064129,0.4887427091598511
-0.005492451600730419,0.01807251200079918,0.48862218856811523
-0.006395779550075531,0.01807374879717827,0.4886556565761566
-0.00639366963878274,0.01806778833270073,0.4884944558143616
-0.005486551206558943,0.018053095787763596,0.48809728026390076
-0.005483980290591717,0.018044637516140938,0.4878685474395752
-0.006389682646840811,0.01805652119219303,0.48818984627723694
-0.006385845597833395,0.01804567687213421,0.4878966808319092
-0.006382330320775509,0.01803574152290821,0.4876280725002289
-0.006386502180248499,0.018047532066702843,0.48794683814048767
-0.006390300113707781,0.01805826462805271,0.48823702335357666
-0.006389946676790714,0.018057268112897873,0.4882100224494934
-0.0063941022381186485,0.018069008365273476,0.4885275065898895
-0.006396185606718063,0.018074896186590195,0.4886866807937622
-0.006394712720066309,0.018070735037326813,0.48857414722442627
-0.006395365111529827,0.01807257905602455,0.4886240065097809
-0.006397543475031853,0.01807873509824276,0.4887904226779938
-0.006397552322596312,0.0180787593126297,0.4887911081314087
-0.0064003122970461845,0.01808656007051468,0.489001989364624
-0.006401972379535437,0.018091250211000443,0.48912879824638367
-0.006402179598808289,0.0180918350815773,0.48914462327957153
-0.006400815676897764,0.018087981268763542,0.48904043436050415
-0.006396183278411627,0.018074890598654747,0.4886865019798279
-0.00639922171831131,0.0180834773927927,0.488918662071228
-0.006400169804692268,0.018086157739162445,0.4889911115169525
-0.0063980696722865105,0.018080221489071846,0.48883065581321716
-0.005490584298968315,0.018066365271806717,0.48845604062080383
-0.005486678332090378,0.018053514882922173,0.4881085753440857
-0.006387882400304079,0.01805143430829048,0.4880523085594177
-0.005483611486852169,0.01804342307150364,0.48783573508262634
-0.006387693341821432,0.018050897866487503,0.4880378544330597
-0.006387573201209307,0.018050560727715492,0.4880286753177643
-0.006387615576386452,0.018050678074359894,0.48803189396858215
-0.0063852653838694096,0.018044037744402885,0.4878523647785187
-0.006381556391716003,0.018033556640148163,0.4875689744949341
-0.006382564082741737,0.018036404624581337,0.4876459538936615
-0.00638585863634944,0.018045714125037193,0.487897664308548
-0.006387245841324329,0.018049633130431175,0.4880036413669586
-0.006386712193489075,0.018048126250505447,0.48796290159225464
-0.006386555731296539,0.01804768480360508,0.4879509508609772
-0.006388165056705475,0.018052231520414352,0.48807385563850403
-0.006388120353221893,0.018052106723189354,0.48807045817375183
-0.006390027701854706,0.01805749535560608,0.48821619153022766
-0.006392679642885923,0.018064988777041435,0.4884188175201416
-0.00639288080856204,0.0180655587464571,0.48843419551849365
-0.0063920519314706326,0.018063217401504517,0.4883708655834198
-0.00548860477283597,0.018059855327010155,0.48827996850013733
-0.0063925995491445065,0.018967267125844955,0.4884127080440521
-0.006394512951374054,0.018070170655846596,0.48855888843536377
-0.006393879652023315,0.018068382516503334,0.48851051926612854
-0.0063957516103982925,0.01807367242872715,0.4886535406112671
-0.006395452190190554,0.01807282492518425,0.48863065242767334
-0.006395766045898199,0.018073713406920433,0.48865464329719543
-0.006396518554538488,0.018075838685035706,0.4887121319770813
-0.006394729949533939,0.018070783466100693,0.48857545852661133
-0.006396258715540171,0.01807510294020176,0.4886922538280487
-0.006395996548235416,0.018074363470077515,0.48867225646972656
-0.006395782809704542,0.018073759973049164,0.4886559247970581
-0.0063956137746572495,0.01807328127324581,0.48864299058914185
-0.0063965413719415665,0.01807590201497078,0.4887138307094574
-0.006395296659320593,0.01807238534092903,0.48861876130104065
-0.006396121811121702,0.01807471737265587,0.4886817932128906
-0.00639578839763999,0.018073774874210358,0.48865631222724915
-0.006393985357135534,0.01806868053972721,0.4885185956954956
-0.006392010021954775,0.018063096329569817,0.48836764693260193
-0.005489075090736151,0.018061401322484016,0.48832181096076965
-0.006392468698322773,0.01806439459323883,0.48840269446372986
-0.006392789538949728,0.018065299838781357,0.48842719197273254
-0.006395357195287943,0.01807255670428276,0.48862341046333313
-0.006394669413566589,0.018070610240101814,0.48857080936431885
-0.006393139250576496,0.0180662889033556,0.4884539246559143
-0.00639455346390605,0.0180702842772007,0.4885619878768921
-0.0063957711681723595,0.01807372458279133,0.4886550009250641
-0.0063958787359297276,0.018074030056595802,0.4886632263660431
-0.005491364281624556,0.018068935722112656,0.48852548003196716
-0.006395343225449324,0.018072517588734627,0.4886223375797272
-0.005491908639669418,0.018070725724101067,0.48857390880584717
-0.006397342775017023,0.018078166991472244,0.4887751042842865
-0.006397967226803303,0.018079932779073715,0.4888228178024292
-0.006397787481546402,0.018079424276947975,0.48880907893180847
-0.0063958014361560345,0.018073812127113342,0.4886573255062103
-0.006396178156137466,0.018074875697493553,0.48868611454963684
-0.0063999611884355545,0.01808556541800499,0.4889751374721527
-0.006400359328836203,0.018086690455675125,0.48900556564331055
-0.0064021144062280655,0.018091650679707527,0.4891396462917328
-0.0064004468731582165,0.018086938187479973,0.4890122413635254
-0.006402137689292431,0.0180917177349329,0.48914143443107605
-0.006399704143404961,0.01808484084904194,0.4889555275440216
-0.006402882281690836,0.018093818798661232,0.4891982972621918
-0.006402408238500357,0.018092479556798935,0.4891620874404907
-0.0063993860967457294,0.01808394119143486,0.48893120884895325
-0.006397177465260029,0.018077699467539787,0.48876243829727173
-0.0063986568711698055,0.01808188110589981,0.48887547850608826
-0.006401705089956522,0.018090493977069855,0.4891083836555481
-0.006399635225534439,0.01808464527130127,0.488950252532959
-0.006397606804966927,0.018078913912177086,0.48879528045654297
-0.006395464763045311,0.018072860315442085,0.48863160610198975
-0.005486237350851297,0.01805206388235092,0.4880693256855011
-0.005483482498675585,0.018042998388409615,0.4878242611885071
-0.006389452610164881,0.0180558692663908,0.4881722629070282
-0.005484719295054674,0.018047070130705833,0.48793432116508484
-0.005484816152602434,0.018047388643026352,0.4879429340362549
-0.00638747401535511,0.01805027946829796,0.4880211055278778
-0.0063897087238729,0.01805659383535385,0.4881918132305145
-0.005484009627252817,0.018044734373688698,0.4878711700439453
-0.0063879285007715225,0.01805156283080578,0.4880557954311371
-0.0063839200884103775,0.018040237948298454,0.4877495765686035
-0.005479530431330204,0.018029997125267982,0.4874727129936218
-0.006381297949701548,0.018032824620604515,0.48754921555519104
-0.006380022969096899,0.01802922412753105,0.48745182156562805
-0.006380557548254728,0.01803073287010193,0.4874926209449768
-0.005480356980115175,0.01803271658718586,0.48754623532295227
-0.006383723113685846,0.018039681017398834,0.48773452639579773
-0.006386910565197468,0.018048686906695366,0.4879780411720276
-0.006389489397406578,0.018055973574519157,0.48817506432533264
-0.006390480324625969,0.0180587749928236,0.4882507920265198
-0.006390075199306011,0.018057631328701973,0.48821982741355896
-0.006392354145646095,0.018064070492982864,0.4883939325809479
-0.006389806978404522,0.018056871369481087,0.4881993234157562
-0.0063901543617248535,0.01805785484611988,0.48822587728500366
-0.006390594411641359,0.018059097230434418,0.488259494304657
-0.006391207221895456,0.018060829490423203,0.48830631375312805
-0.006390675902366638,0.018059328198432922,0.488265722990036
-0.006391617469489574,0.018061988055706024,0.4883376657962799
-0.0063912393525242805,0.018060920760035515,0.48830878734588623
-0.006390477530658245,0.018058765679597855,0.4882505536079407
-0.006394649855792522,0.018070558086037636,0.48856934905052185
-0.006395383737981319,0.01807263121008873,0.4886254072189331
-0.006393848918378353,0.01806829310953617,0.4885081350803375
-0.006395332515239716,0.01807248778641224,0.4886215329170227
-0.00639602355659008,0.018074437975883484,0.4886742830276489
-0.0063953883945941925,0.018072644248604774,0.48862576484680176
-0.006397987250238657,0.018079988658428192,0.4888243079185486
-0.006397617515176535,0.018078943714499474,0.48879608511924744
-0.006401780992746353,0.018090710043907166,0.4891141951084137
-0.00640218798071146,0.01809185929596424,0.48914527893066406
-0.006404101382941008,0.01809726655483246,0.4892914891242981
-0.006404152140021324,0.0180974118411541,0.4892953634262085
-0.0063998098485171795,0.018085138872265816,0.4889635741710663
-0.006398462690412998,0.018081331625580788,0.4888606667518616
-0.006398653145879507,0.018081869930028915,0.48887521028518677
-0.006398304365575314,0.018080882728099823,0.4888485372066498
-0.006391727831214666,0.018062299117445946,0.48834607005119324
-0.006392541341483593,0.018064597621560097,0.48840823769569397
-0.006390872877091169,0.018059885129332542,0.4882807731628418
-0.006388416979461908,0.018052944913506508,0.48809313774108887
-0.00638553686439991,0.01804480515420437,0.4878731071949005
-0.006381604354828596,0.018033692613244057,0.48757264018058777
-0.006382853724062443,0.018037224188447,0.48766809701919556
-0.006388798821717501,0.018054023385047913,0.4881223142147064
-0.006393427029252052,0.018067101016640663,0.48847588896751404
-0.00639158533886075,0.018061896786093712,0.48833519220352173
-0.006392750423401594,0.018065189942717552,0.48842424154281616
-0.006395002827048302,0.018071554601192474,0.4885962903499603
-0.0063983602449297905,0.018081041052937508,0.4888528287410736
-0.006398020312190056,0.018080083653330803,0.4888268709182739
-0.006397266872227192,0.018077952787280083,0.4887692928314209
-0.006399351637810469,0.0180838443338871,0.48892855644226074
-0.006400919519364834,0.01808827370405197,0.4890483617782593
-0.006401723716408014,0.018090547993779182,0.4891098141670227
-0.005496671888977289,0.018086396157741547,0.48899760842323303
-0.006402036175131798,0.018091430887579918,0.48913368582725525
-0.0064072865061461926,0.018106266856193542,0.48953479528427124
-0.006405817810446024,0.018102118745446205,0.48942261934280396
-0.006405209191143513,0.018100395798683167,0.48937609791755676
-0.0064030480571091175,0.018094290047883987,0.48921099305152893
-0.006400303915143013,0.01808653399348259,0.4890013337135315
-0.006398476660251617,0.01808137074112892,0.48886170983314514
-0.006396740674972534,0.018076464533805847,0.4887290894985199
-0.006393590942025185,0.01806756481528282,0.48848843574523926
-0.006390334572643042,0.01805836334824562,0.4882396459579468
-0.006391676142811775,0.018062153831124306,0.48834213614463806
-0.006391675677150488,0.018062151968479156,0.4883421063423157
-0.0054840268567204475,0.018044790253043175,0.4878726899623871
-0.006387225352227688,0.01804957538843155,0.48800206184387207
-0.006384363863617182,0.018041489645838737,0.4877834618091583
-0.006383165717124939,0.018038105219602585,0.4876919388771057
-0.00638650031760335,0.018047528341412544,0.48794668912887573
-0.006391539704054594,0.018061768263578415,0.48833170533180237
-0.006392098031938076,0.018063345924019814,0.48837438225746155
-0.006394070573151112,0.018068920820951462,0.4885250926017761
-0.006393515970557928,0.018969984725117683,0.4884827136993408
-0.006393479648977518,0.0180672500282526,0.48847994208335876
-0.006393488962203264,0.01806727610528469,0.48848065733909607
-0.006393694318830967,0.01806785725057125,0.488496333360672
-0.006398522295057774,0.01808149926364422,0.4888651967048645
-0.006396477576345205,0.018075723201036453,0.4887090027332306
-0.006398101802915335,0.01808031275868416,0.48883306980133057
-0.006398781668394804,0.018082235008478165,0.4888850450515747
-0.0063997842371463776,0.018085066229104996,0.4889616072177887
-0.006400305777788162,0.018086539581418037,0.48900148272514343
-0.006399293430149555,0.018083680421113968,0.488924115896225
-0.006401014979928732,0.01808854565024376,0.48905566334724426
-0.006399417296051979,0.018084028735756874,0.4889335632324219
-0.00640113465487957,0.01808888278901577,0.4890648126602173
-0.006400862243026495,0.01808811165392399,0.4890439808368683
-0.0064016603864729404,0.018090367317199707,0.4891049563884735
-0.006401109043508768,0.01808881014585495,0.4890628457069397
-0.006397984456270933,0.018079981207847595,0.48882412910461426
-0.0063989488407969475,0.01808270439505577,0.48889780044555664
-0.006396894808858633,0.018076900392770767,0.48874086141586304
-0.0063968924805521965,0.01807689480483532,0.4887406826019287
-0.006395259406417608,0.018975159153342247,0.4886159300804138
-0.006396059412509203,0.01807454042136669,0.4886770248413086
-0.00639330642297864,0.018066760152578354,0.48846670985221863
-0.006395322736352682,0.018072459846735,0.4886207580566406
-0.006394450552761555,0.01806999370455742,0.48855412006378174
-0.006393208168447018,0.018066484481096268,0.48845919966697693
-0.006394231226295233,0.018069373443722725,0.48853737115859985
-0.0063968622125685215,0.018076809123158455,0.48873838782310486
-0.006396415177732706,0.018075546249747276,0.48870423436164856
-0.006397100165486336,0.018077481538057327,0.48875656723976135
-0.006396562792360783,0.018075963482260704,0.4887154996395111
-0.006397017743438482,0.018077248707413673,0.48875027894973755
-0.0063956198282539845,0.018073298037052155,0.48864346742630005
-0.006394993979483843,0.018071528524160385,0.4885956346988678
-0.006395068019628525,0.018071739003062248,0.48860129714012146
-0.006396837066859007,0.018076738342642784,0.48873648047447205
-0.006393532734364271,0.01806740090250969,0.4884839951992035
-0.006394652184098959,0.018070563673973083,0.4885694980621338
-0.006396321579813957,0.018075281754136086,0.4886970818042755
-0.0063944929279387,0.018972884863615036,0.488557368516922
-0.006395572796463966,0.018976088613271713,0.48863986134529114
-0.006398282013833523,0.0180808212608099,0.4888468384742737
-0.006397391203790903,0.018078302964568138,0.4887787699699402
-0.006396513432264328,0.01807582378387451,0.48871171474456787
-0.00639628991484642,0.018075192347168922,0.4886946678161621
-0.006396282929927111,0.01807517372071743,0.48869413137435913
-0.006395561154931784,0.018073132261633873,0.4886389970779419
-0.006396511569619179,0.018978873267769814,0.4887115955352783
-0.006398716475814581,0.018985416740179062,0.48888006806373596
-0.006401979364454746,0.018091268837451935,0.48912933468818665
-0.0064024669118225574,0.018092647194862366,0.48916661739349365
-0.006399759091436863,0.018084993585944176,0.4889596998691559
-0.0064012729562819,0.01808927394449711,0.48907536268234253
-0.006405871827155352,0.018102269619703293,0.48942673206329346
-0.006409655790776014,0.018112963065505028,0.4897158443927765
-0.00640656054019928,0.01810421422123909,0.4894793629646301
-0.006402501370757818,0.018092744052410126,0.48916923999786377
-0.006400458049029112,0.01808696985244751,0.48901310563087463
-0.006397367920726538,0.018078239634633064,0.4887770414352417
-0.006395087577402592,0.018071793019771576,0.48860278725624084
-0.006395619362592697,0.018073298037052155,0.48864343762397766
-0.006395371630787849,0.018072597682476044,0.4886244833469391
-0.006392850074917078,0.018065471202135086,0.488431841135025
-0.006390989292412996,0.018060212954878807,0.48828965425491333
-0.006387331057339907,0.018049873411655426,0.48801013827323914
-0.006384132895618677,0.018040837720036507,0.4877658188343048
-0.006385462824255228,0.018044596537947655,0.48786744475364685
-0.006392269395291805,0.018063830211758614,0.48838746547698975
-0.006393271964043379,0.018066663295030594,0.4884640574455261
-0.006395523436367512,0.018073027953505516,0.4886361062526703
-0.006396597716957331,0.018076062202453613,0.4887181520462036
-0.006396992597728968,0.018077177926898003,0.48874834179878235
-0.006397750694304705,0.018079319968819618,0.48880627751350403
-0.006401886232197285,0.018091006204485893,0.4891222417354584
-0.006402694620192051,0.01809328980743885,0.4891839623451233
-0.006401293911039829,0.018089333549141884,0.48907697200775146
-0.006406081840395927,0.018102863803505898,0.4894427955150604
-0.0064069731160998344,0.018105382099747658,0.4895108640193939
-0.005499181337654591,0.018094655126333237,0.48922088742256165
-0.005496256519109011,0.01808503083884716,0.4889606833457947
-0.006396887358278036,0.018076879903674126,0.48874029517173767
-0.0063932654447853565,0.01806664653122425,0.4884635806083679
-0.0054900129325687885,0.018064487725496292,0.4884052574634552
-0.0063950978219509125,0.018071822822093964,0.4886035621166229
-0.0063916281796991825,0.018062017858028412,0.4883384704589844
-0.005485094152390957,0.018048303201794624,0.48796766996383667
-0.005485029425472021,0.018048088997602463,0.48796191811561584
-0.005484990309923887,0.018047960475087166,0.4879584312438965
-0.006386614870280027,0.01804785244166851,0.4879554510116577
-0.006384794134646654,0.018042705953121185,0.48781633377075195
-0.005481027998030186,0.0180349238216877,0.4876059293746948
-0.006382929161190987,0.01803743466734886,0.4876738488674164
-0.005481050815433264,0.018034998327493668,0.4876079559326172
-0.005484149791300297,0.018045194447040558,0.48788362741470337
-0.006388157606124878,0.01805221103131771,0.48807334899902344
-0.005483876448124647,0.01804429478943348,0.4878593385219574
-0.006389003712683916,0.018054600805044174,0.48813796043395996
-0.006390550173819065,0.01805897243320942,0.4882560968399048
-0.006394352298229933,0.018069718033075333,0.4885466396808624
-0.005490890238434076,0.01806737296283245,0.4884832799434662
-0.006397639401257038,0.018079005181789398,0.48879775404930115
-0.006397436838597059,0.018078433349728584,0.48878228664398193
-0.0063969832845032215,0.018077149987220764,0.48874762654304504
-0.0063973842188715935,0.018078284338116646,0.4887782633304596
-0.006395281758159399,0.01807234063744545,0.48861759901046753
-0.005489479750394821,0.018062733113765717,0.488357812166214
-0.006392121780663729,0.018063414841890335,0.4883762001991272
-0.006392367649823427,0.01806410774588585,0.48839497566223145
-0.006394258700311184,0.018069451674818993,0.488539457321167
-0.005489518400281668,0.018062861636281013,0.4883612394332886
-0.00549098988994956,0.018067700788378716,0.48849213123321533
-0.006395259406417608,0.018072279170155525,0.4886159300804138
-0.0054884604178369045,0.01805937848985195,0.48826712369918823
-0.0054853144101798534,0.018049029633402824,0.4879872798919678
-0.005483049899339676,0.018041575327515602,0.4877857565879822
-0.0054815420880913734,0.01803661324083805,0.48765164613723755
-0.005481693893671036,0.018037114292383194,0.4876651465892792
-0.005480662919580936,0.018033720552921295,0.48757341504096985
-0.0063849641010165215,0.018043186515569687,0.487829327583313
-0.005480401683598757,0.01803286001086235,0.48755016922950745
-0.006381471175700426,0.018033314496278763,0.4875624477863312
-0.005482788663357496,0.018040716648101807,0.48776254057884216
-0.006387416739016771,0.018050117418169975,0.4880167245864868
-0.0054852720350027084,0.018048888072371483,0.48798346519470215
-0.005486133508384228,0.018051721155643463,0.4880601167678833
-0.006390084978193045,0.018057657405734062,0.48822057247161865
-0.005485935602337122,0.01805107109248638,0.48804253339767456
-0.005485661793500185,0.018050171434879303,0.4880181550979614
-0.005487150978296995,0.01805507019162178,0.48815062642097473
-0.005488221067935228,0.018058590590953827,0.48824581503868103
-0.005489702802151442,0.018063466995954514,0.4883776605129242
-0.005489714909344912,0.018063507974147797,0.48837873339653015
-0.006392123643308878,0.018063418567180634,0.48837634921073914
-0.0063917143270373344,0.01806226186454296,0.48834505677223206
-0.005487775430083275,0.01805712655186653,0.4882062077522278
-0.005486850626766682,0.018054082989692688,0.48812392354011536
-0.005484168883413076,0.01804525777697563,0.48788532614707947
-0.005480617750436068,0.018033573403954506,0.4875694215297699
-0.0054800258949398994,0.01803162507712841,0.48751676082611084
-0.005480180960148573,0.0180321354418993,0.48753052949905396
-0.005480572581291199,0.018033424392342567,0.48756539821624756
-0.005479654762893915,0.018030403181910515,0.4874837398529053
-0.005480208434164524,0.018032226711511612,0.48753300309181213
-0.00547921983525157,0.018028972670435905,0.48744505643844604
-0.006382487248629332,0.018036188557744026,0.4876401126384735
-0.006382460240274668,0.01803611032664776,0.487637996673584
-0.005483182612806559,0.01804201304912567,0.4877976179122925
-0.005482838023453951,0.01804087869822979,0.48776692152023315
-0.005482823587954044,0.01804083026945591,0.48776566982269287
-0.005483969580382109,0.018044602125883102,0.4878676235675812
-0.005484289024025202,0.01804565265774727,0.48789602518081665
-0.005484608933329582,0.018046706914901733,0.4879244863986969
-0.00548612279817462,0.018051685765385628,0.4880591630935669
-0.005485925357788801,0.018051035702228546,0.48804157972335815
-0.0054881577380001545,0.018058383837342262,0.48824021220207214
-0.005490600131452084,0.018066419288516045,0.48845747113227844
-0.00639562401920557,0.01807330921292305,0.4886437654495239
-0.005490010604262352,0.018064478412270546,0.4884050190448761
-0.00549111096188426,0.01806809939444065,0.4885029196739197
-0.006393858231604099,0.01806832104921341,0.48850885033607483
-0.00549010606482625,0.018064793199300766,0.4884135127067566
-0.005489352624863386,0.01806231401860714,0.48834648728370667
-0.006395799573510885,0.018073808401823044,0.4886572062969208
-0.005491928663104773,0.01807079091668129,0.48857566714286804
-0.006396107375621796,0.018074674531817436,0.4886806905269623
-0.005490128416568041,0.018064867705106735,0.48841553926467896
-0.005490986164659262,0.01806769147515297,0.48849183320999146
-0.005488408729434013,0.018059207126498222,0.48826250433921814
-0.005490505136549473,0.018066106364130974,0.4884490370750427
-0.005490127019584179,0.018064863979816437,0.4884154200553894
-0.006394274532794952,0.018069498240947723,0.4885406792163849
-0.006394659169018269,0.018070582300424576,0.48857003450393677
-0.006395289674401283,0.01807236485183239,0.48861822485923767
-0.0054895286448299885,0.01806289330124855,0.4883621335029602
-0.0063959877006709576,0.018074337393045425,0.48867157101631165
-0.006396576762199402,0.018076002597808838,0.48871657252311707
-0.006397032178938389,0.018077289685606956,0.4887513816356659
-0.00639603054150939,0.018074460327625275,0.4886748492717743
-0.006392962299287319,0.018065787851810455,0.4884403944015503
-0.00548632862046361,0.018052365630865097,0.4880774915218353
-0.0063881464302539825,0.018052177503705025,0.4880724549293518
-0.006389425601810217,0.01805579476058483,0.48817020654678345
-0.006387375295162201,0.018050000071525574,0.4880135655403137
-0.006386429537087679,0.018047329038381577,0.48794129490852356
-0.006388551089912653,0.018053323030471802,0.48810338973999023
-0.006385238375514746,0.018043961375951767,0.48785027861595154
-0.0063866074196994305,0.01804783008992672,0.48795488476753235
-0.005485340487211943,0.01804911345243454,0.4879895746707916
-0.005486467387527227,0.01805282197892666,0.48808982968330383
-0.00548519566655159,0.018048636615276337,0.48797667026519775
-0.0063910759054124355,0.018060458824038506,0.4882963001728058
-0.006390380673110485,0.018058493733406067,0.4882431924343109
-0.006392737850546837,0.018065152689814568,0.48842325806617737
-0.0054910508915781975,0.018067901954054832,0.4884975850582123
-0.006395178847014904,0.01807205192744732,0.48860976099967957
-0.006393630988895893,0.018067676573991776,0.4884914755821228
-0.0063927494920790195,0.018065188080072403,0.4884241819381714
-0.006394635420292616,0.018070515245199203,0.4885682165622711
-0.005490420386195183,0.01806582696735859,0.48844146728515625
-0.005491316318511963,0.01806877739727497,0.48852118849754333
-0.006395380012691021,0.018072620034217834,0.48862510919570923
-0.006394451949745417,0.018069997429847717,0.4885542392730713
-0.006394688040018082,0.01807066611945629,0.48857226967811584
-0.006394605152308941,0.018070431426167488,0.48856595158576965
-0.006395802833139896,0.01807381398975849,0.4886574149131775
-0.006395380944013596,0.018072621896862984,0.488625168800354
-0.006396090146154165,0.018074627965688705,0.4886793792247772
-0.006395988631993532,0.018074339255690575,0.4886716306209564
-0.006395893171429634,0.018074071034789085,0.48866432905197144
-0.006398444063961506,0.01808127760887146,0.4888592064380646
-0.006397652439773083,0.018079042434692383,0.48879873752593994
-0.005494550336152315,0.018079416826367378,0.48880890011787415
-0.006398166064172983,0.018080493435263634,0.48883798718452454
-0.006398011464625597,0.018080055713653564,0.4888261556625366
-0.006394920405000448,0.01807132177054882,0.4885900020599365
-0.006396416109055281,0.018075548112392426,0.48870429396629333
-0.006394414696842432,0.01806989125907421,0.48855137825012207
-0.006392923183739185,0.01806567795574665,0.4884374439716339
-0.006395100150257349,0.01807182841002941,0.48860374093055725
-0.006397872231900692,0.018079662695527077,0.4888155460357666
-0.0054936823435127735,0.018076561391353607,0.4887316823005676
-0.006398705765604973,0.018082017078995705,0.4888792037963867
-0.006399763282388449,0.01808500662446022,0.48896002769470215
-0.006399956997483969,0.018085554242134094,0.48897483944892883
-0.006398709956556559,0.01808203011751175,0.48887956142425537
-0.005493587348610163,0.018076250329613686,0.4887232482433319
-0.00639442540705204,0.018069922924041748,0.4885522127151489
-0.006393832620233297,0.01806824840605259,0.48850691318511963
-0.00639275973662734,0.01806521601974964,0.4884249269962311
-0.006395359523594379,0.01807256229221821,0.48862355947494507
-0.006395839620381594,0.01807391829788685,0.4886602461338043
-0.006394514814019203,0.018070176243782043,0.4885590374469757
-0.005491363350301981,0.018068931996822357,0.488525390625
-0.006397538352757692,0.018078718334436417,0.48879003524780273
-0.005492135416716337,0.01807147078216076,0.48859405517578125
-0.00639627780765295,0.018075156956911087,0.4886937141418457
-0.006393336690962315,0.01806684583425522,0.4884690046310425
-0.006392898969352245,0.01806560903787613,0.4884355664253235
-0.006395658943802118,0.01807340979576111,0.4886464476585388
-0.006394251715391874,0.01806943118572235,0.488538920879364
-0.00549012515693903,0.01806485652923584,0.4884152114391327
-0.005488783121109009,0.018060442060232162,0.4882958233356476
-0.005487906746566296,0.018057558685541153,0.48821789026260376
-0.005487348884344101,0.01805572211742401,0.48816823959350586
-0.005486224312335253,0.01805202104151249,0.48806819319725037
-0.005485073663294315,0.018048234283924103,0.48796582221984863
-0.006387756671756506,0.01805107854306698,0.4880426824092865
-0.005482126958668232,0.018038539215922356,0.48770368099212646
-0.006382633000612259,0.018036598339676857,0.4876512289047241
-0.006383751519024372,0.018039759248495102,0.48773667216300964
-0.005481120198965073,0.018035225570201874,0.48761409521102905
-0.0063852667808532715,0.018044041469693184,0.48785245418548584
-0.006383079569786787,0.018037861213088036,0.48768535256385803
-0.006383014377206564,0.01803767681121826,0.4876803457736969
-0.005480135791003704,0.01803198829293251,0.4875265657901764
-0.006387160159647465,0.018049394711852074,0.4879971444606781
-0.006390781607478857,0.0180596262216568,0.4882737994194031
-0.006391151808202267,0.018060671165585518,0.488302081823349
-0.006393271964043379,0.018066663295030594,0.4884640574455261
-0.005490666721016169,0.018066639080643654,0.4884634017944336
-0.0054892003536224365,0.018061814829707146,0.48833295702934265
-0.006391161121428013,0.018060699105262756,0.4883027970790863
-0.005487889051437378,0.018057500943541527,0.4882163107395172
-0.006392206531018019,0.018063651397824287,0.4883826673030853
-0.005487002432346344,0.018054582178592682,0.488137423992157
-0.006391935050487518,0.018062885850667953,0.4883619248867035
-0.006394948810338974,0.018071401864290237,0.4885922074317932
-0.00639370596036315,0.018067890778183937,0.48849722743034363
-0.006393071264028549,0.018066097050905228,0.48844873905181885
-0.0063931941986083984,0.018066443502902985,0.48845812678337097
-0.006394054740667343,0.01806887611746788,0.4885238707065582
-0.006395768374204636,0.01807371713221073,0.4886547923088074
-0.006393387448042631,0.01806698925793171,0.48847290873527527
-0.00548819312825799,0.018058499321341515,0.48824334144592285
-0.006389562506228685,0.01805618219077587,0.48818066716194153
-0.006387526169419289,0.018050426617264748,0.48802506923675537
-0.006385999731719494,0.018046114593744278,0.4879084825515747
-0.005482575390487909,0.018040014430880547,0.4877435564994812
-0.006386035121977329,0.018046213313937187,0.4879111647605896
-0.006387633737176657,0.018050730228424072,0.488033264875412
-0.006388899404555559,0.018054306507110596,0.48812997341156006
-0.006387544330209494,0.018050476908683777,0.4880264699459076
-0.00638582231476903,0.018045611679553986,0.4878948926925659
-0.006383636500686407,0.018039433285593987,0.4877278804779053
-0.006380625069141388,0.0180309247225523,0.48749780654907227
-0.006383350118994713,0.01803862489759922,0.4877060055732727
-0.006384716834872961,0.018042489886283875,0.4878104627132416
-0.006382742431014776,0.01803690753877163,0.4876595735549927
-0.005482490640133619,0.01803973689675331,0.4877360463142395
-0.006387419532984495,0.018050124868750572,0.48801693320274353
-0.0063897063955664635,0.018056586384773254,0.4881916642189026
-0.006392877083271742,0.018065547570586205,0.4884338974952698
-0.006392836105078459,0.018065432086586952,0.48843076825141907
-0.006390328053385019,0.01805834472179413,0.4882391393184662
-0.006392177660018206,0.01806356944143772,0.48838043212890625
-0.006393556483089924,0.01806746795773506,0.48848581314086914
-0.006390804424881935,0.018059691414237022,0.48827552795410156
-0.006392055656760931,0.018063226714730263,0.4883711636066437
-0.006393097806721926,0.018066171556711197,0.4884507656097412
-0.006394841708242893,0.018071098253130913,0.4885839819908142
-0.0063970196060836315,0.01807725429534912,0.4887503981590271
-0.006398631259799004,0.01808180846273899,0.48887354135513306
-0.006396075244992971,0.018074585124850273,0.4886782467365265
-0.006394851487129927,0.0180711280554533,0.4885847568511963
-0.006395936477929354,0.018074193969368935,0.48866766691207886
-0.006395817268639803,0.018073856830596924,0.4886585474014282
-0.006395178847014904,0.01807205192744732,0.48860976099967957
-0.006396591663360596,0.01807604357600212,0.4887177050113678
-0.0063976445235311985,0.018079020082950592,0.4887981712818146
-0.006398206111043692,0.018080607056617737,0.48884105682373047
-0.00639934791252017,0.018083833158016205,0.48892828822135925
-0.006399543955922127,0.018084388226270676,0.48894327878952026
-0.0063981227576732635,0.018080370500683784,0.4888346791267395
-0.006400269456207752,0.01808643713593483,0.4889987111091614
-0.006397946272045374,0.01807987131178379,0.4888211786746979
-0.0063960859552025795,0.01807461678981781,0.48867908120155334
-0.006396884098649025,0.01807687059044838,0.4887400269508362
-0.006395472213625908,0.018072882667183876,0.4886322021484375
-0.00639685383066535,0.018076786771416664,0.48873773217201233
-0.006396919023245573,0.018076971173286438,0.48874273896217346
-0.00639541819691658,0.01807272806763649,0.4886280298233032
-0.0063953096978366375,0.018072422593832016,0.48861977458000183
-0.006397848948836327,0.018079597502946854,0.48881375789642334
-0.00639728456735611,0.018078001216053963,0.48877063393592834
-0.006397595629096031,0.0180788803845644,0.48879438638687134
-0.006398407276719809,0.018081175163388252,0.4888564348220825
-0.00639781029894948,0.01807948760688305,0.48881080746650696
-0.006398014258593321,0.01808006502687931,0.4888263940811157
-0.005494354292750359,0.018078772351145744,0.48879146575927734
-0.006397330667823553,0.018078133463859558,0.4887741804122925
-0.006395307369530201,0.01807241514325142,0.4886195659637451
-0.0063948561437428,0.018071139231324196,0.48858508467674255
-0.006395693402737379,0.01807350665330887,0.4886491000652313
-0.006394778843969107,0.018070923164486885,0.4885792136192322
-0.005491209682077169,0.018068425357341766,0.48851171135902405
-0.005493193864822388,0.01807495579123497,0.48868823051452637
-0.0063976747915148735,0.018079105764627457,0.48880043625831604
-0.006392961367964745,0.018065785989165306,0.4884403347969055
-0.006391076371073723,0.018060458824038506,0.4882963299751282
-0.006392936687916517,0.018065715208649635,0.4884384572505951
-0.006389370188117027,0.018055638298392296,0.4881659746170044
-0.0063892267644405365,0.018055230379104614,0.48815497756004333
-0.005483280401676893,0.01804233528673649,0.4878063201904297
-0.005480527877807617,0.018033279106020927,0.48756143450737
-0.006384963635355234,0.018043184652924538,0.4878292977809906
-0.0063888905569911,0.018054282292723656,0.48812931776046753
-0.005486577283591032,0.01805318333208561,0.488099604845047
-0.0063936891965568066,0.018067840486764908,0.48849591612815857
-0.006391959264874458,0.018062954768538475,0.48836377263069153
-0.006392681505531073,0.018064994364976883,0.48841896653175354
-0.006395219825208187,0.01807216741144657,0.4886128902435303
-0.0063979532569646835,0.018079891800880432,0.48882171511650085
-0.006396810058504343,0.018076661974191666,0.4887343943119049
-0.006400348152965307,0.018086658790707588,0.4890047013759613
-0.006398836616426706,0.0180823877453804,0.488889217376709
-0.006399060133844614,0.01808302104473114,0.4889063239097595
-0.006395476404577494,0.01807289384305477,0.4886325001716614
-0.006397551856935024,0.01807875744998455,0.4887910485267639
-0.005493461154401302,0.018075834959745407,0.48871201276779175
-0.006400365382432938,0.018086709082126617,0.48900601267814636
-0.006403528153896332,0.018095646053552628,0.4892476499080658
-0.006393426563590765,0.018067099153995514,0.48847585916519165
-0.006388151552528143,0.018052194267511368,0.48807287216186523
-0.006385022308677435,0.01804335042834282,0.48783376812934875
-0.006383327767252922,0.018038563430309296,0.487704336643219
-0.00638236477971077,0.01803584024310112,0.4876307249069214
-0.006381907965987921,0.018034551292657852,0.4875958263874054
-0.006388154812157154,0.018052203580737114,0.48807311058044434
-0.006392250303179026,0.018063776195049286,0.48838600516319275
-0.006390492897480726,0.018058808520436287,0.4882517457008362
-0.006392539478838444,0.0180645938962698,0.4884081184864044
-0.00639370596036315,0.018067890778183937,0.48849722743034363
-0.006395034026354551,0.018071644008159637,0.48859870433807373
-0.006396444980055094,0.01807563006877899,0.48870649933815
-0.006400798913091421,0.018087932839989662,0.4890391230583191
-0.006397657096385956,0.018079055473208427,0.4887990951538086
-0.006395191885530949,0.018072087317705154,0.48861074447631836
-0.006395875010639429,0.018074018880724907,0.4886629581451416
-0.006398414261639118,0.018081195652484894,0.4888569712638855
-0.006396043114364147,0.01807449385523796,0.4886757731437683
-0.006393812596797943,0.018068190664052963,0.48850539326667786
-0.006392538081854582,0.0180645901709795,0.48840799927711487
-0.006391458213329315,0.01806153729557991,0.48832547664642334
-0.006390409078449011,0.018058573827147484,0.4882453382015228
-0.006388112436980009,0.018052082508802414,0.4880698621273041
-0.006383868865668774,0.018040090799331665,0.48774564266204834
-0.006382726598531008,0.018036864697933197,0.48765838146209717
-0.0063865589909255505,0.018047694116830826,0.4879511892795563
-0.005485634785145521,0.01895185187458992,0.4880157709121704
-0.006390638183802366,0.018059220165014267,0.4882628321647644
-0.0063900877721607685,0.01805766485631466,0.48822078108787537
-0.006391683127731085,0.018062174320220947,0.48834267258644104
-0.006392630282789469,0.01896735653281212,0.48841503262519836
-0.006394858006387949,0.018071146681904793,0.4885852634906769
-0.006395708303898573,0.0180735494941473,0.48865023255348206
-0.006399810314178467,0.018085138872265816,0.48896360397338867
-0.006401972379535437,0.018091250211000443,0.48912879824638367
-0.006407665554434061,0.0181073397397995,0.48956379294395447
-0.006406530272215605,0.018104130402207375,0.4894770383834839
-0.006404017563909292,0.018097028136253357,0.48928505182266235
-0.00640144944190979,0.018089771270751953,0.48908886313438416
-0.006397016812115908,0.018077244982123375,0.4887501895427704
-0.006397087126970291,0.018077444285154343,0.48875555396080017
-0.0063963825814425945,0.018075453117489815,0.488701730966568
-0.006396221462637186,0.018074998632073402,0.4886894226074219
-0.006397302728146315,0.01807805523276329,0.48877203464508057
-0.006399095989763737,0.0180831216275692,0.4889090359210968
-0.006394306663423777,0.018069587647914886,0.4885431230068207
-0.006391000933945179,0.018060246482491493,0.48829054832458496
-0.006388674955815077,0.018053675070405006,0.4881128668785095
-0.0063920048996806145,0.018965501338243484,0.4883672595024109
-0.006391045171767473,0.01896265521645546,0.48829394578933716
-0.0063905841670930386,0.01805906929075718,0.4882587194442749
-0.006391299422830343,0.018061088398098946,0.48831334710121155
-0.006395300384610891,0.018072396516799927,0.4886190593242645
-0.006399368867278099,0.01808389090001583,0.4889298677444458
-0.006400395184755325,0.018086792901158333,0.4890083074569702
-0.006397560238838196,0.01807877980172634,0.48879170417785645
-0.006396363023668528,0.018075399100780487,0.4887002408504486
-0.006396700628101826,0.018076352775096893,0.48872601985931396
-0.006397251505404711,0.0180779080837965,0.4887681007385254
-0.006396881770342588,0.01897997222840786,0.48873987793922424
-0.006398925557732582,0.018082639202475548,0.4888960123062134
-0.006400907877832651,0.018088242039084435,0.48904749751091003
-0.006402199622243643,0.018091890960931778,0.4891461730003357
-0.006404169835150242,0.01900159753859043,0.48929670453071594
-0.0064049698412418365,0.01900397054851055,0.4893578290939331
-0.006402262020856142,0.018092067912220955,0.4891509413719177
-0.006404628045856953,0.018098752945661545,0.4893316924571991
-0.006403099279850721,0.018094435334205627,0.4892148971557617
-0.006405067164450884,0.018099995329976082,0.48936527967453003
-0.0064018489792943,0.018090901896357536,0.48911938071250916
-0.006401923950761557,0.018994932994246483,0.4891251027584076
-0.00640291441231966,0.018093911930918694,0.48920077085494995
-0.006402347702533007,0.018092310056090355,0.48915746808052063
-0.006403818726539612,0.01809646748006344,0.489269882440567
-0.0064016226679086685,0.0180902611464262,0.4891020655632019
-0.006405649706721306,0.018101640045642853,0.48940974473953247
-0.00640707416459918,0.01810566708445549,0.48951858282089233
-0.006405833177268505,0.018102159723639488,0.4894237816333771
-0.006405182648450136,0.018100321292877197,0.4893740713596344
-0.006404526066035032,0.018098466098308563,0.4893239140510559
-0.006404435727745295,0.01809821091592312,0.48931702971458435
-0.006404796615242958,0.018099231645464897,0.48934459686279297
-0.006403801031410694,0.01809641718864441,0.4892685115337372
-0.006403171923011541,0.018094640225172043,0.4892204701900482
-0.006403045728802681,0.01809428073465824,0.4892107844352722
-0.006403252016752958,0.0180948656052351,0.4892265796661377
-0.006403937004506588,0.01809680089354515,0.4892789125442505
-0.006403964478522539,0.018096880987286568,0.48928102850914
-0.00640495028346777,0.018099665641784668,0.4893563389778137
-0.006405522581189871,0.0181012824177742,0.48940005898475647
-0.006402847822755575,0.018093721941113472,0.48919567465782166
-0.00640138378366828,0.01808958686888218,0.48908382654190063
-0.00639886362478137,0.01808246597647667,0.4888913035392761
-0.0063989432528615,0.018082689493894577,0.4888973534107208
-0.00639569154009223,0.01807350106537342,0.4886489510536194
-0.0063942717388272285,0.018069488927721977,0.4885404706001282
-0.006396023090928793,0.018074436113238335,0.48867425322532654
-0.006397131830453873,0.01807757094502449,0.48875898122787476
-0.006398102268576622,0.01808031275868416,0.48883309960365295
-0.006397770717740059,0.018079375848174095,0.4888077974319458
-0.006399646867066622,0.018084678798913956,0.4889511466026306
-0.006396421696990728,0.01807556487619877,0.48870471119880676
-0.006394723430275917,0.01807076670229435,0.4885749816894531
-0.006395161617547274,0.01807200349867344,0.4886084496974945
-0.006395929958671331,0.018074173480272293,0.48866716027259827
-0.006397403310984373,0.018078338354825974,0.4887797236442566
-0.006398674100637436,0.01808192953467369,0.4888768196105957
-0.006397276185452938,0.018077977001667023,0.4887699782848358
-0.006398499011993408,0.018081434071063995,0.48886343836784363
-0.006399306934326887,0.018083717674016953,0.48892515897750854
-0.006397414021193981,0.01807836815714836,0.48878052830696106
-0.006397269666194916,0.01807796210050583,0.48876953125
-0.00639619305729866,0.018074918538331985,0.4886872470378876
-0.006392577663064003,0.018064700067043304,0.488411009311676
-0.006393405608832836,0.018067041411995888,0.4884742796421051
-0.006394923198968172,0.018071327358484268,0.48859021067619324
-0.00639405706897378,0.018068881705403328,0.48852407932281494
-0.005491707008332014,0.01807006262242794,0.4885559678077698
-0.005488780792802572,0.018060432747006416,0.48829561471939087
-0.005486711394041777,0.018053622916340828,0.4881115257740021
-0.0063894097693264484,0.0180557481944561,0.48816898465156555
-0.006390134338289499,0.018057795241475105,0.4882243275642395
-0.0054876175709068775,0.018056605011224747,0.4881921410560608
-0.005487893242388964,0.018057512119412422,0.48821666836738586
-0.00638938695192337,0.018055684864521027,0.48816725611686707
-0.005485408939421177,0.018049336969852448,0.4879956543445587
-0.005486174486577511,0.018051857128739357,0.488063782453537
-0.005485134199261665,0.01804843544960022,0.4879712462425232
-0.005486967042088509,0.01805446483194828,0.4881342947483063
-0.005485954694449902,0.018051132559776306,0.48804420232772827
-0.005483449902385473,0.01804289221763611,0.4878213703632355
-0.005485622212290764,0.018050039187073708,0.4880146086215973
-0.0054848515428602695,0.018047504127025604,0.4879460632801056
-0.005484421271830797,0.01804608851671219,0.4879077672958374
-0.0063874260522425175,0.018050143495202065,0.48801741003990173
-0.00638603325933218,0.01804620772600174,0.48791101574897766
-0.005482616368681192,0.01804014854133129,0.4877472221851349
-0.006386555265635252,0.01804768294095993,0.4879508912563324
-0.005482756532728672,0.0180406104773283,0.48775970935821533
-0.006385412532836199,0.018044454976916313,0.48786360025405884
-0.006385203450918198,0.018043862655758858,0.48784759640693665
-0.005483053158968687,0.018041586503386497,0.48778608441352844
-0.005483800545334816,0.018044045194983482,0.4878525733947754
-0.005484951194375753,0.01804783195257187,0.4879549443721771
-0.0063891103491187096,0.01805490255355835,0.4881460964679718
-0.0054839919321238995,0.01804467663168907,0.48786962032318115
-0.005483949091285467,0.01804453507065773,0.48786577582359314
-0.005484650377184153,0.018046842887997627,0.4879281520843506
-0.005486542358994484,0.018053067848086357,0.4880965054035187
-0.00638911547139287,0.018054919317364693,0.48814651370048523
-0.0054857791401445866,0.018050555139780045,0.48802855610847473
-0.006389175541698933,0.018055086955428123,0.48815107345581055
-0.005484601948410273,0.018046682700514793,0.48792383074760437
-0.005483647808432579,0.01804354414343834,0.4878389835357666
-0.005483739543706179,0.018043845891952515,0.48784714937210083
-0.00548321520909667,0.018042121082544327,0.4878005087375641
-0.005485005211085081,0.018048010766506195,0.48795974254608154
-0.005484555382281542,0.018046529963612556,0.48791974782943726
-0.006386125925928354,0.01804647035896778,0.48791810870170593
-0.005484352819621563,0.018045863136649132,0.4879016876220703
-0.0054849362932145596,0.01804778352379799,0.4879536032676697
-0.005485908593982458,0.01805098168551922,0.48804008960723877
-0.005485673900693655,0.018050210550427437,0.4880192279815674
-0.005483091343194246,0.018041713163256645,0.48778948187828064
-0.00548313045874238,0.018041841685771942,0.4877929389476776
-0.005483153276145458,0.01804191619157791,0.48779499530792236
-0.005483640823513269,0.0180435199290514,0.48783835768699646
-0.00548365106806159,0.018043553456664085,0.4878392815589905
-0.006386637222021818,0.018047913908958435,0.4879571497440338
-0.00548509368672967,0.018048301339149475,0.4879676103591919
-0.005486863665282726,0.01805412396788597,0.4881250560283661
-0.006388459354639053,0.01805306226015091,0.48809635639190674
-0.005484611261636019,0.01804671436548233,0.487924724817276
-0.005486104637384415,0.018051626160740852,0.48805752396583557
-0.005487444344907999,0.018056033179163933,0.48817670345306396
-0.005489263217896223,0.01806202158331871,0.48833855986595154
-0.005491675343364477,0.018069956451654434,0.48855313658714294
-0.005490127485245466,0.018064863979816437,0.4884154498577118
-0.00548974983394146,0.01806361973285675,0.4883818030357361
-0.005490026902407408,0.018064532428979874,0.4884064793586731
-0.005488833412528038,0.018060605973005295,0.48830029368400574
-0.005487303249537945,0.018055573105812073,0.48816418647766113
-0.005487342365086079,0.01805570162832737,0.4881676733493805
-0.0054873754270374775,0.018055809661746025,0.4881706237792969
-0.005485475063323975,0.018049556761980057,0.4880015254020691
-0.006387405563145876,0.01805008575320244,0.48801589012145996
-0.005484422668814659,0.018046094104647636,0.48790791630744934
-0.005482449661940336,0.018039600923657417,0.4877323806285858
-0.005481095053255558,0.018035143613815308,0.48761188983917236
-0.005480698309838772,0.018033837899565697,0.48757660388946533
-0.00548076257109642,0.01803405024111271,0.48758232593536377
-0.005482027307152748,0.01803821139037609,0.48769479990005493
-0.005482273641973734,0.018039021641016006,0.4877167046070099
-0.005481544882059097,0.018036622554063797,0.48765188455581665
-0.005481856409460306,0.018037648871541023,0.4876796007156372
-0.006386503577232361,0.01804753579199314,0.4879469573497772
-0.006386999506503344,0.018048936501145363,0.487984836101532
-0.005486090201884508,0.01805157959461212,0.4880562424659729
-0.006390722002834082,0.01805945858359337,0.48826923966407776
-0.005487087182700634,0.018054861575365067,0.48814499378204346
-0.006390679161995649,0.01805933564901352,0.4882659614086151
-0.006390069145709276,0.01805761270225048,0.48821935057640076
-0.005487707443535328,0.018056901171803474,0.4882001280784607
-0.0054886736907064915,0.01806008256971836,0.4882861077785492
-0.006394744850695133,0.018070826306939125,0.48857662081718445
-0.0063932957127690315,0.018066730350255966,0.4884658753871918
-0.006396810058504343,0.018076661974191666,0.4887343943119049
-0.00549244275316596,0.01807248219847679,0.48862141370773315
-0.0063943457789719105,0.01806969754397869,0.48854610323905945
-0.006392897572368383,0.01806560717523098,0.4884354770183563
-0.006395542528480291,0.018073080107569695,0.4886375367641449
-0.006392505951225758,0.018064498901367188,0.4884055554866791
-0.005485613364726305,0.01805001124739647,0.4880138337612152
-0.006386350840330124,0.01804710552096367,0.48793524503707886
-0.005481309723109007,0.018035851418972015,0.4876309931278229
-0.006382330786436796,0.01803574524819851,0.48762813210487366
-0.005477712955325842,0.018024016171693802,0.4873110055923462
